ponto_id,latitude,longitude,data,ano,mes,duracao_horas,local_referencia,alvo_alagamento,altitude_m,declividade_graus,declividade_pct,distancia_rio_m,valor_oni,cenario_climatico,precipitacao_dia_mm,precipitacao_max_hora_mm,temp_media_c,umidade_relativa_media
FLOOD_00625,-23.58442,-46.58642,2019-03-11,2019,3,6.53,AV PAES DE BARROS,1,740.0,1.06,1.85,397.1,0.9,El Nino,56.6,22.0,20.6,87.4
FLOOD_01104,-23.51923,-46.67516,2019-12-14,2019,12,0.37,AV MARQ DE SAO VICENTE,1,730.0,5.87,10.29,756.3,0.8,El Nino,25.4,26.0,21.7,82.2
NOFLOOD_00283,-23.638997,-46.481816,2019-06-01,2019,6,0.0,Ponto de Controle Pseudo-Ausencia SP,0,822.0,8.11,14.25,842.8,0.6,El Nino,26.5,14.6,20.2,83.6
FLOOD_00698,-23.53704,-46.64996,2019-03-17,2019,3,0.07,AV S JOAO,1,750.0,7.87,13.82,844.3,0.9,El Nino,18.8,18.4,22.4,84.9
FLOOD_00116,-23.51923,-46.67516,2019-01-24,2019,1,1.1,AV MARQ DE SAO VICENTE,1,730.0,5.87,10.29,756.3,1.0,El Nino,21.0,29.8,23.7,78.6
NOFLOOD_00154,-23.485362,-46.701158,2019-02-07,2019,2,0.0,Ponto de Controle Pseudo-Ausencia SP,0,778.0,4.16,7.28,464.5,0.9,El Nino,0.6,1.0,20.1,79.7
NOFLOOD_00293,-23.44162,-46.520201,2019-03-02,2019,3,0.0,Ponto de Controle Pseudo-Ausencia SP,0,769.0,7.44,13.06,3049.7,0.9,El Nino,18.7,20.6,22.1,83.4
NOFLOOD_00073,-23.545644,-46.746381,2019-12-14,2019,12,0.0,Ponto de Controle Pseudo-Ausencia SP,0,765.0,5.34,9.35,968.5,0.8,El Nino,25.4,26.0,21.7,82.2
FLOOD_00445,-23.65426,-46.76376,2019-02-26,2019,2,0.15,AV CARLOS CALDEIRA FILHO,1,752.0,6.83,11.97,16.0,0.9,El Nino,52.9,14.0,20.8,86.1
NOFLOOD_01040,-23.687843,-46.461768,2019-01-17,2019,1,0.0,Ponto de Controle Pseudo-Ausencia SP,0,803.0,7.32,12.85,3837.3,1.0,El Nino,6.5,7.8,24.9,66.0
NOFLOOD_00686,-23.619061,-46.59922,2019-11-15,2019,11,0.0,Ponto de Controle Pseudo-Ausencia SP,0,785.0,3.78,6.61,205.2,0.7,El Nino,7.7,3.0,19.1,86.4
FLOOD_00791,-23.51611,-46.66687,2019-04-26,2019,4,0.42,MARGINAL TIETE,1,731.0,7.77,13.65,108.4,0.8,El Nino,13.8,10.2,22.3,82.6
NOFLOOD_00629,-23.748569,-46.514963,2019-07-04,2019,7,0.0,Ponto de Controle Pseudo-Ausencia SP,0,813.0,17.4,31.33,9837.3,0.4,Nao El Nino,65.9,10.4,16.5,89.9
FLOOD_00432,-23.568233,-46.607634,2019-02-26,2019,2,0.33,R PRES BATISTA PEREIRA,1,736.0,2.23,3.9,92.4,0.9,El Nino,52.9,14.0,20.8,86.1
FLOOD_00765,-23.59813,-46.71972,2019-04-08,2019,4,1.37,PC ROBERTO GOMES PEDROSA,1,743.0,2.3,4.01,28.7,0.8,El Nino,58.3,20.8,20.6,90.3
FLOOD_01131,-23.504518,-46.620954,2019-12-18,2019,12,0.27,AV GAL ATALIBA LEONEL,1,735.0,8.09,14.22,575.9,0.8,El Nino,5.4,3.2,20.4,86.6
FLOOD_00254,-23.594522,-46.693457,2019-02-06,2019,2,0.27,MARGINAL PINHEIROS,1,722.0,4.08,7.14,237.0,0.9,El Nino,50.5,13.4,17.8,87.6
NOFLOOD_00689,-23.735873,-46.705561,2019-03-14,2019,3,0.0,Ponto de Controle Pseudo-Ausencia SP,0,790.0,3.18,5.56,234.4,0.9,El Nino,3.3,4.6,24.1,72.8
NOFLOOD_00970,-23.663334,-46.589041,2019-04-09,2019,4,0.0,Ponto de Controle Pseudo-Ausencia SP,0,773.0,3.5,6.12,1551.1,0.8,El Nino,20.7,7.8,19.2,91.1
NOFLOOD_00173,-23.682282,-46.481266,2019-07-04,2019,7,0.0,Ponto de Controle Pseudo-Ausencia SP,0,810.0,3.75,6.55,4789.4,0.4,Nao El Nino,65.9,10.4,16.5,89.9
FLOOD_01137,-23.527774,-46.667288,2019-12-23,2019,12,0.02,R TAGIPURU,1,731.0,3.11,5.44,392.5,0.8,El Nino,60.4,67.6,21.9,79.9
FLOOD_00076,-23.516721,-46.65397,2019-01-17,2019,1,3.35,MARGINAL TIETE,1,725.0,4.06,7.09,379.8,1.0,El Nino,6.5,7.8,24.9,66.0
NOFLOOD_00842,-23.688482,-46.599766,2019-04-14,2019,4,0.0,Ponto de Controle Pseudo-Ausencia SP,0,773.0,4.79,8.38,2862.8,0.8,El Nino,12.7,5.4,20.2,84.4
NOFLOOD_01056,-23.741817,-46.557692,2019-02-20,2019,2,0.0,Ponto de Controle Pseudo-Ausencia SP,0,804.0,6.01,10.53,5518.3,0.9,El Nino,20.8,25.8,24.5,68.4
FLOOD_00277,-23.53519,-46.58146,2019-02-13,2019,2,1.42,AV CELSO GARCIA,1,734.0,0.74,1.3,846.6,0.9,El Nino,5.3,2.0,19.8,85.8
NOFLOOD_00827,-23.504046,-46.582665,2019-02-26,2019,2,0.0,Ponto de Controle Pseudo-Ausencia SP,0,765.0,2.75,4.81,275.9,0.9,El Nino,52.9,14.0,20.8,86.1
NOFLOOD_00811,-23.437324,-46.578968,2019-07-05,2019,7,0.0,Ponto de Controle Pseudo-Ausencia SP,0,809.0,3.02,5.28,443.2,0.4,Nao El Nino,56.4,8.6,13.1,90.0
FLOOD_00753,-23.53504,-46.58187,2019-04-08,2019,4,23.97,AV CELSO GARCIA,1,734.0,1.03,1.8,805.2,0.8,El Nino,58.3,20.8,20.6,90.3
NOFLOOD_00403,-23.53617,-46.53623,2019-01-30,2019,1,0.0,Ponto de Controle Pseudo-Ausencia SP,0,767.0,3.43,5.99,494.0,1.0,El Nino,24.1,38.2,26.2,63.4
FLOOD_00847,-23.64988,-46.72685,2019-07-04,2019,7,4.27,CV TREVO DE TRINTA E DOIS,1,740.0,12.07,21.39,307.9,0.4,Nao El Nino,65.9,10.4,16.5,89.9
FLOOD_00742,-23.51923,-46.67516,2019-04-06,2019,4,0.63,AV MARQ DE SAO VICENTE,1,730.0,5.87,10.29,756.3,0.8,El Nino,3.1,3.8,24.1,78.2
NOFLOOD_00338,-23.439276,-46.538317,2019-12-31,2019,12,0.0,Ponto de Controle Pseudo-Ausencia SP,0,770.0,9.06,15.94,2761.2,0.8,El Nino,0.1,0.2,23.7,69.7
FLOOD_00508,-23.61764,-46.70183,2019-03-02,2019,3,5.78,AV MAGALHAES DE CASTRO,1,733.0,2.38,4.15,494.1,0.9,El Nino,18.7,20.6,22.1,83.4
FLOOD_00555,-23.69651,-46.67516,2019-03-06,2019,3,0.62,AV EMERICO RICHTER,1,747.0,8.45,14.85,206.7,0.9,El Nino,29.9,44.0,23.3,76.7
NOFLOOD_00908,-23.655433,-46.588381,2019-12-18,2019,12,0.0,Ponto de Controle Pseudo-Ausencia SP,0,773.0,6.23,10.91,1154.5,0.8,El Nino,5.4,3.2,20.4,86.6
NOFLOOD_01074,-23.552366,-46.649767,2019-04-23,2019,4,0.0,Ponto de Controle Pseudo-Ausencia SP,0,791.0,13.14,23.35,367.6,0.8,El Nino,0.0,0.0,21.9,81.9
NOFLOOD_00661,-23.439882,-46.511119,2019-01-26,2019,1,0.0,Ponto de Controle Pseudo-Ausencia SP,0,791.0,5.01,8.76,3144.7,1.0,El Nino,7.9,8.0,21.2,76.2
NOFLOOD_00438,-23.533986,-46.68986,2019-03-17,2019,3,0.0,Ponto de Controle Pseudo-Ausencia SP,0,778.0,7.36,12.91,439.8,0.9,El Nino,18.8,18.4,22.4,84.9
FLOOD_00270,-23.48482,-46.39487,2019-02-06,2019,2,0.77,R RIO MANUEL ALVES,1,734.0,2.39,4.17,616.4,0.9,El Nino,50.5,13.4,17.8,87.6
NOFLOOD_00004,-23.573045,-46.429678,2019-03-19,2019,3,0.0,Ponto de Controle Pseudo-Ausencia SP,0,838.0,5.89,10.32,251.4,0.9,El Nino,18.6,18.0,24.8,75.3
FLOOD_00498,-23.579468,-46.710583,2019-03-02,2019,3,3.4,AV PROF FRANCISCO MORATO,1,739.0,3.08,5.38,95.2,0.9,El Nino,18.7,20.6,22.1,83.4
FLOOD_00293,-23.62586,-46.69146,2019-02-15,2019,2,1.37,AV ROQUE PETRONI JUNIOR,1,732.0,1.8,3.14,71.4,0.9,El Nino,20.9,13.8,19.9,84.7
NOFLOOD_00537,-23.613234,-46.726648,2019-09-05,2019,9,0.0,Ponto de Controle Pseudo-Ausencia SP,0,784.0,7.78,13.67,662.2,0.3,Nao El Nino,1.0,0.6,13.6,90.1
FLOOD_00443,-23.66204,-46.70603,2019-02-26,2019,2,0.82,PC DOM FRANCISCO DE SOUSA,1,733.0,3.11,5.44,89.4,0.9,El Nino,52.9,14.0,20.8,86.1
FLOOD_00831,-23.551907,-46.62349,2019-06-03,2019,6,6.27,AV ALCANTARA MACHADO,1,735.0,4.6,8.05,281.6,0.6,El Nino,12.4,4.2,17.3,87.4
FLOOD_01025,-23.53308,-46.64363,2019-11-28,2019,11,0.43,AL GLETE,1,750.0,3.29,5.75,719.3,0.7,El Nino,7.7,4.8,19.0,89.5
FLOOD_00883,-23.51548,-46.66923,2019-07-04,2019,7,12.55,AV PRES CASTELO BRANCO,1,728.0,3.67,6.41,267.3,0.4,Nao El Nino,65.9,10.4,16.5,89.9
FLOOD_00564,-23.75377,-46.68734,2019-03-06,2019,3,1.27,AV BELMIRA MARIN,1,775.0,7.87,13.81,67.9,0.9,El Nino,29.9,44.0,23.3,76.7
NOFLOOD_00555,-23.655927,-46.640836,2019-01-29,2019,1,0.0,Ponto de Controle Pseudo-Ausencia SP,0,787.0,10.56,18.63,320.1,1.0,El Nino,0.8,1.4,26.3,64.8
FLOOD_01115,-23.52248,-46.66043,2019-12-17,2019,12,0.5,AV MARQ DE SAO VICENTE,1,725.0,3.14,5.49,98.9,0.8,El Nino,5.1,4.4,23.5,70.5
FLOOD_00135,-23.549089,-46.627557,2019-01-25,2019,1,0.35,AV DO ESTADO,1,725.0,2.23,3.89,67.9,1.0,El Nino,24.6,15.4,21.9,81.9
FLOOD_01073,-23.53791,-46.64167,2019-12-10,2019,12,0.22,AV RIO BRANCO,1,754.0,5.81,10.18,221.7,0.8,El Nino,32.3,18.2,20.8,85.5
FLOOD_00423,-23.586792,-46.653024,2019-02-26,2019,2,0.67,AV VINTE E TRES DE MAIO,1,766.0,7.77,13.65,484.3,0.9,El Nino,52.9,14.0,20.8,86.1
FLOOD_00748,-23.520366,-46.74703,2019-04-07,2019,4,2.42,MARGINAL TIETE,1,725.0,2.38,4.15,564.4,0.8,El Nino,3.6,2.2,23.1,83.1
NOFLOOD_00024,-23.708499,-46.54249,2019-07-04,2019,7,0.0,Ponto de Controle Pseudo-Ausencia SP,0,801.0,3.11,5.44,6613.0,0.4,Nao El Nino,65.9,10.4,16.5,89.9
NOFLOOD_00204,-23.601588,-46.488466,2019-11-14,2019,11,0.0,Ponto de Controle Pseudo-Ausencia SP,0,787.0,8.94,15.72,233.7,0.7,El Nino,16.3,15.2,22.0,80.2
FLOOD_01016,-23.55187,-46.57712,2019-11-27,2019,11,0.32,AV SALIM FARAH MALUF,1,740.0,1.78,3.12,299.4,0.7,El Nino,25.6,22.0,22.0,75.6
NOFLOOD_00166,-23.615262,-46.72968,2019-01-06,2019,1,0.0,Ponto de Controle Pseudo-Ausencia SP,0,785.0,4.8,8.39,839.4,1.0,El Nino,24.0,14.6,23.2,80.8
FLOOD_00438,-23.541689,-46.535448,2019-02-26,2019,2,2.78,AV ARICANDUVA,1,732.0,3.11,5.44,29.2,0.9,El Nino,52.9,14.0,20.8,86.1
FLOOD_00614,-23.625838,-46.691575,2019-03-10,2019,3,1.03,AV ROQUE PETRONI JUNIOR,1,732.0,5.32,9.32,64.8,0.9,El Nino,5.7,7.8,22.9,80.5
FLOOD_00821,-23.64472,-46.725363,2019-06-01,2019,6,5.72,AV DAS NACOES UNIDAS,1,730.0,2.23,3.9,85.9,0.6,El Nino,26.5,14.6,20.2,83.6
NOFLOOD_00211,-23.552698,-46.495878,2019-11-12,2019,11,0.0,Ponto de Controle Pseudo-Ausencia SP,0,791.0,10.69,18.87,201.2,0.7,El Nino,0.5,0.4,19.0,82.6
NOFLOOD_00650,-23.588118,-46.573836,2019-03-12,2019,3,0.0,Ponto de Controle Pseudo-Ausencia SP,0,768.0,2.78,4.85,1034.9,0.9,El Nino,10.0,18.8,22.6,79.9
FLOOD_00316,-23.53593,-46.55258,2019-02-16,2019,2,1.5,AV CD DE FRONTIN,1,733.0,2.54,4.43,1077.1,0.9,El Nino,57.8,16.4,20.5,90.4
FLOOD_00643,-23.58669,-46.690609,2019-03-11,2019,3,6.32,AV DAS NACOES UNIDAS,1,728.0,1.45,2.53,366.2,0.9,El Nino,56.6,22.0,20.6,87.4
FLOOD_00784,-23.64472,-46.725363,2019-04-14,2019,4,1.82,AV DAS NACOES UNIDAS,1,730.0,2.23,3.9,85.9,0.8,El Nino,12.7,5.4,20.2,84.4
NOFLOOD_00329,-23.705308,-46.549051,2019-12-10,2019,12,0.0,Ponto de Controle Pseudo-Ausencia SP,0,776.0,4.23,7.4,6040.6,0.8,El Nino,32.3,18.2,20.8,85.5
FLOOD_00372,-23.526397,-46.682273,2019-02-21,2019,2,0.37,AV POMPEIA,1,733.0,2.75,4.81,586.8,0.9,El Nino,27.5,13.6,22.1,83.6
NOFLOOD_00551,-23.473798,-46.690184,2019-04-14,2019,4,0.0,Ponto de Controle Pseudo-Ausencia SP,0,795.0,11.92,21.11,254.3,0.8,El Nino,12.7,5.4,20.2,84.4
FLOOD_00189,-23.522908,-46.630293,2019-01-30,2019,1,0.78,AV SANTOS DUMONT,1,731.0,2.3,4.01,439.6,1.0,El Nino,24.1,38.2,26.2,63.4
NOFLOOD_00505,-23.691887,-46.566693,2019-12-11,2019,12,0.0,Ponto de Controle Pseudo-Ausencia SP,0,798.0,5.68,9.94,5071.1,0.8,El Nino,5.6,3.6,20.8,84.4
NOFLOOD_00309,-23.460675,-46.776664,2019-09-01,2019,9,0.0,Ponto de Controle Pseudo-Ausencia SP,0,907.0,12.7,22.54,492.9,0.3,Nao El Nino,26.0,6.6,17.2,86.5
NOFLOOD_00151,-23.422412,-46.673717,2019-11-15,2019,11,0.0,Ponto de Controle Pseudo-Ausencia SP,0,959.0,9.26,16.31,246.6,0.7,El Nino,7.7,3.0,19.1,86.4
NOFLOOD_00115,-23.726511,-46.695967,2019-02-26,2019,2,0.0,Ponto de Controle Pseudo-Ausencia SP,0,779.0,5.8,10.15,648.9,0.9,El Nino,52.9,14.0,20.8,86.1
FLOOD_00797,-23.54189,-46.63011,2019-04-26,2019,4,2.88,R DA CANTAREIRA,1,742.0,2.54,4.43,156.3,0.8,El Nino,13.8,10.2,22.3,82.6
FLOOD_00231,-23.54003,-46.611555,2019-02-06,2019,2,1.93,AV CELSO GARCIA,1,738.0,2.03,3.55,1343.7,0.9,El Nino,50.5,13.4,17.8,87.6
FLOOD_00062,-23.510984,-46.44867,2019-01-14,2019,1,0.08,AV VINTE E TRES DE MAIO,1,758.0,3.49,6.09,669.4,1.0,El Nino,11.1,21.2,24.4,73.6
NOFLOOD_00193,-23.660206,-46.541702,2019-04-25,2019,4,0.0,Ponto de Controle Pseudo-Ausencia SP,0,765.0,5.89,10.32,5196.7,0.8,El Nino,0.3,0.4,22.7,79.3
FLOOD_00056,-23.706408,-46.784354,2019-01-11,2019,1,0.35,ES M BOI MIRIM,1,796.0,12.07,21.39,102.7,1.0,El Nino,15.2,23.4,24.4,68.9
FLOOD_01116,-23.526943,-46.684077,2019-12-17,2019,12,0.32,R VENANCIO AIRES,1,734.0,2.39,4.17,500.0,0.8,El Nino,5.1,4.4,23.5,70.5
FLOOD_00005,-23.518399,-46.455945,2019-01-01,2019,1,0.1,AV JACU PESSEGO,1,741.0,2.3,4.01,14.2,1.0,El Nino,3.3,2.4,23.4,76.8
NOFLOOD_00141,-23.631707,-46.624953,2019-02-24,2019,2,0.0,Ponto de Controle Pseudo-Ausencia SP,0,784.0,6.09,10.67,519.8,0.9,El Nino,1.9,3.4,26.4,61.5
NOFLOOD_01051,-23.655869,-46.429646,2019-12-04,2019,12,0.0,Ponto de Controle Pseudo-Ausencia SP,0,803.0,4.01,7.0,1140.8,0.8,El Nino,4.0,6.2,20.7,79.3
NOFLOOD_00240,-23.632199,-46.498897,2019-11-14,2019,11,0.0,Ponto de Controle Pseudo-Ausencia SP,0,808.0,2.67,4.66,855.4,0.7,El Nino,16.3,15.2,22.0,80.2
NOFLOOD_01118,-23.739156,-46.5796,2019-12-23,2019,12,0.0,Ponto de Controle Pseudo-Ausencia SP,0,785.0,10.27,18.12,3462.4,0.8,El Nino,60.4,67.6,21.9,79.9
FLOOD_00081,-23.536496,-46.642458,2019-01-17,2019,1,0.63,AV RIO BRANCO,1,750.0,1.72,3.0,370.6,1.0,El Nino,6.5,7.8,24.9,66.0
FLOOD_00607,-23.5441,-46.53107,2019-03-10,2019,3,0.72,R TUMUCUMAQUE,1,736.0,4.12,7.21,37.7,0.9,El Nino,5.7,7.8,22.9,80.5
FLOOD_00981,-23.54529,-46.604978,2019-11-14,2019,11,0.53,VD BRESSER,1,741.0,2.11,3.68,459.9,0.7,El Nino,16.3,15.2,22.0,80.2
FLOOD_01113,-23.59263,-46.62053,2019-12-17,2019,12,1.08,AV DR RICARDO JAFET,1,745.0,1.93,3.37,23.2,0.8,El Nino,5.1,4.4,23.5,70.5
FLOOD_00850,-23.5187,-46.61643,2019-07-04,2019,7,16.0,AV MORVAN DIAS DE FIGUEIREDO,1,725.0,5.2,9.1,80.2,0.4,Nao El Nino,65.9,10.4,16.5,89.9
NOFLOOD_00788,-23.672131,-46.623702,2019-01-02,2019,1,0.0,Ponto de Controle Pseudo-Ausencia SP,0,786.0,5.65,9.89,1294.1,1.0,El Nino,22.2,41.2,25.4,74.2
FLOOD_01142,-23.67849,-46.68496,2019-12-23,2019,12,0.05,AV INTERLAGOS,1,746.0,1.59,2.78,41.6,0.8,El Nino,60.4,67.6,21.9,79.9
NOFLOOD_01089,-23.498202,-46.73978,2019-01-03,2019,1,0.0,Ponto de Controle Pseudo-Ausencia SP,0,777.0,9.45,16.65,483.0,1.0,El Nino,15.5,18.0,26.7,65.8
NOFLOOD_00139,-23.603586,-46.53016,2019-01-04,2019,1,0.0,Ponto de Controle Pseudo-Ausencia SP,0,792.0,13.1,23.28,688.6,1.0,El Nino,26.7,18.4,23.4,79.6
FLOOD_01063,-23.541812,-46.614768,2019-12-10,2019,12,2.72,AV RANGEL PESTANA,1,740.0,4.77,8.34,1277.1,0.8,El Nino,32.3,18.2,20.8,85.5
NOFLOOD_00267,-23.734998,-46.549077,2019-09-02,2019,9,0.0,Ponto de Controle Pseudo-Ausencia SP,0,814.0,17.16,30.87,6064.9,0.3,Nao El Nino,18.5,5.8,16.1,88.0
FLOOD_00446,-23.543261,-46.587096,2019-02-26,2019,2,0.13,AV ALCANTARA MACHADO,1,747.0,2.67,4.66,332.8,0.9,El Nino,52.9,14.0,20.8,86.1
FLOOD_00754,-23.53785,-46.64171,2019-04-08,2019,4,0.02,AV RIO BRANCO,1,754.0,5.81,10.18,227.1,0.8,El Nino,58.3,20.8,20.6,90.3
NOFLOOD_01000,-23.638036,-46.658421,2019-12-09,2019,12,0.0,Ponto de Controle Pseudo-Ausencia SP,0,778.0,4.32,7.55,261.7,0.8,El Nino,3.6,5.2,20.3,78.2
NOFLOOD_00324,-23.525503,-46.52191,2019-04-25,2019,4,0.0,Ponto de Controle Pseudo-Ausencia SP,0,779.0,8.23,14.46,594.6,0.8,El Nino,0.3,0.4,22.7,79.3
FLOOD_00552,-23.67265,-46.74347,2019-03-06,2019,3,1.22,ES M BOI MIRIM,1,743.0,7.62,13.38,59.2,0.9,El Nino,29.9,44.0,23.3,76.7
FLOOD_00067,-23.641544,-46.72416,2019-01-17,2019,1,1.85,AV DAS NACOES UNIDAS,1,728.0,4.06,7.09,314.3,1.0,El Nino,6.5,7.8,24.9,66.0
FLOOD_00144,-23.607283,-46.665577,2019-01-25,2019,1,0.8,AV IBIRAPUERA,1,754.0,2.57,4.49,814.6,1.0,El Nino,24.6,15.4,21.9,81.9
NOFLOOD_00069,-23.684978,-46.624733,2019-11-21,2019,11,0.0,Ponto de Controle Pseudo-Ausencia SP,0,788.0,6.26,10.97,1425.0,0.7,El Nino,0.0,0.0,21.8,75.6
NOFLOOD_00287,-23.604457,-46.629239,2019-04-06,2019,4,0.0,Ponto de Controle Pseudo-Ausencia SP,0,777.0,7.77,13.65,316.4,0.8,El Nino,3.1,3.8,24.1,78.2
NOFLOOD_00906,-23.742582,-46.506942,2019-11-10,2019,11,0.0,Ponto de Controle Pseudo-Ausencia SP,0,840.0,23.14,42.73,10433.7,0.7,El Nino,2.3,3.6,21.7,82.0
NOFLOOD_00717,-23.716908,-46.596996,2019-12-31,2019,12,0.0,Ponto de Controle Pseudo-Ausencia SP,0,811.0,3.91,6.83,985.7,0.8,El Nino,0.1,0.2,23.7,69.7
NOFLOOD_00929,-23.648348,-46.633914,2019-10-17,2019,10,0.0,Ponto de Controle Pseudo-Ausencia SP,0,787.0,8.06,14.16,628.8,0.5,El Nino,0.1,0.2,21.7,76.4
FLOOD_01079,-23.539557,-46.473198,2019-12-10,2019,12,0.57,AV DO CONTORNO,1,787.0,7.36,12.91,544.3,0.8,El Nino,32.3,18.2,20.8,85.5
NOFLOOD_00219,-23.491346,-46.695759,2019-02-22,2019,2,0.0,Ponto de Controle Pseudo-Ausencia SP,0,770.0,5.54,9.7,343.7,0.9,El Nino,6.3,5.4,23.0,81.4
FLOOD_00682,-23.541,-46.45593,2019-03-11,2019,3,2.32,R AMERICO SALVADOR NOVELLI,1,764.0,2.58,4.51,315.1,0.9,El Nino,56.6,22.0,20.6,87.4
FLOOD_01019,-23.543123,-46.627042,2019-11-28,2019,11,2.73,AV MERCURIO,1,735.0,1.12,1.95,261.5,0.7,El Nino,7.7,4.8,19.0,89.5
NOFLOOD_00341,-23.564413,-46.431597,2019-07-05,2019,7,0.0,Ponto de Controle Pseudo-Ausencia SP,0,803.0,6.89,12.09,380.8,0.4,Nao El Nino,56.4,8.6,13.1,90.0
FLOOD_00491,-23.55679,-46.6517,2019-03-02,2019,3,4.77,AV NOVE DE JULHO,1,769.0,7.42,13.02,223.4,0.9,El Nino,18.7,20.6,22.1,83.4
FLOOD_00163,-23.49233,-46.45655,2019-01-29,2019,1,0.4,AV GAL ASDRUBAL DA CUNHA,1,742.0,8.24,14.49,234.9,1.0,El Nino,0.8,1.4,26.3,64.8
NOFLOOD_00337,-23.609024,-46.601577,2019-03-11,2019,3,0.0,Ponto de Controle Pseudo-Ausencia SP,0,779.0,3.49,6.1,376.4,0.9,El Nino,56.6,22.0,20.6,87.4
NOFLOOD_01037,-23.727888,-46.524639,2019-02-15,2019,2,0.0,Ponto de Controle Pseudo-Ausencia SP,0,867.0,17.44,31.41,8365.4,0.9,El Nino,20.9,13.8,19.9,84.7
FLOOD_00785,-23.552991,-46.613493,2019-04-14,2019,4,4.88,AV ALCANTARA MACHADO,1,740.0,2.74,4.79,140.4,0.8,El Nino,12.7,5.4,20.2,84.4
NOFLOOD_00174,-23.701307,-46.455809,2019-01-01,2019,1,0.0,Ponto de Controle Pseudo-Ausencia SP,0,818.0,9.18,16.17,4576.6,1.0,El Nino,3.3,2.4,23.4,76.8
FLOOD_00807,-23.548401,-46.63877,2019-04-28,2019,4,0.93,TN ANHANGABAU,1,752.0,5.34,9.35,633.1,0.8,El Nino,24.4,10.2,23.2,69.4
NOFLOOD_00439,-23.73291,-46.554782,2019-12-09,2019,12,0.0,Ponto de Controle Pseudo-Ausencia SP,0,793.0,4.45,7.77,5441.8,0.8,El Nino,3.6,5.2,20.3,78.2
FLOOD_00542,-23.55717,-46.62856,2019-03-05,2019,3,1.93,R TEIXEIRA LEITE,1,734.0,2.45,4.27,240.3,0.9,El Nino,3.6,2.4,23.5,73.4
NOFLOOD_00202,-23.49948,-46.752873,2019-12-18,2019,12,0.0,Ponto de Controle Pseudo-Ausencia SP,0,774.0,7.57,13.29,644.8,0.8,El Nino,5.4,3.2,20.4,86.6
FLOOD_00787,-23.504145,-46.624797,2019-04-16,2019,4,0.23,R DARZAN,1,733.0,2.12,3.71,714.2,0.8,El Nino,4.3,8.2,22.7,77.6
NOFLOOD_00706,-23.611174,-46.465063,2019-11-30,2019,11,0.0,Ponto de Controle Pseudo-Ausencia SP,0,833.0,2.67,4.66,242.0,0.7,El Nino,0.5,0.6,21.4,78.2
NOFLOOD_00104,-23.567354,-46.656247,2019-12-13,2019,12,0.0,Ponto de Controle Pseudo-Ausencia SP,0,795.0,3.03,5.29,1008.0,0.8,El Nino,25.1,20.2,22.5,81.1
NOFLOOD_00716,-23.532437,-46.510787,2019-04-11,2019,4,0.0,Ponto de Controle Pseudo-Ausencia SP,0,786.0,3.83,6.7,592.1,0.8,El Nino,0.2,0.2,20.3,80.9
FLOOD_00777,-23.48363,-46.72269,2019-04-09,2019,4,0.6,AV RAIMUNDO PEREIRA DE MAGALHAES,1,766.0,6.21,10.89,559.2,0.8,El Nino,20.7,7.8,19.2,91.1
NOFLOOD_01145,-23.454065,-46.538198,2019-01-17,2019,1,0.0,Ponto de Controle Pseudo-Ausencia SP,0,789.0,2.8,4.9,3039.2,1.0,El Nino,6.5,7.8,24.9,66.0
NOFLOOD_00924,-23.569177,-46.429399,2019-03-20,2019,3,0.0,Ponto de Controle Pseudo-Ausencia SP,0,804.0,3.58,6.26,492.7,0.9,El Nino,10.8,14.6,21.7,81.9
FLOOD_00228,-23.774077,-46.72103,2019-02-04,2019,2,1.73,ES ECOTURISTICA DE PARELHEIROS,1,751.0,0.74,1.3,378.6,0.9,El Nino,79.5,56.0,19.9,86.9
NOFLOOD_00588,-23.650632,-46.541801,2019-11-15,2019,11,0.0,Ponto de Controle Pseudo-Ausencia SP,0,793.0,3.57,6.23,4160.8,0.7,El Nino,7.7,3.0,19.1,86.4
FLOOD_00720,-23.530723,-46.600089,2019-03-20,2019,3,1.45,AV GUILHERME COTCHING,1,728.0,3.28,5.72,1203.4,0.9,El Nino,10.8,14.6,21.7,81.9
FLOOD_00721,-23.52711,-46.74734,2019-03-21,2019,3,3.63,AV DAS NACOES UNIDAS,1,726.0,2.8,4.89,338.3,0.9,El Nino,13.7,3.2,18.4,89.7
FLOOD_00570,-23.68165,-46.69376,2019-03-07,2019,3,0.37,AV DAS NACOES UNIDAS,1,730.0,2.3,4.01,678.9,0.9,El Nino,20.0,15.8,22.9,80.6
NOFLOOD_00239,-23.457689,-46.666386,2019-03-05,2019,3,0.0,Ponto de Controle Pseudo-Ausencia SP,0,814.0,9.07,15.96,824.5,0.9,El Nino,3.6,2.4,23.5,73.4
NOFLOOD_00030,-23.594019,-46.497537,2019-04-06,2019,4,0.0,Ponto de Controle Pseudo-Ausencia SP,0,796.0,4.37,7.63,320.7,0.8,El Nino,3.1,3.8,24.1,78.2
NOFLOOD_00049,-23.460218,-46.684792,2019-01-19,2019,1,0.0,Ponto de Controle Pseudo-Ausencia SP,0,840.0,12.41,22.0,342.5,1.0,El Nino,0.9,1.8,26.2,67.7
FLOOD_00353,-23.58656,-46.54681,2019-02-20,2019,2,0.53,AV PROF LUIZ IGNACIO ANHAIA MELLO,1,761.0,2.85,4.98,311.3,0.9,El Nino,20.8,25.8,24.5,68.4
FLOOD_00558,-23.696503,-46.675202,2019-03-06,2019,3,2.97,AV NSRA DE SABARA,1,747.0,8.45,14.85,210.0,0.9,El Nino,29.9,44.0,23.3,76.7
FLOOD_00487,-23.516721,-46.65397,2019-03-02,2019,3,3.7,MARGINAL TIETE,1,725.0,4.06,7.09,379.8,0.9,El Nino,18.7,20.6,22.1,83.4
NOFLOOD_00331,-23.691104,-46.586587,2019-05-19,2019,5,0.0,Ponto de Controle Pseudo-Ausencia SP,0,785.0,2.74,4.79,3723.0,0.7,El Nino,1.8,2.8,18.4,84.7
FLOOD_00577,-23.54206,-46.64259,2019-03-07,2019,3,1.98,PC DA REPUBLICA,1,776.0,10.89,19.24,248.7,0.9,El Nino,20.0,15.8,22.9,80.6
NOFLOOD_00569,-23.594723,-46.468098,2019-09-03,2019,9,0.0,Ponto de Controle Pseudo-Ausencia SP,0,771.0,3.45,6.02,209.7,0.3,Nao El Nino,12.4,7.4,16.9,89.3
FLOOD_00690,-23.605094,-46.699032,2019-03-12,2019,3,0.32,AV MAGALHAES DE CASTRO,1,731.0,3.5,6.12,421.9,0.9,El Nino,10.0,18.8,22.6,79.9
NOFLOOD_00948,-23.520521,-46.445088,2019-11-06,2019,11,0.0,Ponto de Controle Pseudo-Ausencia SP,0,790.0,5.57,9.75,352.7,0.7,El Nino,11.0,6.2,18.7,87.3
FLOOD_00835,-23.5702,-46.70021,2019-06-03,2019,6,0.55,PTE BERNARDO GOLDFARB,1,731.0,2.8,4.9,874.2,0.6,El Nino,12.4,4.2,17.3,87.4
FLOOD_00706,-23.652303,-46.722899,2019-03-17,2019,3,1.3,AV DAS NACOES UNIDAS,1,728.0,3.1,5.41,559.6,0.9,El Nino,18.8,18.4,22.4,84.9
NOFLOOD_00443,-23.484034,-46.742847,2019-03-17,2019,3,0.0,Ponto de Controle Pseudo-Ausencia SP,0,791.0,3.57,6.23,684.6,0.9,El Nino,18.8,18.4,22.4,84.9
NOFLOOD_00543,-23.674774,-46.671827,2019-12-13,2019,12,0.0,Ponto de Controle Pseudo-Ausencia SP,0,778.0,4.42,7.72,479.8,0.8,El Nino,25.1,20.2,22.5,81.1
NOFLOOD_00167,-23.64956,-46.602655,2019-01-18,2019,1,0.0,Ponto de Controle Pseudo-Ausencia SP,0,784.0,2.54,4.43,498.2,1.0,El Nino,15.2,16.4,24.8,74.4
FLOOD_00501,-23.520582,-46.701136,2019-03-02,2019,3,1.95,R GUAICURUS,1,738.0,8.91,15.68,205.6,0.9,El Nino,18.7,20.6,22.1,83.4
NOFLOOD_01112,-23.673829,-46.440735,2019-01-04,2019,1,0.0,Ponto de Controle Pseudo-Ausencia SP,0,796.0,7.21,12.65,1203.2,1.0,El Nino,26.7,18.4,23.4,79.6
NOFLOOD_00815,-23.477369,-46.663558,2019-02-22,2019,2,0.0,Ponto de Controle Pseudo-Ausencia SP,0,788.0,8.23,14.47,781.0,0.9,El Nino,6.3,5.4,23.0,81.4
FLOOD_00842,-23.62509,-46.68634,2019-06-03,2019,6,0.25,AV SANTO AMARO,1,742.0,0.8,1.39,428.7,0.6,El Nino,12.4,4.2,17.3,87.4
FLOOD_00031,-23.543123,-46.627042,2019-01-04,2019,1,2.0,AV MERCURIO,1,735.0,1.12,1.95,261.5,1.0,El Nino,26.7,18.4,23.4,79.6
NOFLOOD_00509,-23.494459,-46.475267,2019-03-14,2019,3,0.0,Ponto de Controle Pseudo-Ausencia SP,0,766.0,5.06,8.86,532.0,0.9,El Nino,3.3,4.6,24.1,72.8
NOFLOOD_00658,-23.534996,-46.664687,2019-01-16,2019,1,0.0,Ponto de Controle Pseudo-Ausencia SP,0,769.0,9.18,16.17,205.9,1.0,El Nino,5.4,8.4,25.5,69.2
NOFLOOD_00089,-23.676007,-46.755297,2019-11-14,2019,11,0.0,Ponto de Controle Pseudo-Ausencia SP,0,786.0,5.8,10.15,575.5,0.7,El Nino,16.3,15.2,22.0,80.2
FLOOD_00236,-23.53543,-46.44642,2019-02-06,2019,2,0.52,AV JACU PESSEGO,1,775.0,6.75,11.84,362.3,0.9,El Nino,50.5,13.4,17.8,87.6
FLOOD_00308,-23.525579,-46.556499,2019-02-16,2019,2,4.62,AV AIRTON PRETINI,1,731.0,2.03,3.55,199.1,0.9,El Nino,57.8,16.4,20.5,90.4
NOFLOOD_00628,-23.555526,-46.598489,2019-04-26,2019,4,0.0,Ponto de Controle Pseudo-Ausencia SP,0,765.0,5.12,8.95,694.8,0.8,El Nino,13.8,10.2,22.3,82.6
NOFLOOD_00448,-23.555441,-46.641749,2019-04-08,2019,4,0.0,Ponto de Controle Pseudo-Ausencia SP,0,765.0,3.78,6.61,449.8,0.8,El Nino,58.3,20.8,20.6,90.3
NOFLOOD_00044,-23.645598,-46.686124,2019-11-21,2019,11,0.0,Ponto de Controle Pseudo-Ausencia SP,0,779.0,3.9,6.82,588.4,0.7,El Nino,0.0,0.0,21.8,75.6
NOFLOOD_00954,-23.724183,-46.45963,2019-01-17,2019,1,0.0,Ponto de Controle Pseudo-Ausencia SP,0,795.0,15.62,27.95,6821.6,1.0,El Nino,6.5,7.8,24.9,66.0
NOFLOOD_00430,-23.705256,-46.509966,2019-04-06,2019,4,0.0,Ponto de Controle Pseudo-Ausencia SP,0,799.0,5.78,10.11,8496.4,0.8,El Nino,3.1,3.8,24.1,78.2
FLOOD_00917,-23.52202,-46.65632,2019-09-02,2019,9,0.67,R JAMES HOLLAND,1,723.0,2.88,5.03,209.5,0.3,Nao El Nino,18.5,5.8,16.1,88.0
NOFLOOD_00949,-23.690667,-46.596611,2019-07-04,2019,7,0.0,Ponto de Controle Pseudo-Ausencia SP,0,795.0,5.21,9.12,2917.9,0.4,Nao El Nino,65.9,10.4,16.5,89.9
FLOOD_00776,-23.51561,-46.65383,2019-04-09,2019,4,1.33,MARGINAL TIETE,1,730.0,7.41,13.01,405.3,0.8,El Nino,20.7,7.8,19.2,91.1
FLOOD_00015,-23.51548,-46.66923,2019-01-03,2019,1,1.07,AV PRES CASTELO BRANCO,1,728.0,3.67,6.41,267.3,1.0,El Nino,15.5,18.0,26.7,65.8
FLOOD_01160,-23.543123,-46.627042,2019-12-23,2019,12,2.25,AV MERCURIO,1,735.0,1.12,1.95,261.5,0.8,El Nino,60.4,67.6,21.9,79.9
FLOOD_00723,-23.5904,-46.69125,2019-03-21,2019,3,3.17,AV DAS NACOES UNIDAS,1,726.0,2.7,4.72,272.1,0.9,El Nino,13.7,3.2,18.4,89.7
FLOOD_00609,-23.555116,-46.517183,2019-03-10,2019,3,2.8,AV ARICANDUVA,1,738.0,0.8,1.39,593.0,0.9,El Nino,5.7,7.8,22.9,80.5
NOFLOOD_00902,-23.683308,-46.746663,2019-04-28,2019,4,0.0,Ponto de Controle Pseudo-Ausencia SP,0,808.0,18.24,32.96,862.9,0.8,El Nino,24.4,10.2,23.2,69.4
FLOOD_00115,-23.500831,-46.614764,2019-01-24,2019,1,0.27,AV LUIZ DUMONT VILLARES,1,734.0,4.58,8.01,1031.2,1.0,El Nino,21.0,29.8,23.7,78.6
FLOOD_00527,-23.52997,-46.52777,2019-03-03,2019,3,0.83,R MARIA CARLOTA,1,742.0,4.18,7.31,133.1,0.9,El Nino,22.9,27.8,21.6,83.6
FLOOD_00242,-23.452933,-46.718635,2019-02-06,2019,2,0.43,AV RAIMUNDO PEREIRA DE MAGALHAES,1,892.0,15.89,28.46,427.2,0.9,El Nino,50.5,13.4,17.8,87.6
NOFLOOD_00037,-23.599847,-46.627717,2019-12-10,2019,12,0.0,Ponto de Controle Pseudo-Ausencia SP,0,773.0,6.95,12.18,392.6,0.8,El Nino,32.3,18.2,20.8,85.5
FLOOD_00265,-23.539783,-46.459187,2019-02-06,2019,2,1.58,AV DO CONTORNO,1,759.0,3.71,6.48,388.8,0.9,El Nino,50.5,13.4,17.8,87.6
NOFLOOD_00271,-23.564655,-46.665118,2019-04-16,2019,4,0.0,Ponto de Controle Pseudo-Ausencia SP,0,774.0,5.93,10.39,427.5,0.8,El Nino,4.3,8.2,22.7,77.6
FLOOD_00447,-23.58086,-46.69502,2019-02-26,2019,2,3.62,AV MAGALHAES DE CASTRO,1,723.0,4.45,7.77,80.5,0.9,El Nino,52.9,14.0,20.8,86.1
NOFLOOD_00571,-23.683902,-46.632691,2019-09-01,2019,9,0.0,Ponto de Controle Pseudo-Ausencia SP,0,827.0,4.79,8.38,612.7,0.3,Nao El Nino,26.0,6.6,17.2,86.5
FLOOD_00938,-23.540356,-46.62947,2019-11-05,2019,11,0.88,AV MERCURIO,1,737.0,7.31,12.83,100.5,0.7,El Nino,17.9,12.4,24.2,71.0
NOFLOOD_00400,-23.681734,-46.606147,2019-04-22,2019,4,0.0,Ponto de Controle Pseudo-Ausencia SP,0,786.0,11.18,19.77,2906.2,0.8,El Nino,1.1,2.2,22.5,78.0
FLOOD_01118,-23.527774,-46.667288,2019-12-17,2019,12,0.38,R TAGIPURU,1,731.0,3.11,5.44,392.5,0.8,El Nino,5.1,4.4,23.5,70.5
NOFLOOD_00080,-23.447235,-46.736311,2019-01-24,2019,1,0.0,Ponto de Controle Pseudo-Ausencia SP,0,846.0,12.4,21.99,560.0,1.0,El Nino,21.0,29.8,23.7,78.6
NOFLOOD_00327,-23.730116,-46.458081,2019-04-22,2019,4,0.0,Ponto de Controle Pseudo-Ausencia SP,0,785.0,16.36,29.35,7275.6,0.8,El Nino,1.1,2.2,22.5,78.0
FLOOD_00318,-23.544436,-46.593349,2019-02-16,2019,2,0.53,AV ALCANTARA MACHADO,1,744.0,4.75,8.31,210.2,0.9,El Nino,57.8,16.4,20.5,90.4
FLOOD_00815,-23.555116,-46.517183,2019-05-19,2019,5,1.2,AV ARICANDUVA,1,738.0,0.8,1.39,593.0,0.7,El Nino,1.8,2.8,18.4,84.7
FLOOD_01161,-23.511533,-46.623985,2019-12-23,2019,12,0.3,AV ZAKI NARCHI,1,726.0,0.69,1.2,283.4,0.8,El Nino,60.4,67.6,21.9,79.9
FLOOD_00326,-23.53837,-46.45614,2019-02-16,2019,2,0.02,AV ITAQUERA,1,761.0,3.31,5.78,268.4,0.9,El Nino,57.8,16.4,20.5,90.4
NOFLOOD_01006,-23.427968,-46.572652,2019-01-24,2019,1,0.0,Ponto de Controle Pseudo-Ausencia SP,0,770.0,4.81,8.41,315.2,1.0,El Nino,21.0,29.8,23.7,78.6
NOFLOOD_00697,-23.705541,-46.595449,2019-09-02,2019,9,0.0,Ponto de Controle Pseudo-Ausencia SP,0,795.0,3.83,6.69,1913.0,0.3,Nao El Nino,18.5,5.8,16.1,88.0
NOFLOOD_00653,-23.65312,-46.437889,2019-11-06,2019,11,0.0,Ponto de Controle Pseudo-Ausencia SP,0,793.0,2.56,4.48,1352.0,0.7,El Nino,11.0,6.2,18.7,87.3
FLOOD_00263,-23.49238,-46.40199,2019-02-06,2019,2,13.68,AV BRAS DA ROCHA CARDOSO,1,738.0,0.34,0.6,220.7,0.9,El Nino,50.5,13.4,17.8,87.6
FLOOD_00024,-23.62654,-46.62947,2019-01-04,2019,1,0.43,AV FAGUNDES FILHO,1,756.0,3.49,6.1,28.2,1.0,El Nino,26.7,18.4,23.4,79.6
FLOOD_00000,-23.49828,-46.40676,2019-01-01,2019,1,1.3,R MANUEL B DE LIMA,1,745.0,6.67,11.7,359.6,1.0,El Nino,3.3,2.4,23.4,76.8
NOFLOOD_00207,-23.425813,-46.749642,2019-11-12,2019,11,0.0,Ponto de Controle Pseudo-Ausencia SP,0,807.0,12.17,21.56,231.1,0.7,El Nino,0.5,0.4,19.0,82.6
FLOOD_00043,-23.536496,-46.642458,2019-01-08,2019,1,0.8,AV RIO BRANCO,1,750.0,1.72,3.0,370.6,1.0,El Nino,0.4,0.6,26.6,60.3
NOFLOOD_00517,-23.703588,-46.511676,2019-02-22,2019,2,0.0,Ponto de Controle Pseudo-Ausencia SP,0,814.0,6.26,10.97,8454.3,0.9,El Nino,6.3,5.4,23.0,81.4
NOFLOOD_00978,-23.738766,-46.557017,2019-01-11,2019,1,0.0,Ponto de Controle Pseudo-Ausencia SP,0,803.0,8.09,14.22,5440.1,1.0,El Nino,15.2,23.4,24.4,68.9
NOFLOOD_00096,-23.611381,-46.603527,2019-04-09,2019,4,0.0,Ponto de Controle Pseudo-Ausencia SP,0,780.0,3.68,6.42,251.5,0.8,El Nino,20.7,7.8,19.2,91.1
NOFLOOD_00414,-23.621807,-46.565287,2019-09-02,2019,9,0.0,Ponto de Controle Pseudo-Ausencia SP,0,793.0,3.43,5.99,1652.0,0.3,Nao El Nino,18.5,5.8,16.1,88.0
NOFLOOD_00231,-23.599153,-46.740091,2019-04-26,2019,4,0.0,Ponto de Controle Pseudo-Ausencia SP,0,771.0,2.97,5.18,390.2,0.8,El Nino,13.8,10.2,22.3,82.6
NOFLOOD_01102,-23.647038,-46.428576,2019-04-10,2019,4,0.0,Ponto de Controle Pseudo-Ausencia SP,0,842.0,15.52,27.77,1152.5,0.8,El Nino,3.7,2.2,18.4,85.8
FLOOD_00923,-23.479666,-46.381185,2019-10-17,2019,10,1.42,R CAPACHOS,1,736.0,1.06,1.85,224.3,0.5,El Nino,0.1,0.2,21.7,76.4
FLOOD_01111,-23.50392,-46.68472,2019-12-17,2019,12,0.6,AV ANTONIO MUNHOZ BONILHA,1,726.0,7.13,12.51,525.0,0.8,El Nino,5.1,4.4,23.5,70.5
FLOOD_00652,-23.58538,-46.58767,2019-03-11,2019,3,4.58,AV PROF LUIZ IGNACIO ANHAIA MELLO,1,738.0,0.8,1.39,424.0,0.9,El Nino,56.6,22.0,20.6,87.4
FLOOD_00358,-23.55772,-46.51792,2019-02-20,2019,2,0.32,AV ITAQUERA,1,743.0,2.23,3.89,501.6,0.9,El Nino,20.8,25.8,24.5,68.4
NOFLOOD_00308,-23.688517,-46.510359,2019-03-03,2019,3,0.0,Ponto de Controle Pseudo-Ausencia SP,0,797.0,9.16,16.13,6941.6,0.9,El Nino,22.9,27.8,21.6,83.6
NOFLOOD_00895,-23.572801,-46.659361,2019-12-31,2019,12,0.0,Ponto de Controle Pseudo-Ausencia SP,0,772.0,11.16,19.72,335.2,0.8,El Nino,0.1,0.2,23.7,69.7
FLOOD_01076,-23.4044,-46.75291,2019-12-10,2019,12,1.9,R FIORELLI PECCICACCO,1,739.0,4.45,7.78,250.2,0.8,El Nino,32.3,18.2,20.8,85.5
NOFLOOD_01140,-23.697007,-46.532732,2019-02-22,2019,2,0.0,Ponto de Controle Pseudo-Ausencia SP,0,805.0,2.67,4.66,7901.6,0.9,El Nino,6.3,5.4,23.0,81.4
NOFLOOD_01115,-23.650092,-46.555636,2019-12-17,2019,12,0.0,Ponto de Controle Pseudo-Ausencia SP,0,789.0,10.04,17.7,3689.0,0.8,El Nino,5.1,4.4,23.5,70.5
FLOOD_00796,-23.55936,-46.63913,2019-04-26,2019,4,0.5,AV VINTE E TRES DE MAIO,1,764.0,4.95,8.66,26.6,0.8,El Nino,13.8,10.2,22.3,82.6
NOFLOOD_00222,-23.667499,-46.549176,2019-03-17,2019,3,0.0,Ponto de Controle Pseudo-Ausencia SP,0,779.0,4.79,8.38,5366.8,0.9,El Nino,18.8,18.4,22.4,84.9
FLOOD_00430,-23.58027,-46.68333,2019-02-26,2019,2,1.27,TUN MAX FEFFER,1,743.0,7.41,13.01,653.9,0.9,El Nino,52.9,14.0,20.8,86.1
NOFLOOD_00828,-23.721924,-46.599344,2019-12-23,2019,12,0.0,Ponto de Controle Pseudo-Ausencia SP,0,815.0,9.27,16.31,738.3,0.8,El Nino,60.4,67.6,21.9,79.9
NOFLOOD_00328,-23.739527,-46.632808,2019-12-18,2019,12,0.0,Ponto de Controle Pseudo-Ausencia SP,0,767.0,5.2,9.1,1621.4,0.8,El Nino,5.4,3.2,20.4,86.6
NOFLOOD_00387,-23.650065,-46.689035,2019-01-26,2019,1,0.0,Ponto de Controle Pseudo-Ausencia SP,0,789.0,7.87,13.82,454.6,1.0,El Nino,7.9,8.0,21.2,76.2
FLOOD_00688,-23.51887,-46.66701,2019-03-12,2019,3,0.18,AV ORDEM E PROGRESSO,1,731.0,1.78,3.12,310.0,0.9,El Nino,10.0,18.8,22.6,79.9
NOFLOOD_00272,-23.452237,-46.487148,2019-09-02,2019,9,0.0,Ponto de Controle Pseudo-Ausencia SP,0,768.0,11.78,20.86,2741.0,0.3,Nao El Nino,18.5,5.8,16.1,88.0
FLOOD_01155,-23.508738,-46.600163,2019-12-23,2019,12,2.65,R CHICO PONTES,1,735.0,3.11,5.44,701.7,0.8,El Nino,60.4,67.6,21.9,79.9
FLOOD_00136,-23.53303,-46.64497,2019-01-25,2019,1,3.35,AV RIO BRANCO,1,750.0,4.59,8.02,803.2,1.0,El Nino,24.6,15.4,21.9,81.9
NOFLOOD_00161,-23.629294,-46.495354,2019-01-02,2019,1,0.0,Ponto de Controle Pseudo-Ausencia SP,0,778.0,5.57,9.75,779.4,1.0,El Nino,22.2,41.2,25.4,74.2
NOFLOOD_00678,-23.646639,-46.497162,2019-12-05,2019,12,0.0,Ponto de Controle Pseudo-Ausencia SP,0,792.0,5.2,9.1,2424.0,0.8,El Nino,14.2,22.6,23.1,80.1
FLOOD_00177,-23.51923,-46.67516,2019-01-30,2019,1,2.48,AV MARQ DE SAO VICENTE,1,730.0,5.87,10.29,756.3,1.0,El Nino,24.1,38.2,26.2,63.4
NOFLOOD_00990,-23.522544,-46.499261,2019-01-22,2019,1,0.0,Ponto de Controle Pseudo-Ausencia SP,0,774.0,6.49,11.38,252.0,1.0,El Nino,15.2,20.4,24.9,78.2
FLOOD_00887,-23.519022,-46.63012,2019-07-05,2019,7,10.72,MARGINAL TIETE,1,728.0,4.59,8.02,75.3,0.4,Nao El Nino,56.4,8.6,13.1,90.0
FLOOD_00790,-23.53993,-46.63074,2019-04-25,2019,4,0.22,R BR DE DUPRAT,1,741.0,1.93,3.37,51.3,0.8,El Nino,0.3,0.4,22.7,79.3
NOFLOOD_00917,-23.596321,-46.732554,2019-11-30,2019,11,0.0,Ponto de Controle Pseudo-Ausencia SP,0,782.0,4.46,7.8,408.1,0.7,El Nino,0.5,0.6,21.4,78.2
NOFLOOD_00820,-23.678246,-46.752207,2019-03-07,2019,3,0.0,Ponto de Controle Pseudo-Ausencia SP,0,806.0,6.67,11.7,873.0,0.9,El Nino,20.0,15.8,22.9,80.6
NOFLOOD_00082,-23.604842,-46.523124,2019-02-22,2019,2,0.0,Ponto de Controle Pseudo-Ausencia SP,0,792.0,6.89,12.09,491.2,0.9,El Nino,6.3,5.4,23.0,81.4
FLOOD_00633,-23.54098,-46.74135,2019-03-11,2019,3,4.6,AV ENG BILLINGS,1,726.0,6.77,11.87,456.8,0.9,El Nino,56.6,22.0,20.6,87.4
NOFLOOD_01114,-23.623731,-46.535486,2019-01-26,2019,1,0.0,Ponto de Controle Pseudo-Ausencia SP,0,778.0,6.09,10.67,1113.9,1.0,El Nino,7.9,8.0,21.2,76.2
FLOOD_01097,-23.542867,-46.627118,2019-12-11,2019,12,0.17,PC SAO VITO,1,730.0,3.78,6.61,272.5,0.8,El Nino,5.6,3.6,20.8,84.4
NOFLOOD_00598,-23.719326,-46.486613,2019-02-06,2019,2,0.0,Ponto de Controle Pseudo-Ausencia SP,0,828.0,16.49,29.6,8081.5,0.9,El Nino,50.5,13.4,17.8,87.6
NOFLOOD_00406,-23.688492,-46.543369,2019-03-21,2019,3,0.0,Ponto de Controle Pseudo-Ausencia SP,0,794.0,3.49,6.1,6932.4,0.9,El Nino,13.7,3.2,18.4,89.7
FLOOD_00150,-23.605695,-46.664089,2019-01-26,2019,1,3.85,AV IBIRAPUERA,1,753.0,3.81,6.66,805.7,1.0,El Nino,7.9,8.0,21.2,76.2
FLOOD_00989,-23.64472,-46.725363,2019-11-15,2019,11,0.0,AV JOAO DIAS,1,730.0,2.23,3.9,85.9,0.7,El Nino,7.7,3.0,19.1,86.4
FLOOD_01012,-23.612693,-46.699462,2019-11-27,2019,11,3.43,MARGINAL PINHEIROS,1,725.0,2.3,4.01,377.3,0.7,El Nino,25.6,22.0,22.0,75.6
NOFLOOD_00962,-23.700125,-46.619205,2019-02-04,2019,2,0.0,Ponto de Controle Pseudo-Ausencia SP,0,838.0,7.81,13.72,872.2,0.9,El Nino,79.5,56.0,19.9,86.9
FLOOD_00889,-23.52813,-46.74501,2019-07-05,2019,7,10.13,AV CARD SANTIAGO LUIZ COPELLO,1,727.0,2.75,4.81,591.0,0.4,Nao El Nino,56.4,8.6,13.1,90.0
NOFLOOD_00164,-23.594413,-46.556963,2019-07-05,2019,7,0.0,Ponto de Controle Pseudo-Ausencia SP,0,771.0,5.39,9.44,339.9,0.4,Nao El Nino,56.4,8.6,13.1,90.0
FLOOD_00373,-23.54827,-46.63882,2019-02-21,2019,2,0.78,AV VINTE E TRES DE MAIO,1,752.0,5.34,9.35,629.2,0.9,El Nino,27.5,13.6,22.1,83.6
FLOOD_00730,-23.54164,-46.53537,2019-04-06,2019,4,1.1,AV ARICANDUVA,1,734.0,5.48,9.59,19.8,0.8,El Nino,3.1,3.8,24.1,78.2
NOFLOOD_00458,-23.446095,-46.429247,2019-01-26,2019,1,0.0,Ponto de Controle Pseudo-Ausencia SP,0,791.0,8.54,15.02,3335.1,1.0,El Nino,7.9,8.0,21.2,76.2
FLOOD_00269,-23.48482,-46.39487,2019-02-06,2019,2,12.13,R RIO MANUEL ALVES,1,734.0,2.39,4.17,616.4,0.9,El Nino,50.5,13.4,17.8,87.6
NOFLOOD_00510,-23.432982,-46.546295,2019-02-04,2019,2,0.0,Ponto de Controle Pseudo-Ausencia SP,0,793.0,8.21,14.42,2060.0,0.9,El Nino,79.5,56.0,19.9,86.9
FLOOD_00041,-23.57927,-46.62562,2019-01-08,2019,1,1.53,AV LACERDA FRANCO,1,797.0,7.32,12.85,256.5,1.0,El Nino,0.4,0.6,26.6,60.3
NOFLOOD_00300,-23.574756,-46.55034,2019-01-10,2019,1,0.0,Ponto de Controle Pseudo-Ausencia SP,0,788.0,4.47,7.82,383.9,1.0,El Nino,0.0,0.0,26.4,64.0
NOFLOOD_00152,-23.619384,-46.777085,2019-11-27,2019,11,0.0,Ponto de Controle Pseudo-Ausencia SP,0,777.0,8.68,15.27,941.9,0.7,El Nino,25.6,22.0,22.0,75.6
NOFLOOD_00935,-23.446894,-46.442796,2019-12-05,2019,12,0.0,Ponto de Controle Pseudo-Ausencia SP,0,785.0,10.22,18.03,3268.1,0.8,El Nino,14.2,22.6,23.1,80.1
FLOOD_00148,-23.63872,-46.721801,2019-01-26,2019,1,1.55,AV DAS NACOES UNIDAS,1,733.0,4.42,7.72,626.2,1.0,El Nino,7.9,8.0,21.2,76.2
NOFLOOD_01107,-23.683913,-46.476149,2019-03-28,2019,3,0.0,Ponto de Controle Pseudo-Ausencia SP,0,792.0,4.45,7.78,4755.0,0.9,El Nino,2.4,1.8,20.4,81.2
NOFLOOD_00215,-23.630597,-46.649465,2019-02-06,2019,2,0.0,Ponto de Controle Pseudo-Ausencia SP,0,809.0,3.29,5.75,929.0,0.9,El Nino,50.5,13.4,17.8,87.6
NOFLOOD_00753,-23.572315,-46.427426,2019-03-02,2019,3,0.0,Ponto de Controle Pseudo-Ausencia SP,0,810.0,10.96,19.37,477.3,0.9,El Nino,18.7,20.6,22.1,83.4
FLOOD_00272,-23.606507,-46.696939,2019-02-06,2019,2,1.65,AV DAS NACOES UNIDAS,1,727.0,12.5,22.16,350.0,0.9,El Nino,50.5,13.4,17.8,87.6
FLOOD_01010,-23.62641,-46.676013,2019-11-27,2019,11,0.67,AV JORN ROBERTO MARINHO,1,743.0,3.18,5.55,262.8,0.7,El Nino,25.6,22.0,22.0,75.6
FLOOD_00879,-23.529532,-46.598306,2019-07-04,2019,7,4.78,AV GUILHERME COTCHING,1,731.0,2.85,4.98,1010.5,0.4,Nao El Nino,65.9,10.4,16.5,89.9
FLOOD_01022,-23.522372,-46.661261,2019-11-28,2019,11,1.4,AV MARQ DE SAO VICENTE,1,732.0,5.87,10.29,183.2,0.7,El Nino,7.7,4.8,19.0,89.5
NOFLOOD_00223,-23.659979,-46.45409,2019-01-25,2019,1,0.0,Ponto de Controle Pseudo-Ausencia SP,0,811.0,5.84,10.23,1923.3,1.0,El Nino,24.6,15.4,21.9,81.9
NOFLOOD_00892,-23.562256,-46.434359,2019-02-04,2019,2,0.0,Ponto de Controle Pseudo-Ausencia SP,0,820.0,4.34,7.59,441.0,0.9,El Nino,79.5,56.0,19.9,86.9
NOFLOOD_00630,-23.446016,-46.716207,2019-09-03,2019,9,0.0,Ponto de Controle Pseudo-Ausencia SP,0,866.0,4.79,8.37,297.2,0.3,Nao El Nino,12.4,7.4,16.9,89.3
NOFLOOD_01164,-23.667631,-46.523117,2019-12-18,2019,12,0.0,Ponto de Controle Pseudo-Ausencia SP,0,778.0,5.25,9.18,4990.8,0.8,El Nino,5.4,3.2,20.4,86.6
FLOOD_01162,-23.51427,-46.66661,2019-12-31,2019,12,0.98,MARGINAL TIETE,1,726.0,4.85,8.49,90.8,0.8,El Nino,0.1,0.2,23.7,69.7
FLOOD_01122,-23.844813,-46.73729,2019-12-17,2019,12,2.9,R SAO PAULO,1,812.0,13.57,24.13,408.2,0.8,El Nino,5.1,4.4,23.5,70.5
NOFLOOD_01025,-23.641992,-46.571392,2019-09-05,2019,9,0.0,Ponto de Controle Pseudo-Ausencia SP,0,783.0,7.9,13.88,1851.3,0.3,Nao El Nino,1.0,0.6,13.6,90.1
FLOOD_00278,-23.572483,-46.704846,2019-02-13,2019,2,4.52,AV VITAL BRASIL,1,732.0,3.83,6.69,873.8,0.9,El Nino,5.3,2.0,19.8,85.8
FLOOD_00029,-23.594522,-46.693457,2019-01-04,2019,1,0.3,MARGINAL PINHEIROS,1,722.0,4.08,7.14,237.0,1.0,El Nino,26.7,18.4,23.4,79.6
NOFLOOD_00018,-23.661948,-46.549254,2019-01-20,2019,1,0.0,Ponto de Controle Pseudo-Ausencia SP,0,778.0,8.72,15.33,4991.7,1.0,El Nino,13.2,9.4,24.3,77.5
FLOOD_00284,-23.66557,-46.71164,2019-02-15,2019,2,0.63,LG DO SOCORRO,1,739.0,10.06,17.75,29.5,0.9,El Nino,20.9,13.8,19.9,84.7
NOFLOOD_01161,-23.59454,-46.631334,2019-03-09,2019,3,0.0,Ponto de Controle Pseudo-Ausencia SP,0,772.0,14.41,25.69,753.6,0.9,El Nino,19.0,31.4,25.7,69.0
FLOOD_00997,-23.555116,-46.517183,2019-11-27,2019,11,0.95,AV ARICANDUVA,1,738.0,0.8,1.39,593.0,0.7,El Nino,25.6,22.0,22.0,75.6
NOFLOOD_00739,-23.632511,-46.499582,2019-01-22,2019,1,0.0,Ponto de Controle Pseudo-Ausencia SP,0,804.0,7.54,13.23,856.7,1.0,El Nino,15.2,20.4,24.9,78.2
NOFLOOD_00793,-23.44282,-46.42109,2019-11-09,2019,11,0.0,Ponto de Controle Pseudo-Ausencia SP,0,769.0,7.84,13.77,3805.6,0.7,El Nino,1.5,1.6,21.3,84.2
NOFLOOD_00473,-23.599274,-46.647189,2019-03-03,2019,3,0.0,Ponto de Controle Pseudo-Ausencia SP,0,778.0,10.17,17.94,491.0,0.9,El Nino,22.9,27.8,21.6,83.6
NOFLOOD_00734,-23.668075,-46.746517,2019-11-22,2019,11,0.0,Ponto de Controle Pseudo-Ausencia SP,0,782.0,8.6,15.13,345.5,0.7,El Nino,1.0,2.0,23.5,70.3
FLOOD_00197,-23.626249,-46.687451,2019-02-04,2019,2,1.42,AV SANTO AMARO,1,737.0,2.67,4.66,273.8,0.9,El Nino,79.5,56.0,19.9,86.9
FLOOD_00979,-23.502783,-46.684443,2019-11-14,2019,11,0.08,AV ANTONIO MUNHOZ BONILHA,1,726.0,1.8,3.14,457.3,0.7,El Nino,16.3,15.2,22.0,80.2
FLOOD_00409,-23.525579,-46.556499,2019-02-22,2019,2,3.37,AV AIRTON PRETINI,1,731.0,2.03,3.55,199.1,0.9,El Nino,6.3,5.4,23.0,81.4
NOFLOOD_00415,-23.60117,-46.7607,2019-03-12,2019,3,0.0,Ponto de Controle Pseudo-Ausencia SP,0,796.0,6.21,10.87,355.3,0.9,El Nino,10.0,18.8,22.6,79.9
FLOOD_00562,-23.61522,-46.75627,2019-03-06,2019,3,0.2,ES DO CAMPO LIMPO,1,746.0,4.88,8.54,68.3,0.9,El Nino,29.9,44.0,23.3,76.7
FLOOD_00554,-23.66167,-46.706258,2019-03-06,2019,3,1.62,AV VITOR MANZINI,1,729.0,2.07,3.61,103.0,0.9,El Nino,29.9,44.0,23.3,76.7
NOFLOOD_01109,-23.50042,-46.491646,2019-03-28,2019,3,0.0,Ponto de Controle Pseudo-Ausencia SP,0,803.0,2.74,4.79,502.5,0.9,El Nino,2.4,1.8,20.4,81.2
NOFLOOD_00699,-23.743855,-46.520963,2019-11-15,2019,11,0.0,Ponto de Controle Pseudo-Ausencia SP,0,850.0,14.27,25.43,9093.6,0.7,El Nino,7.7,3.0,19.1,86.4
FLOOD_00470,-23.58086,-46.69502,2019-02-28,2019,2,5.27,AV MAGALHAES DE CASTRO,1,723.0,4.45,7.77,80.5,0.9,El Nino,27.9,14.2,20.5,90.2
FLOOD_01004,-23.61585,-46.627199,2019-11-27,2019,11,0.22,R GAL CHAGAS SANTOS,1,756.0,4.51,7.89,29.2,0.7,El Nino,25.6,22.0,22.0,75.6
NOFLOOD_00691,-23.577947,-46.481327,2019-12-11,2019,12,0.0,Ponto de Controle Pseudo-Ausencia SP,0,810.0,5.81,10.18,320.4,0.8,El Nino,5.6,3.6,20.8,84.4
NOFLOOD_00199,-23.694516,-46.596226,2019-01-20,2019,1,0.0,Ponto de Controle Pseudo-Ausencia SP,0,822.0,4.47,7.82,2688.5,1.0,El Nino,13.2,9.4,24.3,77.5
FLOOD_00968,-23.53306,-46.450984,2019-11-06,2019,11,0.12,AV JOSE PINHEIRO BORGES,1,759.0,2.7,4.72,12.6,0.7,El Nino,11.0,6.2,18.7,87.3
NOFLOOD_00190,-23.445893,-46.653632,2019-02-06,2019,2,0.0,Ponto de Controle Pseudo-Ausencia SP,0,884.0,7.36,12.91,266.0,0.9,El Nino,50.5,13.4,17.8,87.6
NOFLOOD_01060,-23.433984,-46.428698,2019-03-21,2019,3,0.0,Ponto de Controle Pseudo-Ausencia SP,0,796.0,3.31,5.78,4677.9,0.9,El Nino,13.7,3.2,18.4,89.7
FLOOD_00433,-23.520366,-46.74703,2019-02-26,2019,2,0.43,MARGINAL TIETE,1,725.0,2.38,4.15,564.4,0.9,El Nino,52.9,14.0,20.8,86.1
NOFLOOD_01162,-23.513263,-46.464366,2019-01-18,2019,1,0.0,Ponto de Controle Pseudo-Ausencia SP,0,768.0,4.47,7.81,380.1,1.0,El Nino,15.2,16.4,24.8,74.4
FLOOD_00645,-23.52127,-46.66829,2019-03-11,2019,3,6.78,AV MARQ DE SAO VICENTE,1,723.0,1.39,2.44,400.9,0.9,El Nino,56.6,22.0,20.6,87.4
FLOOD_00370,-23.774077,-46.72103,2019-02-21,2019,2,1.58,ES ECOTURISTICA DE PARELHEIROS,1,751.0,0.74,1.3,378.6,0.9,El Nino,27.5,13.6,22.1,83.6
FLOOD_00817,-23.54185,-46.53527,2019-05-19,2019,5,1.62,AV ARICANDUVA,1,736.0,3.11,5.44,30.9,0.7,El Nino,1.8,2.8,18.4,84.7
FLOOD_00873,-23.55347,-46.51809,2019-07-04,2019,7,0.68,AV ARICANDUVA,1,733.0,1.65,2.88,475.1,0.4,Nao El Nino,65.9,10.4,16.5,89.9
NOFLOOD_00063,-23.525759,-46.476282,2019-03-09,2019,3,0.0,Ponto de Controle Pseudo-Ausencia SP,0,797.0,3.23,5.64,647.8,0.9,El Nino,19.0,31.4,25.7,69.0
FLOOD_00457,-23.59796,-46.67386,2019-02-26,2019,2,0.07,AV SANTO AMARO,1,737.0,3.31,5.78,27.1,0.9,El Nino,52.9,14.0,20.8,86.1
NOFLOOD_00870,-23.428187,-46.559654,2019-01-29,2019,1,0.0,Ponto de Controle Pseudo-Ausencia SP,0,796.0,9.07,15.96,609.4,1.0,El Nino,0.8,1.4,26.3,64.8
NOFLOOD_00346,-23.448008,-46.581251,2019-12-23,2019,12,0.0,Ponto de Controle Pseudo-Ausencia SP,0,827.0,12.36,21.9,205.9,0.8,El Nino,60.4,67.6,21.9,79.9
FLOOD_00287,-23.50392,-46.68472,2019-02-15,2019,2,0.2,AV ANTONIO MUNHOZ BONILHA,1,726.0,7.13,12.51,525.0,0.9,El Nino,20.9,13.8,19.9,84.7
FLOOD_01054,-23.53594,-46.490492,2019-12-10,2019,12,0.75,R DR LUIZ AYRES,1,792.0,4.6,8.05,473.2,0.8,El Nino,32.3,18.2,20.8,85.5
NOFLOOD_01100,-23.709207,-46.740286,2019-01-24,2019,1,0.0,Ponto de Controle Pseudo-Ausencia SP,0,796.0,10.55,18.63,1660.1,1.0,El Nino,21.0,29.8,23.7,78.6
FLOOD_00774,-23.56612,-46.66946,2019-04-09,2019,4,3.45,R ESTADOS UNIDOS,1,760.0,2.41,4.21,189.9,0.8,El Nino,20.7,7.8,19.2,91.1
FLOOD_00156,-23.607188,-46.665687,2019-01-26,2019,1,3.23,AV IBIRAPUERA,1,754.0,2.57,4.49,821.0,1.0,El Nino,7.9,8.0,21.2,76.2
FLOOD_00237,-23.52456,-46.73674,2019-02-06,2019,2,0.23,AV IMP LEOPOLDINA,1,729.0,3.71,6.48,124.4,0.9,El Nino,50.5,13.4,17.8,87.6
FLOOD_00825,-23.56656,-46.66902,2019-06-03,2019,6,0.22,R ESTADOS UNIDOS,1,755.0,6.21,10.88,237.4,0.6,El Nino,12.4,4.2,17.3,87.4
FLOOD_00747,-23.528109,-46.597376,2019-04-07,2019,4,3.68,MARGINAL TIETE,1,725.0,8.44,14.83,923.2,0.8,El Nino,3.6,2.2,23.1,83.1
FLOOD_00648,-23.52525,-46.61413,2019-03-11,2019,3,3.73,R DR MIGUEL PAULO CAPALBO,1,730.0,1.45,2.53,385.9,0.9,El Nino,56.6,22.0,20.6,87.4
FLOOD_01027,-23.548047,-46.526176,2019-11-30,2019,11,0.62,AV ARICANDUVA,1,736.0,1.02,1.77,174.0,0.7,El Nino,0.5,0.6,21.4,78.2
FLOOD_00604,-23.555527,-46.627621,2019-03-10,2019,3,3.6,VD LESTE-OESTE,1,732.0,5.83,10.2,126.2,0.9,El Nino,5.7,7.8,22.9,80.5
FLOOD_00275,-23.48482,-46.39487,2019-02-07,2019,2,12.13,R RIO MANUEL ALVES,1,734.0,2.39,4.17,616.4,0.9,El Nino,0.6,1.0,20.1,79.7
NOFLOOD_00955,-23.558723,-46.559306,2019-03-10,2019,3,0.0,Ponto de Controle Pseudo-Ausencia SP,0,780.0,4.79,8.38,950.4,0.9,El Nino,5.7,7.8,22.9,80.5
FLOOD_00153,-23.626336,-46.68747,2019-01-26,2019,1,0.77,AV SANTO AMARO,1,736.0,0.47,0.81,269.4,1.0,El Nino,7.9,8.0,21.2,76.2
NOFLOOD_00964,-23.73908,-46.425734,2019-01-25,2019,1,0.0,Ponto de Controle Pseudo-Ausencia SP,0,783.0,17.15,30.86,7166.8,1.0,El Nino,24.6,15.4,21.9,81.9
NOFLOOD_00353,-23.689264,-46.459829,2019-11-12,2019,11,0.0,Ponto de Controle Pseudo-Ausencia SP,0,826.0,11.35,20.07,3791.7,0.7,El Nino,0.5,0.4,19.0,82.6
NOFLOOD_00959,-23.724635,-46.497845,2019-02-25,2019,2,0.0,Ponto de Controle Pseudo-Ausencia SP,0,806.0,15.27,27.3,9303.0,0.9,El Nino,6.6,13.2,26.0,63.1
FLOOD_00768,-23.56209,-46.70694,2019-04-09,2019,4,4.72,AV MAGALHAES DE CASTRO,1,730.0,4.6,8.05,254.9,0.8,El Nino,20.7,7.8,19.2,91.1
NOFLOOD_00993,-23.72008,-46.587535,2019-03-10,2019,3,0.0,Ponto de Controle Pseudo-Ausencia SP,0,796.0,8.52,14.98,1901.2,0.9,El Nino,5.7,7.8,22.9,80.5
FLOOD_00557,-23.66748,-46.72947,2019-03-06,2019,3,1.32,AV GUARAPIRANGA,1,742.0,2.74,4.79,248.9,0.9,El Nino,29.9,44.0,23.3,76.7
FLOOD_00560,-23.67146,-46.74089,2019-03-06,2019,3,0.85,ES M BOI MIRIM,1,752.0,5.18,9.07,141.6,0.9,El Nino,29.9,44.0,23.3,76.7
NOFLOOD_00894,-23.591894,-46.60918,2019-01-06,2019,1,0.0,Ponto de Controle Pseudo-Ausencia SP,0,792.0,5.93,10.4,451.5,1.0,El Nino,24.0,14.6,23.2,80.8
NOFLOOD_00960,-23.466907,-46.774887,2019-01-20,2019,1,0.0,Ponto de Controle Pseudo-Ausencia SP,0,822.0,10.09,17.8,635.7,1.0,El Nino,13.2,9.4,24.3,77.5
NOFLOOD_01042,-23.682595,-46.437242,2019-01-03,2019,1,0.0,Ponto de Controle Pseudo-Ausencia SP,0,826.0,6.33,11.1,1903.3,1.0,El Nino,15.5,18.0,26.7,65.8
FLOOD_00522,-23.68444,-46.69226,2019-03-03,2019,3,0.85,AC A AV DAS NACOES UNIDAS,1,732.0,2.12,3.71,487.8,0.9,El Nino,22.9,27.8,21.6,83.6
NOFLOOD_00770,-23.437504,-46.608256,2019-01-02,2019,1,0.0,Ponto de Controle Pseudo-Ausencia SP,0,804.0,17.55,31.63,294.1,1.0,El Nino,22.2,41.2,25.4,74.2
NOFLOOD_00144,-23.545496,-46.693301,2019-09-03,2019,9,0.0,Ponto de Controle Pseudo-Ausencia SP,0,829.0,7.84,13.77,571.7,0.3,Nao El Nino,12.4,7.4,16.9,89.3
NOFLOOD_00043,-23.553809,-46.557023,2019-04-07,2019,4,0.0,Ponto de Controle Pseudo-Ausencia SP,0,796.0,5.21,9.12,843.3,0.8,El Nino,3.6,2.2,23.1,83.1
FLOOD_01148,-23.507208,-46.624777,2019-12-23,2019,12,1.6,AV GAL ATALIBA LEONEL,1,732.0,3.83,6.69,453.2,0.8,El Nino,60.4,67.6,21.9,79.9
NOFLOOD_00060,-23.676435,-46.542388,2019-03-28,2019,3,0.0,Ponto de Controle Pseudo-Ausencia SP,0,805.0,2.8,4.89,6365.4,0.9,El Nino,2.4,1.8,20.4,81.2
NOFLOOD_01120,-23.567251,-46.585819,2019-04-22,2019,4,0.0,Ponto de Controle Pseudo-Ausencia SP,0,795.0,3.31,5.78,405.4,0.8,El Nino,1.1,2.2,22.5,78.0
FLOOD_00752,-23.445944,-46.590018,2019-04-07,2019,4,2.25,TRAV FOZ DO TEJO,1,752.0,4.92,8.6,306.0,0.8,El Nino,3.6,2.2,23.1,83.1
NOFLOOD_00318,-23.746226,-46.544674,2019-11-28,2019,11,0.0,Ponto de Controle Pseudo-Ausencia SP,0,852.0,4.45,7.78,6926.6,0.7,El Nino,7.7,4.8,19.0,89.5
NOFLOOD_00191,-23.617741,-46.728925,2019-11-10,2019,11,0.0,Ponto de Controle Pseudo-Ausencia SP,0,807.0,8.63,15.18,594.4,0.7,El Nino,2.3,3.6,21.7,82.0
FLOOD_00856,-23.53158,-46.62642,2019-07-04,2019,7,0.17,AV DO ESTADO,1,727.0,3.11,5.44,815.8,0.4,Nao El Nino,65.9,10.4,16.5,89.9
NOFLOOD_01029,-23.51791,-46.471148,2019-12-13,2019,12,0.0,Ponto de Controle Pseudo-Ausencia SP,0,803.0,3.04,5.32,290.0,0.8,El Nino,25.1,20.2,22.5,81.1
NOFLOOD_00941,-23.739709,-46.624582,2019-09-05,2019,9,0.0,Ponto de Controle Pseudo-Ausencia SP,0,772.0,11.26,19.91,2255.6,0.3,Nao El Nino,1.0,0.6,13.6,90.1
NOFLOOD_00225,-23.442944,-46.630637,2019-03-21,2019,3,0.0,Ponto de Controle Pseudo-Ausencia SP,0,880.0,17.04,30.66,219.6,0.9,El Nino,13.7,3.2,18.4,89.7
FLOOD_00155,-23.61336,-46.66997,2019-01-26,2019,1,0.48,AV DOS BANDEIRANTES,1,751.0,4.46,7.8,16.9,1.0,El Nino,7.9,8.0,21.2,76.2
NOFLOOD_00695,-23.69535,-46.752248,2019-11-12,2019,11,0.0,Ponto de Controle Pseudo-Ausencia SP,0,774.0,10.66,18.83,378.7,0.7,El Nino,0.5,0.4,19.0,82.6
NOFLOOD_00712,-23.666301,-46.472208,2019-04-08,2019,4,0.0,Ponto de Controle Pseudo-Ausencia SP,0,801.0,3.91,6.83,2793.5,0.8,El Nino,58.3,20.8,20.6,90.3
NOFLOOD_00850,-23.706515,-46.54511,2019-09-03,2019,9,0.0,Ponto de Controle Pseudo-Ausencia SP,0,787.0,8.82,15.52,6397.3,0.3,Nao El Nino,12.4,7.4,16.9,89.3
NOFLOOD_00873,-23.453481,-46.434244,2019-01-01,2019,1,0.0,Ponto de Controle Pseudo-Ausencia SP,0,775.0,8.13,14.28,2469.1,1.0,El Nino,3.3,2.4,23.4,76.8
NOFLOOD_00527,-23.684107,-46.770735,2019-01-30,2019,1,0.0,Ponto de Controle Pseudo-Ausencia SP,0,829.0,5.93,10.4,246.1,1.0,El Nino,24.1,38.2,26.2,63.4
FLOOD_00101,-23.551349,-46.640349,2019-01-22,2019,1,1.25,R MARIA PAULA,1,785.0,25.6,47.91,492.7,1.0,El Nino,15.2,20.4,24.9,78.2
NOFLOOD_00053,-23.72517,-46.462082,2019-01-26,2019,1,0.0,Ponto de Controle Pseudo-Ausencia SP,0,792.0,19.87,36.14,7059.3,1.0,El Nino,7.9,8.0,21.2,76.2
NOFLOOD_00621,-23.593866,-46.54342,2019-12-05,2019,12,0.0,Ponto de Controle Pseudo-Ausencia SP,0,789.0,9.47,16.68,285.0,0.8,El Nino,14.2,22.6,23.1,80.1
FLOOD_00859,-23.55967,-46.71208,2019-07-04,2019,7,0.68,MARGINAL PINHEIROS,1,724.0,2.4,4.2,187.0,0.4,Nao El Nino,65.9,10.4,16.5,89.9
FLOOD_00218,-23.586921,-46.591215,2019-02-04,2019,2,6.03,AV PROF LUIZ IGNACIO ANHAIA MELLO,1,738.0,1.65,2.88,731.6,0.9,El Nino,79.5,56.0,19.9,86.9
FLOOD_00966,-23.55187,-46.57712,2019-11-05,2019,11,6.55,AV SALIM FARAH MALUF,1,740.0,1.78,3.12,299.4,0.7,El Nino,17.9,12.4,24.2,71.0
FLOOD_00259,-23.55452,-46.62826,2019-02-06,2019,2,0.78,R GLICERIO,1,736.0,1.72,3.0,44.5,0.9,El Nino,50.5,13.4,17.8,87.6
NOFLOOD_00355,-23.613911,-46.476684,2019-02-21,2019,2,0.0,Ponto de Controle Pseudo-Ausencia SP,0,819.0,3.49,6.09,426.2,0.9,El Nino,27.5,13.6,22.1,83.6
FLOOD_00361,-23.5525,-46.7416,2019-02-21,2019,2,0.27,AV JAGUARE,1,730.0,1.12,1.95,493.0,0.9,El Nino,27.5,13.6,22.1,83.6
FLOOD_00801,-23.55225,-46.62308,2019-04-26,2019,4,1.68,AV ALCANTARA MACHADO,1,730.0,10.22,18.03,327.4,0.8,El Nino,13.8,10.2,22.3,82.6
NOFLOOD_00808,-23.730761,-46.557904,2019-05-19,2019,5,0.0,Ponto de Controle Pseudo-Ausencia SP,0,787.0,7.58,13.3,5073.1,0.7,El Nino,1.8,2.8,18.4,84.7
FLOOD_00640,-23.53036,-46.62646,2019-03-11,2019,3,3.98,R TIBIRICA,1,727.0,3.55,6.21,773.3,0.9,El Nino,56.6,22.0,20.6,87.4
FLOOD_00046,-23.6094,-46.69777,2019-01-10,2019,1,2.32,PTE OCTAVIO FRIAS DE OLIVEIRA,1,738.0,6.98,12.24,333.6,1.0,El Nino,0.0,0.0,26.4,64.0
NOFLOOD_01044,-23.611357,-46.514425,2019-01-03,2019,1,0.0,Ponto de Controle Pseudo-Ausencia SP,0,805.0,5.57,9.75,446.8,1.0,El Nino,15.5,18.0,26.7,65.8
FLOOD_00411,-23.507707,-46.747265,2019-02-22,2019,2,0.25,AV ELISIO CORDEIRO DE SIQUEIRA,1,732.0,2.06,3.6,449.9,0.9,El Nino,6.3,5.4,23.0,81.4
FLOOD_00072,-23.572483,-46.704846,2019-01-17,2019,1,1.42,AV VITAL BRASIL,1,732.0,3.83,6.69,873.8,1.0,El Nino,6.5,7.8,24.9,66.0
NOFLOOD_00284,-23.662375,-46.543987,2019-12-23,2019,12,0.0,Ponto de Controle Pseudo-Ausencia SP,0,792.0,9.39,16.54,5440.0,0.8,El Nino,60.4,67.6,21.9,79.9
FLOOD_00026,-23.62074,-46.6278,2019-01-04,2019,1,0.28,AV PROF ABRAAO DE MORAIS,1,757.0,4.08,7.14,263.1,1.0,El Nino,26.7,18.4,23.4,79.6
FLOOD_00900,-23.572483,-46.704846,2019-07-05,2019,7,0.07,AV VITAL BRASIL,1,732.0,3.83,6.69,873.8,0.4,Nao El Nino,56.4,8.6,13.1,90.0
NOFLOOD_00758,-23.578091,-46.617896,2019-01-30,2019,1,0.0,Ponto de Controle Pseudo-Ausencia SP,0,772.0,8.48,14.9,374.5,1.0,El Nino,24.1,38.2,26.2,63.4
NOFLOOD_00797,-23.736969,-46.525615,2019-07-05,2019,7,0.0,Ponto de Controle Pseudo-Ausencia SP,0,858.0,25.21,47.08,8436.2,0.4,Nao El Nino,56.4,8.6,13.1,90.0
FLOOD_00492,-23.55391,-46.71883,2019-03-02,2019,3,6.63,AV DAS NACOES UNIDAS,1,724.0,4.11,7.18,852.5,0.9,El Nino,18.7,20.6,22.1,83.4
FLOOD_00003,-23.40392,-46.75312,2019-01-01,2019,1,4.93,PC INACIO DIAS,1,743.0,7.23,12.69,283.5,1.0,El Nino,3.3,2.4,23.4,76.8
FLOOD_00322,-23.519022,-46.63012,2019-02-16,2019,2,5.17,MARGINAL TIETE,1,728.0,4.59,8.02,75.3,0.9,El Nino,57.8,16.4,20.5,90.4
NOFLOOD_00445,-23.727424,-46.577215,2019-11-05,2019,11,0.0,Ponto de Controle Pseudo-Ausencia SP,0,802.0,3.75,6.55,3074.6,0.7,El Nino,17.9,12.4,24.2,71.0
FLOOD_00680,-23.51548,-46.66923,2019-03-11,2019,3,0.35,AV PRES CASTELO BRANCO,1,728.0,3.67,6.41,267.3,0.9,El Nino,56.6,22.0,20.6,87.4
FLOOD_00164,-23.53704,-46.64996,2019-01-29,2019,1,0.02,AV S JOAO,1,750.0,7.87,13.82,844.3,1.0,El Nino,0.8,1.4,26.3,64.8
NOFLOOD_00923,-23.642463,-46.546197,2019-03-04,2019,3,0.0,Ponto de Controle Pseudo-Ausencia SP,0,802.0,9.03,15.88,3445.2,0.9,El Nino,4.0,4.6,22.2,77.6
NOFLOOD_00317,-23.641224,-46.570314,2019-09-02,2019,9,0.0,Ponto de Controle Pseudo-Ausencia SP,0,787.0,4.3,7.52,1899.9,0.3,Nao El Nino,18.5,5.8,16.1,88.0
NOFLOOD_01018,-23.580082,-46.754491,2019-02-22,2019,2,0.0,Ponto de Controle Pseudo-Ausencia SP,0,787.0,5.39,9.44,428.9,0.9,El Nino,6.3,5.4,23.0,81.4
FLOOD_01044,-23.406611,-46.750557,2019-12-09,2019,12,1.0,R BERNARDO JOSE DE LORENA,1,744.0,2.9,5.06,159.5,0.8,El Nino,3.6,5.2,20.3,78.2
FLOOD_00924,-23.684293,-46.691685,2019-10-28,2019,10,6.05,R MIGUEL YUNES,1,731.0,0.51,0.89,541.9,0.5,El Nino,21.3,12.0,24.7,60.2
FLOOD_00463,-23.51534,-46.64425,2019-02-26,2019,2,0.22,AV OLAVO FONTOURA,1,727.0,1.12,1.95,355.9,0.9,El Nino,52.9,14.0,20.8,86.1
NOFLOOD_00103,-23.488332,-46.746501,2019-02-20,2019,2,0.0,Ponto de Controle Pseudo-Ausencia SP,0,768.0,12.9,22.9,227.3,0.9,El Nino,20.8,25.8,24.5,68.4
FLOOD_00573,-23.5147,-46.63955,2019-03-07,2019,3,0.43,AV OLAVO FONTOURA,1,730.0,1.79,3.13,396.7,0.9,El Nino,20.0,15.8,22.9,80.6
NOFLOOD_00803,-23.718235,-46.542799,2019-01-08,2019,1,0.0,Ponto de Controle Pseudo-Ausencia SP,0,814.0,6.01,10.53,6465.8,1.0,El Nino,0.4,0.6,26.6,60.3
NOFLOOD_00140,-23.734823,-46.493388,2019-03-03,2019,3,0.0,Ponto de Controle Pseudo-Ausencia SP,0,781.0,12.27,21.75,9831.5,0.9,El Nino,22.9,27.8,21.6,83.6
NOFLOOD_00836,-23.546072,-46.760889,2019-11-14,2019,11,0.0,Ponto de Controle Pseudo-Ausencia SP,0,786.0,6.85,12.02,1536.4,0.7,El Nino,16.3,15.2,22.0,80.2
FLOOD_00543,-23.602004,-46.718565,2019-03-05,2019,3,0.23,AV JULES RIMET,1,750.0,4.77,8.34,311.0,0.9,El Nino,3.6,2.4,23.5,73.4
FLOOD_00422,-23.53705,-46.64988,2019-02-26,2019,2,2.0,AV S JOAO,1,750.0,7.87,13.82,836.3,0.9,El Nino,52.9,14.0,20.8,86.1
FLOOD_01030,-23.507871,-46.747699,2019-12-05,2019,12,0.58,AV CANDIDO PORTINARI,1,733.0,2.08,3.64,411.0,0.8,El Nino,14.2,22.6,23.1,80.1
FLOOD_00169,-23.504145,-46.624797,2019-01-30,2019,1,0.83,R DARZAN,1,733.0,2.12,3.71,714.2,1.0,El Nino,24.1,38.2,26.2,63.4
FLOOD_00375,-23.526943,-46.684077,2019-02-21,2019,2,0.33,R BR DO BANANAL,1,734.0,2.39,4.17,500.0,0.9,El Nino,27.5,13.6,22.1,83.6
FLOOD_00724,-23.58086,-46.69502,2019-03-21,2019,3,3.12,AV MAGALHAES DE CASTRO,1,723.0,4.45,7.77,80.5,0.9,El Nino,13.7,3.2,18.4,89.7
NOFLOOD_00357,-23.567958,-46.775734,2019-05-19,2019,5,0.0,Ponto de Controle Pseudo-Ausencia SP,0,802.0,6.18,10.83,354.6,0.7,El Nino,1.8,2.8,18.4,84.7
FLOOD_00384,-23.544053,-46.732855,2019-02-21,2019,2,0.82,AV QUEIROZ FILHO,1,730.0,6.09,10.67,259.2,0.9,El Nino,27.5,13.6,22.1,83.6
FLOOD_00954,-23.610866,-46.628168,2019-11-05,2019,11,0.63,AV PROF ABRAAO DE MORAIS,1,749.0,1.29,2.25,248.9,0.7,El Nino,17.9,12.4,24.2,71.0
NOFLOOD_00692,-23.69263,-46.544677,2019-03-14,2019,3,0.0,Ponto de Controle Pseudo-Ausencia SP,0,801.0,3.57,6.23,6952.9,0.9,El Nino,3.3,4.6,24.1,72.8
NOFLOOD_00404,-23.443126,-46.513424,2019-05-05,2019,5,0.0,Ponto de Controle Pseudo-Ausencia SP,0,781.0,5.09,8.9,2783.2,0.7,El Nino,2.3,3.0,22.4,76.4
NOFLOOD_00386,-23.521364,-46.485172,2019-04-06,2019,4,0.0,Ponto de Controle Pseudo-Ausencia SP,0,805.0,7.7,13.52,552.3,0.8,El Nino,3.1,3.8,24.1,78.2
FLOOD_01023,-23.555724,-46.577416,2019-11-28,2019,11,0.68,AV SALIM FARAH MALUF,1,746.0,6.01,10.53,138.8,0.7,El Nino,7.7,4.8,19.0,89.5
NOFLOOD_00373,-23.725743,-46.68353,2019-03-19,2019,3,0.0,Ponto de Controle Pseudo-Ausencia SP,0,792.0,11.67,20.65,380.5,0.9,El Nino,18.6,18.0,24.8,75.3
FLOOD_00894,-23.52075,-46.65428,2019-07-05,2019,7,4.82,R SOLIMOES,1,725.0,1.8,3.14,351.3,0.4,Nao El Nino,56.4,8.6,13.1,90.0
FLOOD_00553,-23.675304,-46.734454,2019-03-06,2019,3,0.83,AV GUARAPIRANGA,1,765.0,19.64,35.69,800.2,0.9,El Nino,29.9,44.0,23.3,76.7
FLOOD_00779,-23.48989,-46.401623,2019-04-10,2019,4,7.25,AV BRAS DA ROCHA CARDOSO,1,734.0,0.74,1.3,147.3,0.8,El Nino,3.7,2.2,18.4,85.8
NOFLOOD_00647,-23.431784,-46.674096,2019-02-04,2019,2,0.0,Ponto de Controle Pseudo-Ausencia SP,0,1008.0,15.66,28.03,226.9,0.9,El Nino,79.5,56.0,19.9,86.9
NOFLOOD_00732,-23.645809,-46.43604,2019-05-05,2019,5,0.0,Ponto de Controle Pseudo-Ausencia SP,0,792.0,5.89,10.32,636.7,0.7,El Nino,2.3,3.0,22.4,76.4
FLOOD_01141,-23.66395,-46.67861,2019-12-23,2019,12,1.02,AV INTERLAGOS,1,748.0,3.08,5.38,255.7,0.8,El Nino,60.4,67.6,21.9,79.9
NOFLOOD_00047,-23.727299,-46.692058,2019-03-02,2019,3,0.0,Ponto de Controle Pseudo-Ausencia SP,0,780.0,3.11,5.44,560.2,0.9,El Nino,18.7,20.6,22.1,83.4
FLOOD_00844,-23.426052,-46.724675,2019-06-03,2019,6,0.6,AV RAIMUNDO PEREIRA DE MAGALHAES,1,842.0,15.03,26.85,466.8,0.6,El Nino,12.4,4.2,17.3,87.4
NOFLOOD_00205,-23.687881,-46.562198,2019-04-28,2019,4,0.0,Ponto de Controle Pseudo-Ausencia SP,0,780.0,5.19,9.09,5409.6,0.8,El Nino,24.4,10.2,23.2,69.4
FLOOD_00426,-23.591748,-46.693734,2019-02-26,2019,2,0.02,AV MAGALHAES DE CASTRO,1,722.0,9.83,17.33,526.6,0.9,El Nino,52.9,14.0,20.8,86.1
NOFLOOD_00076,-23.618115,-46.726874,2019-11-28,2019,11,0.0,Ponto de Controle Pseudo-Ausencia SP,0,811.0,4.5,7.86,627.9,0.7,El Nino,7.7,4.8,19.0,89.5
FLOOD_00328,-23.62537,-46.628801,2019-02-16,2019,2,0.12,AV PROF ABRAAO DE MORAIS,1,755.0,2.07,3.61,68.7,0.9,El Nino,57.8,16.4,20.5,90.4
NOFLOOD_00784,-23.593968,-46.534681,2019-03-05,2019,3,0.0,Ponto de Controle Pseudo-Ausencia SP,0,802.0,6.66,11.67,220.2,0.9,El Nino,3.6,2.4,23.5,73.4
FLOOD_00712,-23.58669,-46.690609,2019-03-19,2019,3,0.57,AV DAS NACOES UNIDAS,1,728.0,1.45,2.53,366.2,0.9,El Nino,18.6,18.0,24.8,75.3
NOFLOOD_00860,-23.578186,-46.617421,2019-01-08,2019,1,0.0,Ponto de Controle Pseudo-Ausencia SP,0,767.0,11.78,20.86,387.3,1.0,El Nino,0.4,0.6,26.6,60.3
NOFLOOD_00885,-23.681013,-46.759054,2019-09-02,2019,9,0.0,Ponto de Controle Pseudo-Ausencia SP,0,775.0,9.76,17.21,603.9,0.3,Nao El Nino,18.5,5.8,16.1,88.0
FLOOD_00151,-23.638027,-46.662348,2019-01-26,2019,1,1.2,AV JORN ROBERTO MARINHO,1,748.0,6.11,10.7,209.4,1.0,El Nino,7.9,8.0,21.2,76.2
FLOOD_01108,-23.519022,-46.63012,2019-12-14,2019,12,0.72,MARGINAL TIETE,1,728.0,4.59,8.02,75.3,0.8,El Nino,25.4,26.0,21.7,82.2
NOFLOOD_00280,-23.440147,-46.508213,2019-02-13,2019,2,0.0,Ponto de Controle Pseudo-Ausencia SP,0,781.0,3.04,5.32,3143.5,0.9,El Nino,5.3,2.0,19.8,85.8
FLOOD_00668,-23.53067,-46.74471,2019-03-11,2019,3,0.4,AV MOFARREJ,1,727.0,2.41,4.21,663.7,0.9,El Nino,56.6,22.0,20.6,87.4
FLOOD_00751,-23.64988,-46.72685,2019-04-07,2019,4,2.25,CV TREVO DE TRINTA E DOIS,1,740.0,12.07,21.39,307.9,0.8,El Nino,3.6,2.2,23.1,83.1
FLOOD_00848,-23.52862,-46.73907,2019-07-04,2019,7,1.93,AV DR GASTAO VIDIGAL,1,731.0,5.12,8.95,468.3,0.4,Nao El Nino,65.9,10.4,16.5,89.9
FLOOD_00657,-23.58179,-46.59512,2019-03-11,2019,3,6.4,AV HENRY FORD,1,736.0,2.58,4.51,828.4,0.9,El Nino,56.6,22.0,20.6,87.4
NOFLOOD_01015,-23.54645,-46.459571,2019-04-14,2019,4,0.0,Ponto de Controle Pseudo-Ausencia SP,0,779.0,8.84,15.55,461.5,0.8,El Nino,12.7,5.4,20.2,84.4
FLOOD_00952,-23.541265,-46.613863,2019-11-05,2019,11,0.33,AV RANGEL PESTANA,1,740.0,1.06,1.85,1296.6,0.7,El Nino,17.9,12.4,24.2,71.0
FLOOD_00839,-23.537887,-46.617661,2019-06-03,2019,6,4.95,R ORIENTE,1,735.0,1.59,2.78,1332.3,0.6,El Nino,12.4,4.2,17.3,87.4
NOFLOOD_00513,-23.625133,-46.515762,2019-03-03,2019,3,0.0,Ponto de Controle Pseudo-Ausencia SP,0,774.0,5.92,10.37,661.8,0.9,El Nino,22.9,27.8,21.6,83.6
FLOOD_00816,-23.53949,-46.54257,2019-05-19,2019,5,1.62,AV ARICANDUVA,1,736.0,3.85,6.73,412.9,0.7,El Nino,1.8,2.8,18.4,84.7
NOFLOOD_00616,-23.744136,-46.634762,2019-01-06,2019,1,0.0,Ponto de Controle Pseudo-Ausencia SP,0,784.0,5.83,10.2,1953.3,1.0,El Nino,24.0,14.6,23.2,80.8
NOFLOOD_00094,-23.66986,-46.529011,2019-03-04,2019,3,0.0,Ponto de Controle Pseudo-Ausencia SP,0,797.0,3.28,5.72,5461.1,0.9,El Nino,4.0,4.6,22.2,77.6
FLOOD_00980,-23.428004,-46.723394,2019-11-14,2019,11,8.27,AV RAIMUNDO PEREIRA DE MAGALHAES,1,838.0,8.28,14.55,395.4,0.7,El Nino,16.3,15.2,22.0,80.2
NOFLOOD_01071,-23.597061,-46.770338,2019-01-01,2019,1,0.0,Ponto de Controle Pseudo-Ausencia SP,0,788.0,12.91,22.92,221.8,1.0,El Nino,3.3,2.4,23.4,76.8
FLOOD_00708,-23.645408,-46.729981,2019-03-17,2019,3,0.15,AV JOAO DIAS,1,735.0,3.91,6.83,126.3,0.9,El Nino,18.8,18.4,22.4,84.9
NOFLOOD_00466,-23.716041,-46.573392,2019-12-09,2019,12,0.0,Ponto de Controle Pseudo-Ausencia SP,0,783.0,7.54,13.23,3367.9,0.8,El Nino,3.6,5.2,20.3,78.2
FLOOD_01082,-23.543123,-46.627042,2019-12-10,2019,12,0.62,AV MERCURIO,1,735.0,1.12,1.95,261.5,0.8,El Nino,32.3,18.2,20.8,85.5
NOFLOOD_00740,-23.497799,-46.585069,2019-01-08,2019,1,0.0,Ponto de Controle Pseudo-Ausencia SP,0,794.0,6.49,11.38,259.0,1.0,El Nino,0.4,0.6,26.6,60.3
NOFLOOD_00394,-23.602893,-46.639192,2019-12-18,2019,12,0.0,Ponto de Controle Pseudo-Ausencia SP,0,792.0,6.89,12.09,586.0,0.8,El Nino,5.4,3.2,20.4,86.6
NOFLOOD_00741,-23.470157,-46.646369,2019-03-06,2019,3,0.0,Ponto de Controle Pseudo-Ausencia SP,0,789.0,11.18,19.77,537.2,0.9,El Nino,29.9,44.0,23.3,76.7
NOFLOOD_00203,-23.643341,-46.43045,2019-03-06,2019,3,0.0,Ponto de Controle Pseudo-Ausencia SP,0,842.0,34.38,68.42,701.7,0.9,El Nino,29.9,44.0,23.3,76.7
NOFLOOD_00881,-23.442612,-46.746475,2019-03-04,2019,3,0.0,Ponto de Controle Pseudo-Ausencia SP,0,846.0,9.74,17.17,200.8,0.9,El Nino,4.0,4.6,22.2,77.6
NOFLOOD_00457,-23.658436,-46.668434,2019-04-29,2019,4,0.0,Ponto de Controle Pseudo-Ausencia SP,0,777.0,4.81,8.41,558.2,0.8,El Nino,1.2,1.4,19.7,80.7
NOFLOOD_01046,-23.63916,-46.571666,2019-11-14,2019,11,0.0,Ponto de Controle Pseudo-Ausencia SP,0,780.0,5.56,9.73,1671.6,0.7,El Nino,16.3,15.2,22.0,80.2
FLOOD_00800,-23.55936,-46.63913,2019-04-26,2019,4,0.42,AV VINTE E TRES DE MAIO,1,764.0,4.95,8.66,26.6,0.8,El Nino,13.8,10.2,22.3,82.6
NOFLOOD_00833,-23.672948,-46.533271,2019-01-26,2019,1,0.0,Ponto de Controle Pseudo-Ausencia SP,0,807.0,4.86,8.51,5965.6,1.0,El Nino,7.9,8.0,21.2,76.2
NOFLOOD_01087,-23.707524,-46.530072,2019-11-28,2019,11,0.0,Ponto de Controle Pseudo-Ausencia SP,0,784.0,8.82,15.51,7878.4,0.7,El Nino,7.7,4.8,19.0,89.5
FLOOD_00705,-23.675304,-46.734454,2019-03-17,2019,3,0.63,AV GUARAPIRANGA,1,765.0,19.64,35.69,800.2,0.9,El Nino,18.8,18.4,22.4,84.9
NOFLOOD_01150,-23.714751,-46.702921,2019-02-28,2019,2,0.0,Ponto de Controle Pseudo-Ausencia SP,0,773.0,9.22,16.24,404.1,0.9,El Nino,27.9,14.2,20.5,90.2
FLOOD_00519,-23.62643,-46.6875,2019-03-02,2019,3,22.7,AV SANTO AMARO,1,736.0,0.47,0.81,263.9,0.9,El Nino,18.7,20.6,22.1,83.4
NOFLOOD_00769,-23.74997,-46.486463,2019-01-24,2019,1,0.0,Ponto de Controle Pseudo-Ausencia SP,0,776.0,19.28,34.98,10757.4,1.0,El Nino,21.0,29.8,23.7,78.6
NOFLOOD_00250,-23.560606,-46.589394,2019-03-21,2019,3,0.0,Ponto de Controle Pseudo-Ausencia SP,0,776.0,4.88,8.54,992.5,0.9,El Nino,13.7,3.2,18.4,89.7
FLOOD_00810,-23.543123,-46.627042,2019-04-29,2019,4,0.15,AV MERCURIO,1,735.0,1.12,1.95,261.5,0.8,El Nino,1.2,1.4,19.7,80.7
NOFLOOD_00546,-23.505488,-46.506582,2019-03-17,2019,3,0.0,Ponto de Controle Pseudo-Ausencia SP,0,780.0,7.63,13.4,359.7,0.9,El Nino,18.8,18.4,22.4,84.9
FLOOD_00830,-23.52355,-46.70733,2019-06-03,2019,6,0.88,R ALBION,1,749.0,1.02,1.77,3.4,0.6,El Nino,12.4,4.2,17.3,87.4
FLOOD_00352,-23.56804,-46.60924,2019-02-20,2019,2,1.32,AV TERESA CRISTINA,1,733.0,5.36,9.39,77.0,0.9,El Nino,20.8,25.8,24.5,68.4
NOFLOOD_01159,-23.645329,-46.487591,2019-11-12,2019,11,0.0,Ponto de Controle Pseudo-Ausencia SP,0,806.0,7.23,12.69,1741.8,0.7,El Nino,0.5,0.4,19.0,82.6
FLOOD_00389,-23.516721,-46.65397,2019-02-21,2019,2,1.38,MARGINAL TIETE,1,725.0,4.06,7.09,379.8,0.9,El Nino,27.5,13.6,22.1,83.6
NOFLOOD_00294,-23.709782,-46.536416,2019-03-19,2019,3,0.0,Ponto de Controle Pseudo-Ausencia SP,0,802.0,7.7,13.52,7199.4,0.9,El Nino,18.6,18.0,24.8,75.3
NOFLOOD_00306,-23.612098,-46.478462,2019-01-06,2019,1,0.0,Ponto de Controle Pseudo-Ausencia SP,0,815.0,2.97,5.18,422.1,1.0,El Nino,24.0,14.6,23.2,80.8
FLOOD_00170,-23.504115,-46.672639,2019-01-30,2019,1,0.83,AV NOSSA SENHORA DO O,1,730.0,1.65,2.88,386.7,1.0,El Nino,24.1,38.2,26.2,63.4
NOFLOOD_01133,-23.484638,-46.624152,2019-06-03,2019,6,0.0,Ponto de Controle Pseudo-Ausencia SP,0,789.0,6.49,11.38,359.6,0.6,El Nino,12.4,4.2,17.3,87.4
FLOOD_01069,-23.543202,-46.630943,2019-12-10,2019,12,0.08,R BR DE DUPRAT,1,733.0,5.8,10.16,106.9,0.8,El Nino,32.3,18.2,20.8,85.5
FLOOD_01096,-23.543123,-46.627042,2019-12-11,2019,12,0.25,AV MERCURIO,1,735.0,1.12,1.95,261.5,0.8,El Nino,5.6,3.6,20.8,84.4
FLOOD_00741,-23.58815,-46.69056,2019-04-06,2019,4,2.2,AV DAS NACOES UNIDAS,1,723.0,2.23,3.9,281.1,0.8,El Nino,3.1,3.8,24.1,78.2
NOFLOOD_00648,-23.42546,-46.753191,2019-02-04,2019,2,0.0,Ponto de Controle Pseudo-Ausencia SP,0,819.0,5.39,9.44,554.9,0.9,El Nino,79.5,56.0,19.9,86.9
FLOOD_00356,-23.54804,-46.5262,2019-02-20,2019,2,0.32,AV ARICANDUVA,1,736.0,1.02,1.77,176.4,0.9,El Nino,20.8,25.8,24.5,68.4
FLOOD_00323,-23.540356,-46.62947,2019-02-16,2019,2,4.38,AV MERCURIO,1,737.0,7.31,12.83,100.5,0.9,El Nino,57.8,16.4,20.5,90.4
NOFLOOD_00084,-23.679396,-46.630648,2019-03-09,2019,3,0.0,Ponto de Controle Pseudo-Ausencia SP,0,838.0,2.8,4.89,831.4,0.9,El Nino,19.0,31.4,25.7,69.0
FLOOD_00307,-23.519358,-46.674654,2019-02-16,2019,2,0.45,PC PASCOAL MARTINS,1,725.0,1.8,3.14,740.1,0.9,El Nino,57.8,16.4,20.5,90.4
FLOOD_00986,-23.543123,-46.627042,2019-11-15,2019,11,0.0,AV MERCURIO,1,735.0,1.12,1.95,261.5,0.7,El Nino,7.7,3.0,19.1,86.4
NOFLOOD_01095,-23.572748,-46.429511,2019-01-18,2019,1,0.0,Ponto de Controle Pseudo-Ausencia SP,0,838.0,10.86,19.19,277.4,1.0,El Nino,15.2,16.4,24.8,74.4
FLOOD_00761,-23.539743,-46.61043,2019-04-08,2019,4,0.57,AV CELSO GARCIA,1,738.0,1.91,3.33,1287.7,0.8,El Nino,58.3,20.8,20.6,90.3
NOFLOOD_00264,-23.69435,-46.441021,2019-01-26,2019,1,0.0,Ponto de Controle Pseudo-Ausencia SP,0,816.0,7.52,13.2,3065.3,1.0,El Nino,7.9,8.0,21.2,76.2
NOFLOOD_01125,-23.449572,-46.75642,2019-03-05,2019,3,0.0,Ponto de Controle Pseudo-Ausencia SP,0,803.0,9.28,16.34,826.7,0.9,El Nino,3.6,2.4,23.5,73.4
NOFLOOD_00780,-23.726443,-46.610747,2019-02-07,2019,2,0.0,Ponto de Controle Pseudo-Ausencia SP,0,811.0,6.68,11.72,568.6,0.9,El Nino,0.6,1.0,20.1,79.7
FLOOD_00872,-23.552025,-46.577762,2019-07-04,2019,7,7.53,AV SALIM FARAH MALUF,1,741.0,1.29,2.25,294.8,0.4,Nao El Nino,65.9,10.4,16.5,89.9
NOFLOOD_00017,-23.438998,-46.535098,2019-01-20,2019,1,0.0,Ponto de Controle Pseudo-Ausencia SP,0,782.0,2.8,4.9,3089.4,1.0,El Nino,13.2,9.4,24.3,77.5
NOFLOOD_01132,-23.593161,-46.704494,2019-01-14,2019,1,0.0,Ponto de Controle Pseudo-Ausencia SP,0,778.0,10.89,19.24,690.0,1.0,El Nino,11.1,21.2,24.4,73.6
FLOOD_00052,-23.587799,-46.690269,2019-01-10,2019,1,1.35,AV DAS NACOES UNIDAS,1,726.0,5.44,9.53,267.8,1.0,El Nino,0.0,0.0,26.4,64.0
NOFLOOD_00665,-23.710959,-46.777876,2019-12-09,2019,12,0.0,Ponto de Controle Pseudo-Ausencia SP,0,772.0,17.18,30.91,661.2,0.8,El Nino,3.6,5.2,20.3,78.2
FLOOD_00795,-23.54285,-46.6271,2019-04-26,2019,4,2.75,AV MERCURIO,1,730.0,3.78,6.61,275.1,0.8,El Nino,13.8,10.2,22.3,82.6
NOFLOOD_01116,-23.724749,-46.50942,2019-12-18,2019,12,0.0,Ponto de Controle Pseudo-Ausencia SP,0,871.0,25.9,48.56,9884.2,0.8,El Nino,5.4,3.2,20.4,86.6
FLOOD_00154,-23.60446,-46.67941,2019-01-26,2019,1,0.52,AV DOS BANDEIRANTES,1,737.0,2.67,4.66,40.4,1.0,El Nino,7.9,8.0,21.2,76.2
FLOOD_00664,-23.52202,-46.65574,2019-03-11,2019,3,2.63,R SOLIMOES,1,725.0,4.65,8.14,256.0,0.9,El Nino,56.6,22.0,20.6,87.4
NOFLOOD_00928,-23.566821,-46.484072,2019-02-04,2019,2,0.0,Ponto de Controle Pseudo-Ausencia SP,0,840.0,4.56,7.97,558.6,0.9,El Nino,79.5,56.0,19.9,86.9
NOFLOOD_00915,-23.646895,-46.485721,2019-12-05,2019,12,0.0,Ponto de Controle Pseudo-Ausencia SP,0,798.0,2.58,4.51,1728.5,0.8,El Nino,14.2,22.6,23.1,80.1
FLOOD_00034,-23.536647,-46.589148,2019-01-04,2019,1,0.0,AV CELSO GARCIA,1,736.0,6.06,10.61,772.4,1.0,El Nino,26.7,18.4,23.4,79.6
FLOOD_00990,-23.617879,-46.702329,2019-11-15,2019,11,0.0,AV MAJ SYLVIO DE MAGALHAES PADILHA,1,733.0,0.93,1.62,512.4,0.7,El Nino,7.7,3.0,19.1,86.4
NOFLOOD_00525,-23.444561,-46.585555,2019-11-15,2019,11,0.0,Ponto de Controle Pseudo-Ausencia SP,0,782.0,7.87,13.82,433.2,0.7,El Nino,7.7,3.0,19.1,86.4
FLOOD_00319,-23.586792,-46.653024,2019-02-16,2019,2,0.83,AV VINTE E TRES DE MAIO,1,766.0,7.77,13.65,484.3,0.9,El Nino,57.8,16.4,20.5,90.4
NOFLOOD_01076,-23.660019,-46.628975,2019-03-12,2019,3,0.0,Ponto de Controle Pseudo-Ausencia SP,0,825.0,9.69,17.08,211.2,0.9,El Nino,10.0,18.8,22.6,79.9
FLOOD_01087,-23.527543,-46.683086,2019-12-11,2019,12,1.05,AV POMPEIA,1,736.0,5.48,9.59,614.2,0.8,El Nino,5.6,3.6,20.8,84.4
FLOOD_00417,-23.5366,-46.64249,2019-02-24,2019,2,1.75,AV RIO BRANCO,1,750.0,4.45,7.78,359.3,0.9,El Nino,1.9,3.4,26.4,61.5
NOFLOOD_00504,-23.632914,-46.47788,2019-02-04,2019,2,0.0,Ponto de Controle Pseudo-Ausencia SP,0,805.0,7.51,13.19,254.3,0.9,El Nino,79.5,56.0,19.9,86.9
FLOOD_00033,-23.57994,-46.58512,2019-01-04,2019,1,0.67,R JOSE ZAPPI,1,749.0,1.78,3.12,234.9,1.0,El Nino,26.7,18.4,23.4,79.6
FLOOD_01120,-23.564218,-46.677964,2019-12-17,2019,12,0.4,R HENRIQUE SCHAUMANN,1,747.0,4.88,8.53,581.9,0.8,El Nino,5.1,4.4,23.5,70.5
NOFLOOD_00566,-23.690225,-46.744863,2019-01-23,2019,1,0.0,Ponto de Controle Pseudo-Ausencia SP,0,786.0,6.38,11.18,375.6,1.0,El Nino,3.0,6.0,24.9,76.9
NOFLOOD_00351,-23.597926,-46.516202,2019-03-12,2019,3,0.0,Ponto de Controle Pseudo-Ausencia SP,0,810.0,8.54,15.02,465.9,0.9,El Nino,10.0,18.8,22.6,79.9
FLOOD_00586,-23.54003,-46.611555,2019-03-09,2019,3,0.6,AV CELSO GARCIA,1,738.0,2.03,3.55,1343.7,0.9,El Nino,19.0,31.4,25.7,69.0
FLOOD_00006,-23.549408,-46.638806,2019-01-01,2019,1,0.82,PC DA BANDEIRA,1,754.0,20.39,37.18,592.5,1.0,El Nino,3.3,2.4,23.4,76.8
NOFLOOD_00450,-23.655976,-46.441139,2019-01-04,2019,1,0.0,Ponto de Controle Pseudo-Ausencia SP,0,811.0,10.89,19.23,1405.3,1.0,El Nino,26.7,18.4,23.4,79.6
FLOOD_00515,-23.63606,-46.71972,2019-03-02,2019,3,6.45,MARGINAL PINHEIROS,1,727.0,3.57,6.23,263.3,0.9,El Nino,18.7,20.6,22.1,83.4
NOFLOOD_00453,-23.731992,-46.456751,2019-02-22,2019,2,0.0,Ponto de Controle Pseudo-Ausencia SP,0,792.0,4.37,7.63,7382.3,0.9,El Nino,6.3,5.4,23.0,81.4
FLOOD_00650,-23.582701,-46.572179,2019-03-11,2019,3,3.55,AV PROF LUIZ IGNACIO ANHAIA MELLO,1,741.0,3.14,5.49,985.0,0.9,El Nino,56.6,22.0,20.6,87.4
FLOOD_00088,-23.538101,-46.598964,2019-01-17,2019,1,0.78,AV CELSO GARCIA,1,744.0,1.39,2.44,1115.7,1.0,El Nino,6.5,7.8,24.9,66.0
FLOOD_00994,-23.528865,-46.4572,2019-11-22,2019,11,0.83,AV JACU PESSEGO,1,743.0,2.85,4.98,7.6,0.7,El Nino,1.0,2.0,23.5,70.3
NOFLOOD_00434,-23.436416,-46.662176,2019-01-01,2019,1,0.0,Ponto de Controle Pseudo-Ausencia SP,0,918.0,10.03,17.68,518.3,1.0,El Nino,3.3,2.4,23.4,76.8
NOFLOOD_00303,-23.592442,-46.708196,2019-03-02,2019,3,0.0,Ponto de Controle Pseudo-Ausencia SP,0,770.0,13.04,23.16,433.0,0.9,El Nino,18.7,20.6,22.1,83.4
FLOOD_00109,-23.53704,-46.64996,2019-01-22,2019,1,1.07,AV S JOAO,1,750.0,7.87,13.82,844.3,1.0,El Nino,15.2,20.4,24.9,78.2
NOFLOOD_00519,-23.587283,-46.643663,2019-06-03,2019,6,0.0,Ponto de Controle Pseudo-Ausencia SP,0,800.0,5.38,9.41,656.1,0.6,El Nino,12.4,4.2,17.3,87.4
FLOOD_00061,-23.538101,-46.598964,2019-01-14,2019,1,0.93,AV CELSO GARCIA,1,744.0,1.39,2.44,1115.7,1.0,El Nino,11.1,21.2,24.4,73.6
FLOOD_00219,-23.52335,-46.56517,2019-02-04,2019,2,4.5,AV MORVAN DIAS DE FIGUEIREDO,1,725.0,1.39,2.44,461.1,0.9,El Nino,79.5,56.0,19.9,86.9
NOFLOOD_00672,-23.696885,-46.700516,2019-02-25,2019,2,0.0,Ponto de Controle Pseudo-Ausencia SP,0,784.0,3.57,6.23,664.9,0.9,El Nino,6.6,13.2,26.0,63.1
NOFLOOD_00480,-23.613691,-46.457592,2019-04-14,2019,4,0.0,Ponto de Controle Pseudo-Ausencia SP,0,782.0,6.35,11.12,273.4,0.8,El Nino,12.7,5.4,20.2,84.4
NOFLOOD_00461,-23.710584,-46.525156,2019-11-30,2019,11,0.0,Ponto de Controle Pseudo-Ausencia SP,0,805.0,12.08,21.4,8325.0,0.7,El Nino,0.5,0.6,21.4,78.2
NOFLOOD_00809,-23.649711,-46.439943,2019-05-05,2019,5,0.0,Ponto de Controle Pseudo-Ausencia SP,0,782.0,2.7,4.72,950.3,0.7,El Nino,2.3,3.0,22.4,76.4
NOFLOOD_00563,-23.636755,-46.523187,2019-11-27,2019,11,0.0,Ponto de Controle Pseudo-Ausencia SP,0,789.0,5.38,9.41,2105.3,0.7,El Nino,25.6,22.0,22.0,75.6
FLOOD_00579,-23.538277,-46.640838,2019-03-07,2019,3,1.33,AV RIO BRANCO,1,759.0,2.8,4.9,225.5,0.9,El Nino,20.0,15.8,22.9,80.6
FLOOD_00110,-23.528302,-46.739858,2019-01-22,2019,1,2.1,R SEN JOAQUIM RIBEIRO DO VALLE,1,723.0,2.06,3.6,502.5,1.0,El Nino,15.2,20.4,24.9,78.2
FLOOD_00908,-23.56507,-46.67087,2019-07-05,2019,7,5.35,R ESTADOS UNIDOS,1,761.0,4.77,8.34,8.4,0.4,Nao El Nino,56.4,8.6,13.1,90.0
FLOOD_00594,-23.57971,-46.71061,2019-03-09,2019,3,0.0,AV PROF FRANCISCO MORATO,1,740.0,5.15,9.01,122.2,0.9,El Nino,19.0,31.4,25.7,69.0
NOFLOOD_00832,-23.644156,-46.566204,2019-01-04,2019,1,0.0,Ponto de Controle Pseudo-Ausencia SP,0,774.0,12.5,22.17,2426.3,1.0,El Nino,26.7,18.4,23.4,79.6
NOFLOOD_00925,-23.7282,-46.705034,2019-11-28,2019,11,0.0,Ponto de Controle Pseudo-Ausencia SP,0,775.0,10.66,18.83,345.7,0.7,El Nino,7.7,4.8,19.0,89.5
FLOOD_00098,-23.52407,-46.62877,2019-01-22,2019,1,1.27,R PAULINO GUIMARAES,1,727.0,4.11,7.18,603.3,1.0,El Nino,15.2,20.4,24.9,78.2
NOFLOOD_00946,-23.744816,-46.520318,2019-04-25,2019,4,0.0,Ponto de Controle Pseudo-Ausencia SP,0,862.0,8.53,14.99,9188.2,0.8,El Nino,0.3,0.4,22.7,79.3
FLOOD_00064,-23.539885,-46.542444,2019-01-14,2019,1,0.25,AV ARICANDUVA,1,735.0,1.19,2.08,382.7,1.0,El Nino,11.1,21.2,24.4,73.6
FLOOD_00948,-23.519022,-46.63012,2019-11-05,2019,11,0.45,MARGINAL TIETE,1,728.0,4.59,8.02,75.3,0.7,El Nino,17.9,12.4,24.2,71.0
NOFLOOD_01153,-23.513828,-46.484308,2019-01-03,2019,1,0.0,Ponto de Controle Pseudo-Ausencia SP,0,795.0,5.48,9.59,277.9,1.0,El Nino,15.5,18.0,26.7,65.8
NOFLOOD_00050,-23.66713,-46.453063,2019-01-10,2019,1,0.0,Ponto de Controle Pseudo-Ausencia SP,0,793.0,5.09,8.9,2089.1,1.0,El Nino,0.0,0.0,26.4,64.0
NOFLOOD_00835,-23.730164,-46.707749,2019-11-30,2019,11,0.0,Ponto de Controle Pseudo-Ausencia SP,0,796.0,6.03,10.56,332.0,0.7,El Nino,0.5,0.6,21.4,78.2
NOFLOOD_00489,-23.692624,-46.437245,2019-04-11,2019,4,0.0,Ponto de Controle Pseudo-Ausencia SP,0,789.0,7.38,12.95,2662.6,0.8,El Nino,0.2,0.2,20.3,80.9
NOFLOOD_00469,-23.446325,-46.715574,2019-01-06,2019,1,0.0,Ponto de Controle Pseudo-Ausencia SP,0,869.0,4.65,8.14,231.4,1.0,El Nino,24.0,14.6,23.2,80.8
NOFLOOD_00926,-23.55498,-46.497647,2019-04-09,2019,4,0.0,Ponto de Controle Pseudo-Ausencia SP,0,804.0,7.91,13.89,305.5,0.8,El Nino,20.7,7.8,19.2,91.1
FLOOD_00204,-23.662049,-46.706049,2019-02-04,2019,2,1.15,AV VITOR MANZINI,1,733.0,3.11,5.44,91.6,0.9,El Nino,79.5,56.0,19.9,86.9
FLOOD_00244,-23.52288,-46.63029,2019-02-06,2019,2,0.15,AV SANTOS DUMONT,1,731.0,2.3,4.01,436.5,0.9,El Nino,50.5,13.4,17.8,87.6
NOFLOOD_01031,-23.616231,-46.495651,2019-03-17,2019,3,0.0,Ponto de Controle Pseudo-Ausencia SP,0,867.0,3.98,6.95,785.8,0.9,El Nino,18.8,18.4,22.4,84.9
FLOOD_00626,-23.52036,-46.74644,2019-03-11,2019,3,6.32,AV DAS NACOES UNIDAS,1,724.0,4.24,7.41,595.4,0.9,El Nino,56.6,22.0,20.6,87.4
FLOOD_00940,-23.541812,-46.614768,2019-11-05,2019,11,0.65,AV RANGEL PESTANA,1,740.0,4.77,8.34,1277.1,0.7,El Nino,17.9,12.4,24.2,71.0
FLOOD_00868,-23.548047,-46.526176,2019-07-04,2019,7,1.42,AV ARICANDUVA,1,736.0,1.02,1.77,174.0,0.4,Nao El Nino,65.9,10.4,16.5,89.9
FLOOD_01146,-23.47269,-46.5715,2019-12-23,2019,12,1.0,AV EDU CHAVES,1,738.0,1.91,3.33,591.6,0.8,El Nino,60.4,67.6,21.9,79.9
NOFLOOD_00242,-23.510063,-46.751586,2019-10-28,2019,10,0.0,Ponto de Controle Pseudo-Ausencia SP,0,769.0,11.82,20.93,317.2,0.5,El Nino,21.3,12.0,24.7,60.2
NOFLOOD_00522,-23.427246,-46.658338,2019-11-05,2019,11,0.0,Ponto de Controle Pseudo-Ausencia SP,0,1031.0,9.22,16.23,579.4,0.7,El Nino,17.9,12.4,24.2,71.0
FLOOD_00454,-23.543123,-46.627042,2019-02-26,2019,2,9.23,AV MERCURIO,1,735.0,1.12,1.95,261.5,0.9,El Nino,52.9,14.0,20.8,86.1
NOFLOOD_00580,-23.64701,-46.743025,2019-04-28,2019,4,0.0,Ponto de Controle Pseudo-Ausencia SP,0,774.0,10.52,18.56,631.5,0.8,El Nino,24.4,10.2,23.2,69.4
FLOOD_00399,-23.586928,-46.689886,2019-02-21,2019,2,0.03,TN DIRCE CAMARGO,1,729.0,2.88,5.03,294.9,0.9,El Nino,27.5,13.6,22.1,83.6
FLOOD_00105,-23.513843,-46.624052,2019-01-22,2019,1,2.17,R CEL ANTONIO DE CARVALHO,1,722.0,2.8,4.9,422.9,1.0,El Nino,15.2,20.4,24.9,78.2
NOFLOOD_00107,-23.553059,-46.427016,2019-02-07,2019,2,0.0,Ponto de Controle Pseudo-Ausencia SP,0,779.0,8.3,14.59,236.3,0.9,El Nino,0.6,1.0,20.1,79.7
FLOOD_00048,-23.619121,-46.682672,2019-01-10,2019,1,0.58,AV JORN ROBERTO MARINHO,1,735.0,4.67,8.17,27.0,1.0,El Nino,0.0,0.0,26.4,64.0
NOFLOOD_00258,-23.592041,-46.632114,2019-04-06,2019,4,0.0,Ponto de Controle Pseudo-Ausencia SP,0,791.0,7.47,13.1,484.5,0.8,El Nino,3.1,3.8,24.1,78.2
NOFLOOD_01023,-23.468955,-46.614912,2019-01-30,2019,1,0.0,Ponto de Controle Pseudo-Ausencia SP,0,792.0,13.83,24.62,447.7,1.0,El Nino,24.1,38.2,26.2,63.4
NOFLOOD_00070,-23.446146,-46.555664,2019-11-15,2019,11,0.0,Ponto de Controle Pseudo-Ausencia SP,0,778.0,8.56,15.06,1265.7,0.7,El Nino,7.7,3.0,19.1,86.4
FLOOD_00035,-23.47269,-46.5715,2019-01-06,2019,1,0.67,AV EDU CHAVES,1,738.0,1.91,3.33,591.6,1.0,El Nino,24.0,14.6,23.2,80.8
FLOOD_01095,-23.538101,-46.598964,2019-12-11,2019,12,6.9,AV CELSO GARCIA,1,744.0,1.39,2.44,1115.7,0.8,El Nino,5.6,3.6,20.8,84.4
NOFLOOD_00856,-23.69595,-46.698542,2019-04-06,2019,4,0.0,Ponto de Controle Pseudo-Ausencia SP,0,765.0,5.09,8.9,456.3,0.8,El Nino,3.1,3.8,24.1,78.2
NOFLOOD_00371,-23.642296,-46.551716,2019-12-31,2019,12,0.0,Ponto de Controle Pseudo-Ausencia SP,0,800.0,3.11,5.44,3695.8,0.8,El Nino,0.1,0.2,23.7,69.7
FLOOD_00451,-23.520281,-46.744647,2019-02-26,2019,2,1.8,PTE DOS REMEDIOS,1,740.0,3.9,6.82,599.3,0.9,El Nino,52.9,14.0,20.8,86.1
FLOOD_00726,-23.552376,-46.577164,2019-04-06,2019,4,3.8,AV SALIM FARAH MALUF,1,740.0,2.39,4.17,244.0,0.8,El Nino,3.1,3.8,24.1,78.2
FLOOD_00837,-23.529914,-46.660919,2019-06-03,2019,6,0.08,AV PACAEMBU,1,738.0,3.83,6.7,16.3,0.6,El Nino,12.4,4.2,17.3,87.4
NOFLOOD_00241,-23.444978,-46.593061,2019-01-16,2019,1,0.0,Ponto de Controle Pseudo-Ausencia SP,0,781.0,8.84,15.55,242.0,1.0,El Nino,5.4,8.4,25.5,69.2
FLOOD_00079,-23.50392,-46.68472,2019-01-17,2019,1,0.35,AV ANTONIO MUNHOZ BONILHA,1,726.0,7.13,12.51,525.0,1.0,El Nino,6.5,7.8,24.9,66.0
NOFLOOD_00478,-23.429055,-46.728746,2019-02-28,2019,2,0.0,Ponto de Controle Pseudo-Ausencia SP,0,847.0,7.02,12.31,379.7,0.9,El Nino,27.9,14.2,20.5,90.2
NOFLOOD_00623,-23.714914,-46.457124,2019-04-26,2019,4,0.0,Ponto de Controle Pseudo-Ausencia SP,0,767.0,5.09,8.9,5857.1,0.8,El Nino,13.8,10.2,22.3,82.6
FLOOD_00794,-23.55717,-46.62856,2019-04-26,2019,4,0.38,R SAO PAULO,1,734.0,2.45,4.27,240.3,0.8,El Nino,13.8,10.2,22.3,82.6
NOFLOOD_00388,-23.513972,-46.495932,2019-01-14,2019,1,0.0,Ponto de Controle Pseudo-Ausencia SP,0,798.0,2.85,4.98,293.8,1.0,El Nino,11.1,21.2,24.4,73.6
FLOOD_00826,-23.5904,-46.69125,2019-06-03,2019,6,4.23,AV DAS NACOES UNIDAS,1,726.0,2.7,4.72,272.1,0.6,El Nino,12.4,4.2,17.3,87.4
NOFLOOD_00994,-23.723449,-46.61453,2019-12-18,2019,12,0.0,Ponto de Controle Pseudo-Ausencia SP,0,796.0,9.52,16.76,565.8,0.8,El Nino,5.4,3.2,20.4,86.6
FLOOD_00102,-23.543123,-46.627042,2019-01-22,2019,1,2.98,AV MERCURIO,1,735.0,1.12,1.95,261.5,1.0,El Nino,15.2,20.4,24.9,78.2
FLOOD_00018,-23.66213,-46.70615,2019-01-04,2019,1,2.08,PC DOM FRANCISCO DE SOUSA,1,734.0,0.51,0.89,104.9,1.0,El Nino,26.7,18.4,23.4,79.6
NOFLOOD_00262,-23.643522,-46.52464,2019-03-11,2019,3,0.0,Ponto de Controle Pseudo-Ausencia SP,0,774.0,4.24,7.41,2798.0,0.9,El Nino,56.6,22.0,20.6,87.4
NOFLOOD_00930,-23.714114,-46.486936,2019-12-18,2019,12,0.0,Ponto de Controle Pseudo-Ausencia SP,0,792.0,8.87,15.6,7692.6,0.8,El Nino,5.4,3.2,20.4,86.6
FLOOD_00285,-23.54557,-46.73423,2019-02-15,2019,2,1.15,MARGINAL PINHEIROS,1,726.0,2.06,3.6,61.6,0.9,El Nino,20.9,13.8,19.9,84.7
FLOOD_00482,-23.52233,-46.69658,2019-03-02,2019,3,2.72,R GUAICURUS,1,735.0,2.41,4.21,2.4,0.9,El Nino,18.7,20.6,22.1,83.4
NOFLOOD_00121,-23.466948,-46.661271,2019-11-28,2019,11,0.0,Ponto de Controle Pseudo-Ausencia SP,0,773.0,7.38,12.96,528.1,0.7,El Nino,7.7,4.8,19.0,89.5
FLOOD_00448,-23.5904,-46.69125,2019-02-26,2019,2,3.57,AV DAS NACOES UNIDAS,1,726.0,2.7,4.72,272.1,0.9,El Nino,52.9,14.0,20.8,86.1
FLOOD_00248,-23.594522,-46.693457,2019-02-06,2019,2,0.83,MARGINAL PINHEIROS,1,722.0,4.08,7.14,237.0,0.9,El Nino,50.5,13.4,17.8,87.6
NOFLOOD_00747,-23.671744,-46.610316,2019-11-05,2019,11,0.0,Ponto de Controle Pseudo-Ausencia SP,0,767.0,3.14,5.49,1767.9,0.7,El Nino,17.9,12.4,24.2,71.0
NOFLOOD_00496,-23.694564,-46.573402,2019-12-09,2019,12,0.0,Ponto de Controle Pseudo-Ausencia SP,0,792.0,4.08,7.14,4351.2,0.8,El Nino,3.6,5.2,20.3,78.2
FLOOD_00069,-23.581581,-46.684707,2019-01-17,2019,1,0.13,TUN MAX FEFFER,1,732.0,11.74,20.79,745.8,1.0,El Nino,6.5,7.8,24.9,66.0
FLOOD_00590,-23.58481,-46.66952,2019-03-09,2019,3,0.0,R BENTO DE ANDRADE,1,741.0,6.17,10.82,761.1,0.9,El Nino,19.0,31.4,25.7,69.0
NOFLOOD_00919,-23.59472,-46.438919,2019-01-25,2019,1,0.0,Ponto de Controle Pseudo-Ausencia SP,0,794.0,6.11,10.7,565.6,1.0,El Nino,24.6,15.4,21.9,81.9
NOFLOOD_00625,-23.685346,-46.736532,2019-03-21,2019,3,0.0,Ponto de Controle Pseudo-Ausencia SP,0,786.0,5.83,10.22,598.3,0.9,El Nino,13.7,3.2,18.4,89.7
FLOOD_00677,-23.515153,-46.641352,2019-03-11,2019,3,1.03,AV OLAVO FONTOURA,1,728.0,2.3,4.01,361.8,0.9,El Nino,56.6,22.0,20.6,87.4
FLOOD_00139,-23.519022,-46.63012,2019-01-25,2019,1,1.27,MARGINAL TIETE,1,728.0,4.59,8.02,75.3,1.0,El Nino,24.6,15.4,21.9,81.9
NOFLOOD_00914,-23.55328,-46.566608,2019-11-28,2019,11,0.0,Ponto de Controle Pseudo-Ausencia SP,0,785.0,3.25,5.68,712.2,0.7,El Nino,7.7,4.8,19.0,89.5
FLOOD_00978,-23.660375,-46.704839,2019-11-14,2019,11,2.38,R JOAO ALFREDO,1,734.0,1.38,2.4,146.2,0.7,El Nino,16.3,15.2,22.0,80.2
NOFLOOD_00762,-23.732238,-46.502464,2019-05-19,2019,5,0.0,Ponto de Controle Pseudo-Ausencia SP,0,778.0,2.83,4.95,10232.4,0.7,El Nino,1.8,2.8,18.4,84.7
NOFLOOD_00169,-23.457813,-46.544228,2019-04-25,2019,4,0.0,Ponto de Controle Pseudo-Ausencia SP,0,798.0,4.67,8.17,2412.9,0.8,El Nino,0.3,0.4,22.7,79.3
FLOOD_00406,-23.51947,-46.74871,2019-02-22,2019,2,0.98,R DA DESPEDIDA,1,725.0,1.73,3.01,605.9,0.9,El Nino,6.3,5.4,23.0,81.4
NOFLOOD_00520,-23.738974,-46.772772,2019-02-26,2019,2,0.0,Ponto de Controle Pseudo-Ausencia SP,0,781.0,8.34,14.67,931.7,0.9,El Nino,52.9,14.0,20.8,86.1
NOFLOOD_00736,-23.661205,-46.439037,2019-11-27,2019,11,0.0,Ponto de Controle Pseudo-Ausencia SP,0,850.0,18.11,32.7,839.1,0.7,El Nino,25.6,22.0,22.0,75.6
NOFLOOD_00865,-23.597019,-46.547403,2019-01-17,2019,1,0.0,Ponto de Controle Pseudo-Ausencia SP,0,781.0,9.54,16.8,385.5,1.0,El Nino,6.5,7.8,24.9,66.0
FLOOD_00718,-23.69518,-46.67662,2019-03-20,2019,3,0.38,R MIGUEL YUNES,1,739.0,3.81,6.67,175.4,0.9,El Nino,10.8,14.6,21.7,81.9
FLOOD_00820,-23.64472,-46.725363,2019-06-01,2019,6,9.38,AV DAS NACOES UNIDAS,1,730.0,2.23,3.9,85.9,0.6,El Nino,26.5,14.6,20.2,83.6
FLOOD_00074,-23.532031,-46.675998,2019-01-17,2019,1,0.1,AV SUMARE,1,742.0,3.03,5.29,232.0,1.0,El Nino,6.5,7.8,24.9,66.0
FLOOD_01101,-23.50526,-46.624834,2019-12-13,2019,12,0.35,R ALF MAGALHAES,1,735.0,4.56,7.97,613.0,0.8,El Nino,25.1,20.2,22.5,81.1
NOFLOOD_00893,-23.685975,-46.479823,2019-11-22,2019,11,0.0,Ponto de Controle Pseudo-Ausencia SP,0,848.0,11.95,21.16,5102.3,0.7,El Nino,1.0,2.0,23.5,70.3
FLOOD_00045,-23.54335,-46.60633,2019-01-08,2019,1,0.27,R BRESSER,1,736.0,1.29,2.25,710.2,1.0,El Nino,0.4,0.6,26.6,60.3
FLOOD_00518,-23.55391,-46.71883,2019-03-02,2019,3,5.32,AV DAS NACOES UNIDAS,1,724.0,4.11,7.18,852.5,0.9,El Nino,18.7,20.6,22.1,83.4
FLOOD_00877,-23.543123,-46.627042,2019-07-04,2019,7,2.23,AV MERCURIO,1,735.0,1.12,1.95,261.5,0.4,Nao El Nino,65.9,10.4,16.5,89.9
NOFLOOD_00003,-23.499594,-46.722523,2019-04-08,2019,4,0.0,Ponto de Controle Pseudo-Ausencia SP,0,780.0,2.54,4.43,618.5,0.8,El Nino,58.3,20.8,20.6,90.3
NOFLOOD_01070,-23.684245,-46.480378,2019-03-03,2019,3,0.0,Ponto de Controle Pseudo-Ausencia SP,0,839.0,7.26,12.74,4948.4,0.9,El Nino,22.9,27.8,21.6,83.6
NOFLOOD_00419,-23.599084,-46.512693,2019-12-18,2019,12,0.0,Ponto de Controle Pseudo-Ausencia SP,0,817.0,4.81,8.41,357.1,0.8,El Nino,5.4,3.2,20.4,86.6
FLOOD_00419,-23.47269,-46.5715,2019-02-25,2019,2,1.37,AV SANATORIO,1,738.0,1.91,3.33,591.6,0.9,El Nino,6.6,13.2,26.0,63.1
NOFLOOD_00528,-23.539397,-46.428259,2019-04-22,2019,4,0.0,Ponto de Controle Pseudo-Ausencia SP,0,784.0,3.9,6.82,288.8,0.8,El Nino,1.1,2.2,22.5,78.0
FLOOD_00516,-23.567223,-46.693562,2019-03-02,2019,3,5.13,AV BRIG FARIA LIMA,1,741.0,2.07,3.61,796.1,0.9,El Nino,18.7,20.6,22.1,83.4
FLOOD_00107,-23.60233,-46.69542,2019-01-22,2019,1,0.92,R GUARARAPES,1,728.0,11.0,19.44,350.0,1.0,El Nino,15.2,20.4,24.9,78.2
FLOOD_00078,-23.555771,-46.649496,2019-01-17,2019,1,0.75,R MANOEL DUTRA,1,764.0,1.03,1.8,28.9,1.0,El Nino,6.5,7.8,24.9,66.0
FLOOD_00681,-23.52321,-46.73878,2019-03-11,2019,3,3.73,AV CARD SANTIAGO LUIZ COPELLO,1,727.0,3.29,5.75,376.6,0.9,El Nino,56.6,22.0,20.6,87.4
FLOOD_01128,-23.586772,-46.692076,2019-12-17,2019,12,0.45,AV MAGALHAES DE CASTRO,1,726.0,6.26,10.97,484.0,0.8,El Nino,5.1,4.4,23.5,70.5
FLOOD_00700,-23.55567,-46.75059,2019-03-17,2019,3,0.28,AV CORIFEU DE AZEVEDO MARQUES,1,746.0,0.74,1.3,687.6,0.9,El Nino,18.8,18.4,22.4,84.9
NOFLOOD_00244,-23.736023,-46.466787,2019-03-12,2019,3,0.0,Ponto de Controle Pseudo-Ausencia SP,0,785.0,8.1,14.22,8313.0,0.9,El Nino,10.0,18.8,22.6,79.9
FLOOD_00505,-23.589849,-46.735566,2019-03-02,2019,3,3.3,AV MIN LAUDO FERREIRA DE CAMARGO,1,735.0,1.39,2.43,429.5,0.9,El Nino,18.7,20.6,22.1,83.4
FLOOD_00222,-23.572483,-46.704846,2019-02-04,2019,2,1.63,AV VITAL BRASIL,1,732.0,3.83,6.69,873.8,0.9,El Nino,79.5,56.0,19.9,86.9
FLOOD_01127,-23.543607,-46.605989,2019-12-17,2019,12,0.58,VD BRESSER,1,739.0,1.12,1.95,665.8,0.8,El Nino,5.1,4.4,23.5,70.5
NOFLOOD_00464,-23.740312,-46.489441,2019-02-27,2019,2,0.0,Ponto de Controle Pseudo-Ausencia SP,0,787.0,18.54,33.54,10073.9,0.9,El Nino,5.9,7.6,22.2,77.3
NOFLOOD_00667,-23.549833,-46.678654,2019-04-10,2019,4,0.0,Ponto de Controle Pseudo-Ausencia SP,0,819.0,6.26,10.97,910.8,0.8,El Nino,3.7,2.2,18.4,85.8
FLOOD_00280,-23.68165,-46.69376,2019-02-15,2019,2,1.23,AV DAS NACOES UNIDAS,1,730.0,2.3,4.01,678.9,0.9,El Nino,20.9,13.8,19.9,84.7
FLOOD_00161,-23.64988,-46.72685,2019-01-26,2019,1,0.23,MARGINAL PINHEIROS,1,740.0,12.07,21.39,307.9,1.0,El Nino,7.9,8.0,21.2,76.2
NOFLOOD_00907,-23.455595,-46.664483,2019-02-07,2019,2,0.0,Ponto de Controle Pseudo-Ausencia SP,0,793.0,16.35,29.34,545.7,0.9,El Nino,0.6,1.0,20.1,79.7
NOFLOOD_00999,-23.588553,-46.757323,2019-06-03,2019,6,0.0,Ponto de Controle Pseudo-Ausencia SP,0,808.0,2.54,4.43,355.1,0.6,El Nino,12.4,4.2,17.3,87.4
FLOOD_00402,-23.549089,-46.627557,2019-02-21,2019,2,2.62,AV DO ESTADO,1,725.0,2.23,3.89,67.9,0.9,El Nino,27.5,13.6,22.1,83.6
NOFLOOD_00615,-23.710827,-46.600946,2019-11-14,2019,11,0.0,Ponto de Controle Pseudo-Ausencia SP,0,782.0,5.69,9.97,1119.0,0.7,El Nino,16.3,15.2,22.0,80.2
FLOOD_01125,-23.537535,-46.641682,2019-12-17,2019,12,1.42,AV RIO BRANCO,1,752.0,7.07,12.41,261.7,0.8,El Nino,5.1,4.4,23.5,70.5
FLOOD_00187,-23.51583,-46.65206,2019-01-30,2019,1,0.72,AV OLAVO FONTOURA,1,729.0,6.83,11.98,241.5,1.0,El Nino,24.1,38.2,26.2,63.4
NOFLOOD_00725,-23.633468,-46.637748,2019-09-05,2019,9,0.0,Ponto de Controle Pseudo-Ausencia SP,0,811.0,3.81,6.66,426.0,0.3,Nao El Nino,1.0,0.6,13.6,90.1
FLOOD_00468,-23.53705,-46.64988,2019-02-28,2019,2,0.13,AV S JOAO,1,750.0,7.87,13.82,836.3,0.9,El Nino,27.9,14.2,20.5,90.2
FLOOD_00662,-23.519022,-46.63012,2019-03-11,2019,3,1.92,MARGINAL TIETE,1,728.0,4.59,8.02,75.3,0.9,El Nino,56.6,22.0,20.6,87.4
NOFLOOD_00172,-23.658959,-46.431446,2019-04-14,2019,4,0.0,Ponto de Controle Pseudo-Ausencia SP,0,799.0,4.01,7.02,783.0,0.8,El Nino,12.7,5.4,20.2,84.4
NOFLOOD_00235,-23.426257,-46.688686,2019-01-03,2019,1,0.0,Ponto de Controle Pseudo-Ausencia SP,0,1213.0,12.14,21.51,387.8,1.0,El Nino,15.5,18.0,26.7,65.8
FLOOD_00425,-23.549915,-46.64605,2019-02-26,2019,2,0.22,AV NOVE DE JULHO,1,784.0,9.78,17.23,742.9,0.9,El Nino,52.9,14.0,20.8,86.1
NOFLOOD_00838,-23.660468,-46.47325,2019-11-15,2019,11,0.0,Ponto de Controle Pseudo-Ausencia SP,0,769.0,3.49,6.1,2281.5,0.7,El Nino,7.7,3.0,19.1,86.4
FLOOD_00627,-23.60652,-46.69694,2019-03-11,2019,3,6.12,AV DAS NACOES UNIDAS,1,727.0,12.5,22.16,349.4,0.9,El Nino,56.6,22.0,20.6,87.4
FLOOD_00686,-23.4956,-46.66128,2019-03-12,2019,3,0.83,AV ENG CAETANO ALVARES,1,729.0,1.52,2.66,16.9,0.9,El Nino,10.0,18.8,22.6,79.9
FLOOD_00304,-23.58589,-46.58914,2019-02-16,2019,2,2.87,AV PROF LUIZ IGNACIO ANHAIA MELLO,1,736.0,2.08,3.64,540.9,0.9,El Nino,57.8,16.4,20.5,90.4
NOFLOOD_00090,-23.668397,-46.477878,2019-11-06,2019,11,0.0,Ponto de Controle Pseudo-Ausencia SP,0,811.0,4.67,8.17,3275.2,0.7,El Nino,11.0,6.2,18.7,87.3
FLOOD_00971,-23.64472,-46.725363,2019-11-06,2019,11,1.42,AV DAS NACOES UNIDAS,1,730.0,2.23,3.9,85.9,0.7,El Nino,11.0,6.2,18.7,87.3
NOFLOOD_00216,-23.497168,-46.710878,2019-01-24,2019,1,0.0,Ponto de Controle Pseudo-Ausencia SP,0,773.0,5.38,9.41,347.3,1.0,El Nino,21.0,29.8,23.7,78.6
NOFLOOD_00497,-23.61965,-46.769386,2019-11-27,2019,11,0.0,Ponto de Controle Pseudo-Ausencia SP,0,798.0,3.91,6.83,546.0,0.7,El Nino,25.6,22.0,22.0,75.6
NOFLOOD_00064,-23.429768,-46.715716,2019-02-26,2019,2,0.0,Ponto de Controle Pseudo-Ausencia SP,0,859.0,14.11,25.13,294.8,0.9,El Nino,52.9,14.0,20.8,86.1
NOFLOOD_00727,-23.656117,-46.481285,2019-09-03,2019,9,0.0,Ponto de Controle Pseudo-Ausencia SP,0,769.0,3.58,6.26,2403.5,0.3,Nao El Nino,12.4,7.4,16.9,89.3
FLOOD_00473,-23.594522,-46.693457,2019-02-28,2019,2,2.28,MARGINAL PINHEIROS,1,722.0,4.08,7.14,237.0,0.9,El Nino,27.9,14.2,20.5,90.2
NOFLOOD_00361,-23.669741,-46.528995,2019-03-04,2019,3,0.0,Ponto de Controle Pseudo-Ausencia SP,0,797.0,3.28,5.72,5448.6,0.9,El Nino,4.0,4.6,22.2,77.6
NOFLOOD_00149,-23.47105,-46.708282,2019-03-20,2019,3,0.0,Ponto de Controle Pseudo-Ausencia SP,0,794.0,10.54,18.61,416.6,0.9,El Nino,10.8,14.6,21.7,81.9
NOFLOOD_00413,-23.689595,-46.530363,2019-04-29,2019,4,0.0,Ponto de Controle Pseudo-Ausencia SP,0,794.0,5.39,9.44,7528.7,0.8,El Nino,1.2,1.4,19.7,80.7
FLOOD_00709,-23.772851,-46.720254,2019-03-17,2019,3,2.12,ES ECOTURISTICA DE PARELHEIROS,1,760.0,3.28,5.72,271.0,0.9,El Nino,18.8,18.4,22.4,84.9
FLOOD_00891,-23.52698,-46.74619,2019-07-05,2019,7,7.92,AV ENG ROBERTO ZUCCOLO,1,731.0,7.69,13.5,418.8,0.4,Nao El Nino,56.4,8.6,13.1,90.0
NOFLOOD_00079,-23.579074,-46.761921,2019-02-24,2019,2,0.0,Ponto de Controle Pseudo-Ausencia SP,0,772.0,12.84,22.78,392.9,0.9,El Nino,1.9,3.4,26.4,61.5
NOFLOOD_00839,-23.631128,-46.741159,2019-03-03,2019,3,0.0,Ponto de Controle Pseudo-Ausencia SP,0,809.0,9.25,16.29,357.7,0.9,El Nino,22.9,27.8,21.6,83.6
NOFLOOD_00681,-23.455605,-46.474149,2019-11-09,2019,11,0.0,Ponto de Controle Pseudo-Ausencia SP,0,778.0,4.47,7.82,2434.4,0.7,El Nino,1.5,1.6,21.3,84.2
FLOOD_00715,-23.567961,-46.646514,2019-03-19,2019,3,0.73,R CINCINATO BRAGA,1,828.0,8.23,14.46,595.0,0.9,El Nino,18.6,18.0,24.8,75.3
NOFLOOD_01048,-23.562807,-46.456619,2019-03-05,2019,3,0.0,Ponto de Controle Pseudo-Ausencia SP,0,831.0,7.59,13.33,470.3,0.9,El Nino,3.6,2.4,23.5,73.4
NOFLOOD_01030,-23.557392,-46.428489,2019-04-16,2019,4,0.0,Ponto de Controle Pseudo-Ausencia SP,0,790.0,14.57,25.99,200.9,0.8,El Nino,4.3,8.2,22.7,77.6
NOFLOOD_00903,-23.741772,-46.606241,2019-04-28,2019,4,0.0,Ponto de Controle Pseudo-Ausencia SP,0,778.0,6.68,11.72,2273.9,0.8,El Nino,24.4,10.2,23.2,69.4
NOFLOOD_00886,-23.424228,-46.605881,2019-11-28,2019,11,0.0,Ponto de Controle Pseudo-Ausencia SP,0,1017.0,20.68,37.75,219.9,0.7,El Nino,7.7,4.8,19.0,89.5
NOFLOOD_00553,-23.627086,-46.566144,2019-02-04,2019,2,0.0,Ponto de Controle Pseudo-Ausencia SP,0,795.0,5.78,10.11,2165.0,0.9,El Nino,79.5,56.0,19.9,86.9
FLOOD_00469,-23.587799,-46.690269,2019-02-28,2019,2,2.53,AV DAS NACOES UNIDAS,1,726.0,5.44,9.53,267.8,0.9,El Nino,27.9,14.2,20.5,90.2
FLOOD_00514,-23.53758,-46.64177,2019-03-02,2019,3,0.25,AV RIO BRANCO,1,752.0,7.07,12.41,254.9,0.9,El Nino,18.7,20.6,22.1,83.4
FLOOD_00875,-23.541833,-46.632313,2019-07-04,2019,7,0.25,R VINTE E CINCO DE MARCO,1,745.0,1.91,3.33,43.1,0.4,Nao El Nino,65.9,10.4,16.5,89.9
NOFLOOD_00664,-23.621949,-46.553122,2019-04-09,2019,4,0.0,Ponto de Controle Pseudo-Ausencia SP,0,774.0,6.72,11.78,1688.4,0.8,El Nino,20.7,7.8,19.2,91.1
NOFLOOD_00562,-23.525351,-46.520338,2019-11-14,2019,11,0.0,Ponto de Controle Pseudo-Ausencia SP,0,778.0,3.59,6.27,567.8,0.7,El Nino,16.3,15.2,22.0,80.2
FLOOD_00588,-23.61621,-46.69909,2019-03-09,2019,3,0.0,AV DAS NACOES UNIDAS,1,728.0,4.79,8.38,444.0,0.9,El Nino,19.0,31.4,25.7,69.0
NOFLOOD_00393,-23.565862,-46.532441,2019-02-20,2019,2,0.0,Ponto de Controle Pseudo-Ausencia SP,0,808.0,3.83,6.69,590.3,0.9,El Nino,20.8,25.8,24.5,68.4
FLOOD_00162,-23.55636,-46.7104,2019-01-26,2019,1,1.6,MARGINAL PINHEIROS,1,728.0,1.73,3.01,27.8,1.0,El Nino,7.9,8.0,21.2,76.2
FLOOD_00890,-23.519022,-46.63012,2019-07-05,2019,7,5.25,MARGINAL TIETE,1,728.0,4.59,8.02,75.3,0.4,Nao El Nino,56.4,8.6,13.1,90.0
NOFLOOD_00391,-23.554039,-46.450816,2019-01-19,2019,1,0.0,Ponto de Controle Pseudo-Ausencia SP,0,809.0,5.81,10.18,366.2,1.0,El Nino,0.9,1.8,26.2,67.7
FLOOD_00317,-23.557195,-46.628561,2019-02-16,2019,2,2.42,R TEIXEIRA LEITE,1,734.0,2.45,4.27,242.8,0.9,El Nino,57.8,16.4,20.5,90.4
NOFLOOD_01008,-23.612647,-46.489332,2019-12-18,2019,12,0.0,Ponto de Controle Pseudo-Ausencia SP,0,845.0,4.85,8.49,654.0,0.8,El Nino,5.4,3.2,20.4,86.6
NOFLOOD_00142,-23.574715,-46.576266,2019-02-06,2019,2,0.0,Ponto de Controle Pseudo-Ausencia SP,0,795.0,6.11,10.7,484.7,0.9,El Nino,50.5,13.4,17.8,87.6
FLOOD_00211,-23.526943,-46.684077,2019-02-04,2019,2,22.82,R BR DO BANANAL,1,734.0,2.39,4.17,500.0,0.9,El Nino,79.5,56.0,19.9,86.9
NOFLOOD_01135,-23.679726,-46.433638,2019-12-13,2019,12,0.0,Ponto de Controle Pseudo-Ausencia SP,0,808.0,11.58,20.5,1445.8,0.8,El Nino,25.1,20.2,22.5,81.1
FLOOD_00070,-23.55772,-46.68621,2019-01-17,2019,1,0.5,R HARMONIA,1,760.0,6.44,11.29,1263.3,1.0,El Nino,6.5,7.8,24.9,66.0
FLOOD_01032,-23.538101,-46.598964,2019-12-05,2019,12,1.82,AV CELSO GARCIA,1,744.0,1.39,2.44,1115.7,0.8,El Nino,14.2,22.6,23.1,80.1
NOFLOOD_00051,-23.719542,-46.627513,2019-02-28,2019,2,0.0,Ponto de Controle Pseudo-Ausencia SP,0,781.0,4.17,7.29,409.5,0.9,El Nino,27.9,14.2,20.5,90.2
FLOOD_00549,-23.68165,-46.69376,2019-03-06,2019,3,1.38,R JAIME DE OLIVEIRA SOUZA,1,730.0,2.3,4.01,678.9,0.9,El Nino,29.9,44.0,23.3,76.7
FLOOD_00132,-23.557195,-46.628561,2019-01-24,2019,1,0.6,R TEIXEIRA LEITE,1,734.0,2.45,4.27,242.8,1.0,El Nino,21.0,29.8,23.7,78.6
FLOOD_00976,-23.53308,-46.64363,2019-11-12,2019,11,0.12,AL GLETE,1,750.0,3.29,5.75,719.3,0.7,El Nino,0.5,0.4,19.0,82.6
FLOOD_00866,-23.55075,-46.52235,2019-07-04,2019,7,3.37,AV ARICANDUVA,1,736.0,2.9,5.06,60.0,0.4,Nao El Nino,65.9,10.4,16.5,89.9
FLOOD_00716,-23.536647,-46.589148,2019-03-19,2019,3,1.07,AV CELSO GARCIA,1,736.0,6.06,10.61,772.4,0.9,El Nino,18.6,18.0,24.8,75.3
FLOOD_01028,-23.488011,-46.401349,2019-12-04,2019,12,2.85,AV BRAS DA ROCHA CARDOSO,1,732.0,2.23,3.89,90.0,0.8,El Nino,4.0,6.2,20.7,79.3
NOFLOOD_00900,-23.721357,-46.464262,2019-03-17,2019,3,0.0,Ponto de Controle Pseudo-Ausencia SP,0,826.0,17.75,32.01,6873.2,0.9,El Nino,18.8,18.4,22.4,84.9
FLOOD_00703,-23.661928,-46.706591,2019-03-17,2019,3,0.93,AV VITOR MANZINI,1,730.0,2.83,4.95,139.8,0.9,El Nino,18.8,18.4,22.4,84.9
NOFLOOD_00869,-23.70923,-46.738901,2019-04-11,2019,4,0.0,Ponto de Controle Pseudo-Ausencia SP,0,782.0,8.87,15.6,1524.2,0.8,El Nino,0.2,0.2,20.3,80.9
FLOOD_00530,-23.47798,-46.56115,2019-03-03,2019,3,0.15,R CAP BUSSE,1,730.0,1.79,3.13,30.6,0.9,El Nino,22.9,27.8,21.6,83.6
FLOOD_01026,-23.534139,-46.642826,2019-11-28,2019,11,0.37,AL BR DE PIRACICABA,1,751.0,0.34,0.6,579.5,0.7,El Nino,7.7,4.8,19.0,89.5
FLOOD_00058,-23.7665,-46.71702,2019-01-13,2019,1,0.0,AV SEN TEOTONIO VILELA,1,756.0,2.12,3.7,70.7,1.0,El Nino,8.3,16.4,24.1,73.3
FLOOD_00465,-23.4066,-46.75052,2019-02-26,2019,2,0.7,R BERNARDO JOSE DE LORENA,1,744.0,2.9,5.06,158.5,0.9,El Nino,52.9,14.0,20.8,86.1
NOFLOOD_00787,-23.464993,-46.701596,2019-01-20,2019,1,0.0,Ponto de Controle Pseudo-Ausencia SP,0,850.0,15.67,28.06,388.5,1.0,El Nino,13.2,9.4,24.3,77.5
FLOOD_00536,-23.52973,-46.59487,2019-03-05,2019,3,0.63,AV CDSSA ELISABETH DE ROBIANO,1,727.0,3.23,5.64,661.9,0.9,El Nino,3.6,2.4,23.5,73.4
NOFLOOD_01041,-23.723544,-46.456739,2019-03-02,2019,3,0.0,Ponto de Controle Pseudo-Ausencia SP,0,779.0,9.98,17.59,6592.6,0.9,El Nino,18.7,20.6,22.1,83.4
NOFLOOD_01103,-23.675462,-46.633378,2019-04-08,2019,4,0.0,Ponto de Controle Pseudo-Ausencia SP,0,829.0,16.54,29.7,843.9,0.8,El Nino,58.3,20.8,20.6,90.3
NOFLOOD_00804,-23.629103,-46.561857,2019-01-14,2019,1,0.0,Ponto de Controle Pseudo-Ausencia SP,0,770.0,8.94,15.72,2494.9,1.0,El Nino,11.1,21.2,24.4,73.6
NOFLOOD_00871,-23.70047,-46.467225,2019-02-04,2019,2,0.0,Ponto de Controle Pseudo-Ausencia SP,0,809.0,10.5,18.54,5204.9,0.9,El Nino,79.5,56.0,19.9,86.9
FLOOD_01003,-23.622354,-46.627954,2019-11-27,2019,11,0.48,AV PROF ABRAAO DE MORAIS,1,757.0,3.1,5.41,140.4,0.7,El Nino,25.6,22.0,22.0,75.6
FLOOD_00713,-23.563582,-46.646042,2019-03-19,2019,3,1.23,AV BRIG LUIS ANTONIO,1,815.0,9.03,15.88,489.3,0.9,El Nino,18.6,18.0,24.8,75.3
FLOOD_00071,-23.564218,-46.677964,2019-01-17,2019,1,0.38,R HENRIQUE SCHAUMANN,1,747.0,4.88,8.53,581.9,1.0,El Nino,6.5,7.8,24.9,66.0
FLOOD_01005,-23.595187,-46.621219,2019-11-27,2019,11,1.87,AV DR RICARDO JAFET,1,745.0,2.39,4.17,20.5,0.7,El Nino,25.6,22.0,22.0,75.6
FLOOD_00191,-23.66485,-46.67812,2019-02-04,2019,2,2.08,AV INTERLAGOS,1,753.0,1.91,3.33,359.7,0.9,El Nino,79.5,56.0,19.9,86.9
NOFLOOD_00866,-23.613525,-46.617681,2019-02-04,2019,2,0.0,Ponto de Controle Pseudo-Ausencia SP,0,793.0,4.77,8.34,564.8,0.9,El Nino,79.5,56.0,19.9,86.9
FLOOD_00916,-23.549408,-46.638806,2019-09-02,2019,9,0.75,PC DA BANDEIRA,1,754.0,20.39,37.18,592.5,0.3,Nao El Nino,18.5,5.8,16.1,88.0
NOFLOOD_00703,-23.62519,-46.732403,2019-01-03,2019,1,0.0,Ponto de Controle Pseudo-Ausencia SP,0,809.0,12.36,21.92,286.4,1.0,El Nino,15.5,18.0,26.7,65.8
NOFLOOD_01088,-23.707028,-46.751702,2019-11-28,2019,11,0.0,Ponto de Controle Pseudo-Ausencia SP,0,771.0,5.44,9.53,828.7,0.7,El Nino,7.7,4.8,19.0,89.5
NOFLOOD_00799,-23.574725,-46.618222,2019-02-26,2019,2,0.0,Ponto de Controle Pseudo-Ausencia SP,0,776.0,8.89,15.65,684.0,0.9,El Nino,52.9,14.0,20.8,86.1
FLOOD_00566,-23.655528,-46.724325,2019-03-06,2019,3,1.3,AV ATLANTICA,1,734.0,4.02,7.03,931.2,0.9,El Nino,29.9,44.0,23.3,76.7
NOFLOOD_00185,-23.727846,-46.480562,2019-01-17,2019,1,0.0,Ponto de Controle Pseudo-Ausencia SP,0,817.0,7.88,13.84,8423.3,1.0,El Nino,6.5,7.8,24.9,66.0
NOFLOOD_00576,-23.748459,-46.587838,2019-12-10,2019,12,0.0,Ponto de Controle Pseudo-Ausencia SP,0,784.0,6.27,10.99,3683.2,0.8,El Nino,32.3,18.2,20.8,85.5
NOFLOOD_00796,-23.484177,-46.622061,2019-02-07,2019,2,0.0,Ponto de Controle Pseudo-Ausencia SP,0,773.0,7.5,13.16,207.0,0.9,El Nino,0.6,1.0,20.1,79.7
NOFLOOD_00640,-23.667315,-46.477823,2019-11-28,2019,11,0.0,Ponto de Controle Pseudo-Ausencia SP,0,804.0,6.51,11.42,3171.5,0.7,El Nino,7.7,4.8,19.0,89.5
FLOOD_00311,-23.526397,-46.682273,2019-02-16,2019,2,0.17,AV POMPEIA,1,733.0,2.75,4.81,586.8,0.9,El Nino,57.8,16.4,20.5,90.4
FLOOD_00654,-23.521554,-46.666983,2019-03-11,2019,3,3.88,AV MARQ DE SAO VICENTE,1,727.0,0.74,1.3,265.1,0.9,El Nino,56.6,22.0,20.6,87.4
FLOOD_00933,-23.586651,-46.724337,2019-11-05,2019,11,0.93,AV PROF FRANCISCO MORATO,1,738.0,4.64,8.12,375.5,0.7,El Nino,17.9,12.4,24.2,71.0
FLOOD_00583,-23.50392,-46.68472,2019-03-09,2019,3,0.0,AV ANTONIO MUNHOZ BONILHA,1,726.0,7.13,12.51,525.0,0.9,El Nino,19.0,31.4,25.7,69.0
NOFLOOD_01155,-23.647941,-46.434946,2019-03-14,2019,3,0.0,Ponto de Controle Pseudo-Ausencia SP,0,831.0,11.85,20.98,896.2,0.9,El Nino,3.3,4.6,24.1,72.8
FLOOD_01098,-23.547286,-46.631949,2019-12-11,2019,12,0.98,R DR BITTENCOURT RODRIGUES,1,748.0,9.17,16.14,294.1,0.8,El Nino,5.6,3.6,20.8,84.4
NOFLOOD_00013,-23.458055,-46.548573,2019-01-25,2019,1,0.0,Ponto de Controle Pseudo-Ausencia SP,0,795.0,10.6,18.71,2052.0,1.0,El Nino,24.6,15.4,21.9,81.9
FLOOD_00759,-23.481155,-46.674059,2019-04-08,2019,4,0.03,AV INAJAR DE SOUZA,1,738.0,1.65,2.88,424.8,0.8,El Nino,58.3,20.8,20.6,90.3
NOFLOOD_00714,-23.613635,-46.497836,2019-04-23,2019,4,0.0,Ponto de Controle Pseudo-Ausencia SP,0,848.0,4.67,8.17,617.7,0.8,El Nino,0.0,0.0,21.9,81.9
NOFLOOD_00636,-23.446007,-46.732238,2019-12-04,2019,12,0.0,Ponto de Controle Pseudo-Ausencia SP,0,841.0,8.82,15.52,318.5,0.8,El Nino,4.0,6.2,20.7,79.3
NOFLOOD_00657,-23.449259,-46.484041,2019-03-17,2019,3,0.0,Ponto de Controle Pseudo-Ausencia SP,0,788.0,3.35,5.85,3103.2,0.9,El Nino,18.8,18.4,22.4,84.9
NOFLOOD_00131,-23.640295,-46.505366,2019-03-19,2019,3,0.0,Ponto de Controle Pseudo-Ausencia SP,0,788.0,3.11,5.44,1614.6,0.9,El Nino,18.6,18.0,24.8,75.3
FLOOD_00209,-23.681564,-46.693854,2019-02-04,2019,2,1.0,AV DAS NACOES UNIDAS,1,730.0,2.3,4.01,685.4,0.9,El Nino,79.5,56.0,19.9,86.9
NOFLOOD_00813,-23.617486,-46.658495,2019-01-29,2019,1,0.0,Ponto de Controle Pseudo-Ausencia SP,0,781.0,7.57,13.29,690.1,1.0,El Nino,0.8,1.4,26.3,64.8
FLOOD_01056,-23.63829,-46.72136,2019-12-10,2019,12,0.95,AV DAS NACOES UNIDAS,1,730.0,4.88,8.53,561.6,0.8,El Nino,32.3,18.2,20.8,85.5
NOFLOOD_00573,-23.645593,-46.522359,2019-12-23,2019,12,0.0,Ponto de Controle Pseudo-Ausencia SP,0,786.0,3.45,6.02,2813.8,0.8,El Nino,60.4,67.6,21.9,79.9
NOFLOOD_00490,-23.566535,-46.581956,2019-01-18,2019,1,0.0,Ponto de Controle Pseudo-Ausencia SP,0,794.0,3.11,5.44,350.9,1.0,El Nino,15.2,16.4,24.8,74.4
FLOOD_01119,-23.72117,-46.69665,2019-12-17,2019,12,0.25,VEL PRES JOAO GOULART,1,769.0,10.59,18.69,637.0,0.8,El Nino,5.1,4.4,23.5,70.5
NOFLOOD_00145,-23.702771,-46.613986,2019-02-25,2019,2,0.0,Ponto de Controle Pseudo-Ausencia SP,0,802.0,9.46,16.67,719.2,0.9,El Nino,6.6,13.2,26.0,63.1
FLOOD_00922,-23.480606,-46.378613,2019-10-17,2019,10,1.42,AV DAS PONTES,1,738.0,2.97,5.18,13.9,0.5,El Nino,0.1,0.2,21.7,76.4
FLOOD_00338,-23.55567,-46.64951,2019-02-20,2019,2,1.0,PCA 14 BIS,1,765.0,3.59,6.27,25.9,0.9,El Nino,20.8,25.8,24.5,68.4
FLOOD_00157,-23.6001,-46.65255,2019-01-26,2019,1,3.22,AV PROF ASCENDINO REIS,1,756.0,4.46,7.8,70.6,1.0,El Nino,7.9,8.0,21.2,76.2
FLOOD_00749,-23.51412,-46.72663,2019-04-07,2019,4,3.03,AV OTAVIANO ALVES DE LIMA,1,727.0,7.67,13.46,919.7,0.8,El Nino,3.6,2.2,23.1,83.1
NOFLOOD_00097,-23.43294,-46.551189,2019-04-14,2019,4,0.0,Ponto de Controle Pseudo-Ausencia SP,0,793.0,5.16,9.04,1598.4,0.8,El Nino,12.7,5.4,20.2,84.4
NOFLOOD_00467,-23.71194,-46.513319,2019-01-01,2019,1,0.0,Ponto de Controle Pseudo-Ausencia SP,0,806.0,12.55,22.26,9297.3,1.0,El Nino,3.3,2.4,23.4,76.8
NOFLOOD_00981,-23.666399,-46.611896,2019-01-14,2019,1,0.0,Ponto de Controle Pseudo-Ausencia SP,0,783.0,6.03,10.56,1250.8,1.0,El Nino,11.1,21.2,24.4,73.6
FLOOD_01126,-23.52711,-46.74734,2019-12-17,2019,12,0.7,AV DAS NACOES UNIDAS,1,726.0,2.8,4.89,338.3,0.8,El Nino,5.1,4.4,23.5,70.5
NOFLOOD_00363,-23.722714,-46.475681,2019-11-12,2019,11,0.0,Ponto de Controle Pseudo-Ausencia SP,0,852.0,11.44,20.23,7671.6,0.7,El Nino,0.5,0.4,19.0,82.6
FLOOD_00789,-23.53993,-46.63074,2019-04-23,2019,4,0.22,AV SEN QUEIROS,1,741.0,1.93,3.37,51.3,0.8,El Nino,0.0,0.0,21.9,81.9
FLOOD_00550,-23.62586,-46.69146,2019-03-06,2019,3,3.37,AV ROQUE PETRONI JUNIOR,1,732.0,1.8,3.14,71.4,0.9,El Nino,29.9,44.0,23.3,76.7
NOFLOOD_00485,-23.648258,-46.684597,2019-01-22,2019,1,0.0,Ponto de Controle Pseudo-Ausencia SP,0,802.0,5.16,9.04,549.1,1.0,El Nino,15.2,20.4,24.9,78.2
FLOOD_00912,-23.516721,-46.65397,2019-09-01,2019,9,3.77,MARGINAL TIETE,1,725.0,4.06,7.09,379.8,0.3,Nao El Nino,26.0,6.6,17.2,86.5
NOFLOOD_00255,-23.676,-46.425352,2019-01-24,2019,1,0.0,Ponto de Controle Pseudo-Ausencia SP,0,842.0,3.45,6.02,512.7,1.0,El Nino,21.0,29.8,23.7,78.6
NOFLOOD_01005,-23.60935,-46.487852,2019-12-11,2019,12,0.0,Ponto de Controle Pseudo-Ausencia SP,0,814.0,8.95,15.76,559.6,0.8,El Nino,5.6,3.6,20.8,84.4
FLOOD_00429,-23.605094,-46.699032,2019-02-26,2019,2,0.48,AV MAGALHAES DE CASTRO,1,731.0,3.5,6.12,421.9,0.9,El Nino,52.9,14.0,20.8,86.1
FLOOD_00230,-23.538101,-46.598964,2019-02-06,2019,2,3.02,AV CELSO GARCIA,1,744.0,1.39,2.44,1115.7,0.9,El Nino,50.5,13.4,17.8,87.6
NOFLOOD_00646,-23.682981,-46.467214,2019-04-10,2019,4,0.0,Ponto de Controle Pseudo-Ausencia SP,0,779.0,5.59,9.8,4001.5,0.8,El Nino,3.7,2.2,18.4,85.8
FLOOD_00363,-23.57948,-46.710538,2019-02-21,2019,2,0.93,AV PROF FRANCISCO MORATO,1,739.0,3.08,5.38,96.0,0.9,El Nino,27.5,13.6,22.1,83.6
NOFLOOD_00122,-23.586495,-46.54147,2019-03-28,2019,3,0.0,Ponto de Controle Pseudo-Ausencia SP,0,789.0,6.33,11.1,422.5,0.9,El Nino,2.4,1.8,20.4,81.2
FLOOD_01156,-23.538101,-46.598964,2019-12-23,2019,12,1.17,AV CELSO GARCIA,1,744.0,1.39,2.44,1115.7,0.8,El Nino,60.4,67.6,21.9,79.9
FLOOD_00009,-23.528865,-46.4572,2019-01-01,2019,1,22.03,AV JACU PESSEGO,1,743.0,2.85,4.98,7.6,1.0,El Nino,3.3,2.4,23.4,76.8
FLOOD_00972,-23.57865,-46.69445,2019-11-06,2019,11,1.45,AV DAS NACOES UNIDAS,1,725.0,7.44,13.05,161.0,0.7,El Nino,11.0,6.2,18.7,87.3
FLOOD_00131,-23.524646,-46.630781,2019-01-24,2019,1,1.6,AV SANTOS DUMONT,1,727.0,3.43,5.99,547.6,1.0,El Nino,21.0,29.8,23.7,78.6
FLOOD_00591,-23.58481,-46.66952,2019-03-09,2019,3,0.72,R BENTO DE ANDRADE,1,741.0,6.17,10.82,761.1,0.9,El Nino,19.0,31.4,25.7,69.0
NOFLOOD_00535,-23.7012,-46.565783,2019-03-06,2019,3,0.0,Ponto de Controle Pseudo-Ausencia SP,0,813.0,5.87,10.28,4601.6,0.9,El Nino,29.9,44.0,23.3,76.7
FLOOD_01058,-23.506722,-46.74767,2019-12-10,2019,12,1.55,AV ELISIO CORDEIRO DE SIQUEIRA,1,733.0,6.09,10.67,400.2,0.8,El Nino,32.3,18.2,20.8,85.5
NOFLOOD_00884,-23.576073,-46.591127,2019-11-30,2019,11,0.0,Ponto de Controle Pseudo-Ausencia SP,0,773.0,11.93,21.12,224.5,0.7,El Nino,0.5,0.6,21.4,78.2
FLOOD_00571,-23.58473,-46.57951,2019-03-07,2019,3,0.3,AV PROF LUIZ IGNACIO ANHAIA MELLO,1,743.0,3.08,5.39,541.8,0.9,El Nino,20.0,15.8,22.9,80.6
NOFLOOD_01016,-23.735705,-46.51345,2019-06-01,2019,6,0.0,Ponto de Controle Pseudo-Ausencia SP,0,805.0,20.61,37.6,9622.1,0.6,El Nino,26.5,14.6,20.2,83.6
NOFLOOD_00146,-23.598342,-46.539937,2019-04-16,2019,4,0.0,Ponto de Controle Pseudo-Ausencia SP,0,791.0,9.86,17.38,515.1,0.8,El Nino,4.3,8.2,22.7,77.6
FLOOD_00771,-23.6094,-46.69777,2019-04-09,2019,4,6.65,PTE OCTAVIO FRIAS DE OLIVEIRA,1,738.0,6.98,12.24,333.6,0.8,El Nino,20.7,7.8,19.2,91.1
FLOOD_00427,-23.587799,-46.690269,2019-02-26,2019,2,8.1,AV DAS NACOES UNIDAS,1,726.0,5.44,9.53,267.8,0.9,El Nino,52.9,14.0,20.8,86.1
NOFLOOD_01049,-23.5902,-46.430539,2019-12-18,2019,12,0.0,Ponto de Controle Pseudo-Ausencia SP,0,833.0,13.31,23.67,400.9,0.8,El Nino,5.4,3.2,20.4,86.6
NOFLOOD_00100,-23.657954,-46.617711,2019-12-14,2019,12,0.0,Ponto de Controle Pseudo-Ausencia SP,0,816.0,10.94,19.33,361.6,0.8,El Nino,25.4,26.0,21.7,82.2
FLOOD_00192,-23.629371,-46.631062,2019-02-04,2019,2,0.2,AV AFFONSO DESCRAGNOLLE TAUNAY,1,761.0,1.38,2.4,283.4,0.9,El Nino,79.5,56.0,19.9,86.9
NOFLOOD_00680,-23.457509,-46.752474,2019-01-14,2019,1,0.0,Ponto de Controle Pseudo-Ausencia SP,0,815.0,19.31,35.04,412.7,1.0,El Nino,11.1,21.2,24.4,73.6
FLOOD_00087,-23.516721,-46.65397,2019-01-17,2019,1,1.52,MARGINAL TIETE,1,725.0,4.06,7.09,379.8,1.0,El Nino,6.5,7.8,24.9,66.0
FLOOD_00348,-23.58203,-46.56178,2019-02-20,2019,2,0.67,R SAO GOTARDO,1,751.0,1.8,3.14,65.7,0.9,El Nino,20.8,25.8,24.5,68.4
FLOOD_00472,-23.572243,-46.701211,2019-02-28,2019,2,0.23,MARGINAL PINHEIROS,1,722.0,3.98,6.95,1045.4,0.9,El Nino,27.9,14.2,20.5,90.2
NOFLOOD_00969,-23.501699,-46.588293,2019-03-19,2019,3,0.0,Ponto de Controle Pseudo-Ausencia SP,0,773.0,3.75,6.55,282.9,0.9,El Nino,18.6,18.0,24.8,75.3
NOFLOOD_00189,-23.547521,-46.548628,2019-01-04,2019,1,0.0,Ponto de Controle Pseudo-Ausencia SP,0,774.0,3.08,5.38,751.9,1.0,El Nino,26.7,18.4,23.4,79.6
FLOOD_00565,-23.773018,-46.720133,2019-03-06,2019,3,0.42,AV SEN TEOTONIO VILELA,1,762.0,3.81,6.66,293.1,0.9,El Nino,29.9,44.0,23.3,76.7
FLOOD_00935,-23.543261,-46.587096,2019-11-05,2019,11,1.28,AV ALCANTARA MACHADO,1,747.0,2.67,4.66,332.8,0.7,El Nino,17.9,12.4,24.2,71.0
NOFLOOD_01080,-23.573641,-46.653413,2019-01-25,2019,1,0.0,Ponto de Controle Pseudo-Ausencia SP,0,775.0,5.09,8.9,712.8,1.0,El Nino,24.6,15.4,21.9,81.9
NOFLOOD_01121,-23.582794,-46.639101,2019-04-26,2019,4,0.0,Ponto de Controle Pseudo-Ausencia SP,0,817.0,4.14,7.25,724.6,0.8,El Nino,13.8,10.2,22.3,82.6
FLOOD_00886,-23.519022,-46.63012,2019-07-05,2019,7,8.65,MARGINAL TIETE,1,728.0,4.59,8.02,75.3,0.4,Nao El Nino,56.4,8.6,13.1,90.0
FLOOD_00915,-23.587799,-46.690269,2019-09-02,2019,9,3.13,AV DAS NACOES UNIDAS,1,726.0,5.44,9.53,267.8,0.3,Nao El Nino,18.5,5.8,16.1,88.0
FLOOD_00767,-23.5723,-46.70079,2019-04-09,2019,4,2.8,MARGINAL PINHEIROS,1,724.0,3.81,6.67,1065.9,0.8,El Nino,20.7,7.8,19.2,91.1
NOFLOOD_00010,-23.423457,-46.5496,2019-07-05,2019,7,0.0,Ponto de Controle Pseudo-Ausencia SP,0,813.0,12.46,22.1,1537.0,0.4,Nao El Nino,56.4,8.6,13.1,90.0
FLOOD_00232,-23.43466,-46.71991,2019-02-06,2019,2,5.37,AV RAIMUNDO PEREIRA DE MAGALHAES,1,829.0,4.45,7.78,147.3,0.9,El Nino,50.5,13.4,17.8,87.6
FLOOD_00962,-23.620869,-46.678484,2019-11-05,2019,11,0.55,VD PABL AUSTREGESILO DE ATHAYDE,1,749.0,7.08,12.43,121.9,0.7,El Nino,17.9,12.4,24.2,71.0
FLOOD_00407,-23.5904,-46.69125,2019-02-22,2019,2,0.22,AV DAS NACOES UNIDAS,1,726.0,2.7,4.72,272.1,0.9,El Nino,6.3,5.4,23.0,81.4
NOFLOOD_00939,-23.729405,-46.455613,2019-01-10,2019,1,0.0,Ponto de Controle Pseudo-Ausencia SP,0,765.0,6.5,11.39,7076.5,1.0,El Nino,0.0,0.0,26.4,64.0
NOFLOOD_00228,-23.704198,-46.526007,2019-04-11,2019,4,0.0,Ponto de Controle Pseudo-Ausencia SP,0,802.0,5.34,9.34,8355.2,0.8,El Nino,0.2,0.2,20.3,80.9
NOFLOOD_01027,-23.612135,-46.764079,2019-04-22,2019,4,0.0,Ponto de Controle Pseudo-Ausencia SP,0,780.0,11.3,19.97,492.8,0.8,El Nino,1.1,2.2,22.5,78.0
NOFLOOD_00425,-23.68074,-46.514459,2019-11-28,2019,11,0.0,Ponto de Controle Pseudo-Ausencia SP,0,792.0,4.79,8.38,6168.9,0.7,El Nino,7.7,4.8,19.0,89.5
FLOOD_00012,-23.54891,-46.63858,2019-01-03,2019,1,0.25,PC DA BANDEIRA,1,768.0,16.99,30.56,638.2,1.0,El Nino,15.5,18.0,26.7,65.8
NOFLOOD_00401,-23.717784,-46.520082,2019-04-11,2019,4,0.0,Ponto de Controle Pseudo-Ausencia SP,0,862.0,16.56,29.74,8783.5,0.8,El Nino,0.2,0.2,20.3,80.9
NOFLOOD_01110,-23.436454,-46.424492,2019-04-29,2019,4,0.0,Ponto de Controle Pseudo-Ausencia SP,0,782.0,3.1,5.41,4437.4,0.8,El Nino,1.2,1.4,19.7,80.7
NOFLOOD_00336,-23.501053,-46.500617,2019-01-24,2019,1,0.0,Ponto de Controle Pseudo-Ausencia SP,0,780.0,5.14,8.99,782.6,1.0,El Nino,21.0,29.8,23.7,78.6
FLOOD_00415,-23.519123,-46.749391,2019-02-22,2019,2,4.62,R DA DESPEDIDA,1,729.0,1.29,2.25,637.9,0.9,El Nino,6.3,5.4,23.0,81.4
NOFLOOD_00584,-23.46074,-46.687916,2019-06-01,2019,6,0.0,Ponto de Controle Pseudo-Ausencia SP,0,827.0,3.18,5.55,386.3,0.6,El Nino,26.5,14.6,20.2,83.6
NOFLOOD_01101,-23.722858,-46.602263,2019-03-20,2019,3,0.0,Ponto de Controle Pseudo-Ausencia SP,0,802.0,5.19,9.09,529.7,0.9,El Nino,10.8,14.6,21.7,81.9
FLOOD_00288,-23.54981,-46.63891,2019-02-15,2019,2,0.47,PC DA BANDEIRA,1,749.0,14.41,25.69,554.4,0.9,El Nino,20.9,13.8,19.9,84.7
FLOOD_00306,-23.56852,-46.6079,2019-02-16,2019,2,8.8,AV DO ESTADO,1,734.0,3.78,6.61,58.9,0.9,El Nino,57.8,16.4,20.5,90.4
NOFLOOD_00757,-23.661734,-46.547928,2019-02-27,2019,2,0.0,Ponto de Controle Pseudo-Ausencia SP,0,785.0,8.1,14.23,5080.3,0.9,El Nino,5.9,7.6,22.2,77.3
NOFLOOD_00092,-23.443467,-46.572713,2019-03-19,2019,3,0.0,Ponto de Controle Pseudo-Ausencia SP,0,777.0,12.18,21.59,378.2,0.9,El Nino,18.6,18.0,24.8,75.3
FLOOD_00267,-23.543123,-46.627042,2019-02-06,2019,2,3.23,AV MERCURIO,1,735.0,1.12,1.95,261.5,0.9,El Nino,50.5,13.4,17.8,87.6
FLOOD_00556,-23.6758,-46.69931,2019-03-06,2019,3,1.95,AV DAS NACOES UNIDAS,1,728.0,1.45,2.53,33.0,0.9,El Nino,29.9,44.0,23.3,76.7
FLOOD_00757,-23.540294,-46.639824,2019-04-08,2019,4,1.25,AV RIO BRANCO,1,762.0,8.55,15.03,253.6,0.8,El Nino,58.3,20.8,20.6,90.3
NOFLOOD_00810,-23.717951,-46.518938,2019-06-01,2019,6,0.0,Ponto de Controle Pseudo-Ausencia SP,0,869.0,9.1,16.02,8899.7,0.6,El Nino,26.5,14.6,20.2,83.6
NOFLOOD_00238,-23.638279,-46.548594,2019-12-23,2019,12,0.0,Ponto de Controle Pseudo-Ausencia SP,0,799.0,3.81,6.66,3149.6,0.8,El Nino,60.4,67.6,21.9,79.9
FLOOD_00141,-23.62099,-46.67795,2019-01-25,2019,1,0.87,AV VER JOSE DINIZ,1,747.0,5.28,9.25,157.0,1.0,El Nino,24.6,15.4,21.9,81.9
FLOOD_00618,-23.626249,-46.687451,2019-03-10,2019,3,0.8,AV ROQUE PETRONI JUNIOR,1,737.0,2.67,4.66,273.8,0.9,El Nino,5.7,7.8,22.9,80.5
NOFLOOD_00078,-23.677782,-46.49052,2019-11-30,2019,11,0.0,Ponto de Controle Pseudo-Ausencia SP,0,825.0,17.33,31.2,4872.9,0.7,El Nino,0.5,0.6,21.4,78.2
NOFLOOD_00177,-23.745096,-46.495606,2019-02-22,2019,2,0.0,Ponto de Controle Pseudo-Ausencia SP,0,776.0,7.61,13.36,10871.2,0.9,El Nino,6.3,5.4,23.0,81.4
NOFLOOD_00226,-23.421807,-46.645031,2019-01-04,2019,1,0.0,Ponto de Controle Pseudo-Ausencia SP,0,1029.0,18.34,33.15,848.5,1.0,El Nino,26.7,18.4,23.4,79.6
FLOOD_01052,-23.58086,-46.69502,2019-12-10,2019,12,0.58,AV MAGALHAES DE CASTRO,1,723.0,4.45,7.77,80.5,0.8,El Nino,32.3,18.2,20.8,85.5
NOFLOOD_00454,-23.575665,-46.428029,2019-03-14,2019,3,0.0,Ponto de Controle Pseudo-Ausencia SP,0,869.0,10.94,19.33,262.8,0.9,El Nino,3.3,4.6,24.1,72.8
NOFLOOD_00707,-23.624192,-46.567943,2019-12-11,2019,12,0.0,Ponto de Controle Pseudo-Ausencia SP,0,793.0,5.57,9.75,1866.0,0.8,El Nino,5.6,3.6,20.8,84.4
NOFLOOD_00612,-23.62505,-46.485843,2019-01-16,2019,1,0.0,Ponto de Controle Pseudo-Ausencia SP,0,780.0,5.08,8.89,307.0,1.0,El Nino,5.4,8.4,25.5,69.2
NOFLOOD_00837,-23.438092,-46.756025,2019-11-15,2019,11,0.0,Ponto de Controle Pseudo-Ausencia SP,0,802.0,9.86,17.39,473.3,0.7,El Nino,7.7,3.0,19.1,86.4
FLOOD_00337,-23.60004,-46.65078,2019-02-20,2019,2,1.25,AV RUBEM BERTA,1,767.0,8.22,14.45,169.5,0.9,El Nino,20.8,25.8,24.5,68.4
NOFLOOD_00302,-23.443397,-46.633513,2019-04-22,2019,4,0.0,Ponto de Controle Pseudo-Ausencia SP,0,937.0,14.78,26.38,283.0,0.8,El Nino,1.1,2.2,22.5,78.0
FLOOD_00201,-23.56785,-46.60671,2019-02-04,2019,2,1.2,R PRES COSTA PEREIRA,1,737.0,1.39,2.44,195.3,0.9,El Nino,79.5,56.0,19.9,86.9
NOFLOOD_00891,-23.643105,-46.777793,2019-11-27,2019,11,0.0,Ponto de Controle Pseudo-Ausencia SP,0,777.0,7.08,12.43,281.6,0.7,El Nino,25.6,22.0,22.0,75.6
FLOOD_00205,-23.508076,-46.612543,2019-02-04,2019,2,10.57,R CEL MARQUES RIBEIRO,1,726.0,2.7,4.72,907.4,0.9,El Nino,79.5,56.0,19.9,86.9
FLOOD_00840,-23.541812,-46.614768,2019-06-03,2019,6,4.78,AV RANGEL PESTANA,1,740.0,4.77,8.34,1277.1,0.6,El Nino,12.4,4.2,17.3,87.4
FLOOD_00039,-23.58297,-46.56886,2019-01-08,2019,1,1.9,AV PROF LUIZ IGNACIO ANHAIA MELLO,1,745.0,2.08,3.64,649.5,1.0,El Nino,0.4,0.6,26.6,60.3
NOFLOOD_00052,-23.70683,-46.427273,2019-01-29,2019,1,0.0,Ponto de Controle Pseudo-Ausencia SP,0,781.0,13.65,24.28,3646.3,1.0,El Nino,0.8,1.4,26.3,64.8
FLOOD_00073,-23.526397,-46.682273,2019-01-17,2019,1,0.73,AV POMPEIA,1,733.0,2.75,4.81,586.8,1.0,El Nino,6.5,7.8,24.9,66.0
NOFLOOD_01149,-23.458094,-46.694292,2019-01-22,2019,1,0.0,Ponto de Controle Pseudo-Ausencia SP,0,821.0,13.68,24.34,340.8,1.0,El Nino,15.2,20.4,24.9,78.2
FLOOD_00100,-23.50401,-46.63095,2019-01-22,2019,1,2.8,R COMEN JOAQUIM MONTEIRO,1,732.0,2.11,3.68,997.7,1.0,El Nino,15.2,20.4,24.9,78.2
NOFLOOD_00652,-23.727502,-46.598149,2019-04-07,2019,4,0.0,Ponto de Controle Pseudo-Ausencia SP,0,808.0,6.97,12.22,1189.5,0.8,El Nino,3.6,2.2,23.1,83.1
NOFLOOD_00407,-23.684883,-46.566807,2019-03-20,2019,3,0.0,Ponto de Controle Pseudo-Ausencia SP,0,795.0,8.1,14.24,4844.1,0.9,El Nino,10.8,14.6,21.7,81.9
NOFLOOD_00086,-23.608558,-46.467934,2019-02-06,2019,2,0.0,Ponto de Controle Pseudo-Ausencia SP,0,812.0,10.7,18.9,215.8,0.9,El Nino,50.5,13.4,17.8,87.6
FLOOD_00080,-23.549408,-46.638806,2019-01-17,2019,1,0.77,PC DA BANDEIRA,1,754.0,20.39,37.18,592.5,1.0,El Nino,6.5,7.8,24.9,66.0
FLOOD_00659,-23.52355,-46.64865,2019-03-11,2019,3,0.55,R VISC DE TAUNAY,1,727.0,0.74,1.3,310.8,0.9,El Nino,56.6,22.0,20.6,87.4
NOFLOOD_00950,-23.479376,-46.641503,2019-02-20,2019,2,0.0,Ponto de Controle Pseudo-Ausencia SP,0,784.0,20.98,38.34,295.5,0.9,El Nino,20.8,25.8,24.5,68.4
FLOOD_00525,-23.62654,-46.62947,2019-03-03,2019,3,0.38,AV PROF ABRAAO DE MORAIS,1,756.0,3.49,6.1,28.2,0.9,El Nino,22.9,27.8,21.6,83.6
NOFLOOD_00133,-23.599214,-46.51992,2019-04-06,2019,4,0.0,Ponto de Controle Pseudo-Ausencia SP,0,804.0,2.79,4.87,391.3,0.8,El Nino,3.1,3.8,24.1,78.2
FLOOD_00931,-23.502783,-46.684443,2019-11-05,2019,11,0.5,AV ANTONIO MUNHOZ BONILHA,1,726.0,1.8,3.14,457.3,0.7,El Nino,17.9,12.4,24.2,71.0
NOFLOOD_00961,-23.550739,-46.452353,2019-12-11,2019,12,0.0,Ponto de Controle Pseudo-Ausencia SP,0,788.0,14.55,25.95,632.0,0.8,El Nino,5.6,3.6,20.8,84.4
NOFLOOD_01061,-23.685831,-46.665607,2019-10-28,2019,10,0.0,Ponto de Controle Pseudo-Ausencia SP,0,791.0,7.23,12.69,340.1,0.5,El Nino,21.3,12.0,24.7,60.2
FLOOD_00077,-23.519358,-46.674654,2019-01-17,2019,1,1.32,PC PASCOAL MARTINS,1,725.0,1.8,3.14,740.1,1.0,El Nino,6.5,7.8,24.9,66.0
FLOOD_00960,-23.537535,-46.641682,2019-11-05,2019,11,8.27,AV RIO BRANCO,1,752.0,7.07,12.41,261.7,0.7,El Nino,17.9,12.4,24.2,71.0
NOFLOOD_00421,-23.478538,-46.76502,2019-12-09,2019,12,0.0,Ponto de Controle Pseudo-Ausencia SP,0,795.0,2.57,4.49,570.9,0.8,El Nino,3.6,5.2,20.3,78.2
NOFLOOD_00737,-23.443016,-46.71154,2019-12-11,2019,12,0.0,Ponto de Controle Pseudo-Ausencia SP,0,838.0,16.99,30.54,403.4,0.8,El Nino,5.6,3.6,20.8,84.4
NOFLOOD_00058,-23.676597,-46.486029,2019-04-14,2019,4,0.0,Ponto de Controle Pseudo-Ausencia SP,0,831.0,19.84,36.09,4492.8,0.8,El Nino,12.7,5.4,20.2,84.4
NOFLOOD_00230,-23.734243,-46.628863,2019-11-06,2019,11,0.0,Ponto de Controle Pseudo-Ausencia SP,0,781.0,6.59,11.55,1571.8,0.7,El Nino,11.0,6.2,18.7,87.3
NOFLOOD_00123,-23.64332,-46.430733,2019-03-28,2019,3,0.0,Ponto de Controle Pseudo-Ausencia SP,0,863.0,36.03,72.74,689.3,0.9,El Nino,2.4,1.8,20.4,81.2
FLOOD_00391,-23.557195,-46.628561,2019-02-21,2019,2,0.32,R SAO PAULO,1,734.0,2.45,4.27,242.8,0.9,El Nino,27.5,13.6,22.1,83.6
FLOOD_00279,-23.6382,-46.74101,2019-02-15,2019,2,1.82,R JOAQUIM NUNES TEIXEIRA,1,740.0,5.84,10.23,342.1,0.9,El Nino,20.9,13.8,19.9,84.7
NOFLOOD_00662,-23.742162,-46.521927,2019-01-06,2019,1,0.0,Ponto de Controle Pseudo-Ausencia SP,0,804.0,4.47,7.82,8945.6,1.0,El Nino,24.0,14.6,23.2,80.8
FLOOD_00509,-23.57218,-46.69991,2019-03-02,2019,3,5.85,MARGINAL PINHEIROS,1,729.0,6.06,10.61,1052.5,0.9,El Nino,18.7,20.6,22.1,83.4
NOFLOOD_00511,-23.456432,-46.559065,2019-03-12,2019,3,0.0,Ponto de Controle Pseudo-Ausencia SP,0,780.0,2.56,4.48,1262.2,0.9,El Nino,10.0,18.8,22.6,79.9
FLOOD_00376,-23.681564,-46.693854,2019-02-21,2019,2,0.35,AV DAS NACOES UNIDAS,1,730.0,2.3,4.01,685.4,0.9,El Nino,27.5,13.6,22.1,83.6
FLOOD_00418,-23.511048,-46.610043,2019-02-25,2019,2,0.58,R CEL MARQUES RIBEIRO,1,727.0,2.54,4.43,1140.3,0.9,El Nino,6.6,13.2,26.0,63.1
FLOOD_00442,-23.53527,-46.45492,2019-02-26,2019,2,0.1,AV JACU PESSEGO,1,754.0,1.12,1.95,100.2,0.9,El Nino,52.9,14.0,20.8,86.1
NOFLOOD_00488,-23.701053,-46.523983,2019-03-12,2019,3,0.0,Ponto de Controle Pseudo-Ausencia SP,0,836.0,3.55,6.21,8564.1,0.9,El Nino,10.0,18.8,22.6,79.9
FLOOD_00461,-23.695997,-46.650088,2019-02-26,2019,2,0.18,ES DO ALVARENGA,1,754.0,6.5,11.4,39.0,0.9,El Nino,52.9,14.0,20.8,86.1
NOFLOOD_00735,-23.5029,-46.656883,2019-07-04,2019,7,0.0,Ponto de Controle Pseudo-Ausencia SP,0,770.0,5.77,10.1,367.1,0.4,Nao El Nino,65.9,10.4,16.5,89.9
NOFLOOD_00150,-23.62415,-46.650775,2019-03-03,2019,3,0.0,Ponto de Controle Pseudo-Ausencia SP,0,802.0,4.46,7.8,863.4,0.9,El Nino,22.9,27.8,21.6,83.6
FLOOD_01152,-23.519022,-46.63012,2019-12-23,2019,12,0.5,MARGINAL TIETE,1,728.0,4.59,8.02,75.3,0.8,El Nino,60.4,67.6,21.9,79.9
FLOOD_01088,-23.526397,-46.682273,2019-12-11,2019,12,0.97,R PALESTRA ITALIA,1,733.0,2.75,4.81,586.8,0.8,El Nino,5.6,3.6,20.8,84.4
NOFLOOD_00282,-23.546555,-46.476663,2019-09-05,2019,9,0.0,Ponto de Controle Pseudo-Ausencia SP,0,807.0,14.39,25.66,667.2,0.3,Nao El Nino,1.0,0.6,13.6,90.1
NOFLOOD_01141,-23.477014,-46.612903,2019-07-05,2019,7,0.0,Ponto de Controle Pseudo-Ausencia SP,0,793.0,4.21,7.36,279.3,0.4,Nao El Nino,56.4,8.6,13.1,90.0
FLOOD_00880,-23.530494,-46.600009,2019-07-04,2019,7,0.43,AV GUILHERME COTCHING,1,726.0,2.74,4.79,1192.0,0.4,Nao El Nino,65.9,10.4,16.5,89.9
NOFLOOD_00858,-23.616394,-46.764943,2019-12-11,2019,12,0.0,Ponto de Controle Pseudo-Ausencia SP,0,774.0,9.17,16.14,454.6,0.8,El Nino,5.6,3.6,20.8,84.4
FLOOD_00360,-23.51551,-46.67166,2019-02-21,2019,2,1.43,AV PRES CASTELO BRANCO,1,723.0,3.18,5.56,221.4,0.9,El Nino,27.5,13.6,22.1,83.6
NOFLOOD_00722,-23.685734,-46.497775,2019-04-29,2019,4,0.0,Ponto de Controle Pseudo-Ausencia SP,0,798.0,6.15,10.78,6023.2,0.8,El Nino,1.2,1.4,19.7,80.7
FLOOD_00455,-23.507707,-46.747265,2019-02-26,2019,2,8.77,AV ELISIO CORDEIRO DE SIQUEIRA,1,732.0,2.06,3.6,449.9,0.9,El Nino,52.9,14.0,20.8,86.1
FLOOD_00302,-23.526397,-46.682273,2019-02-16,2019,2,0.52,AV POMPEIA,1,733.0,2.75,4.81,586.8,0.9,El Nino,57.8,16.4,20.5,90.4
FLOOD_00861,-23.53806,-46.59838,2019-07-04,2019,7,1.38,AV CELSO GARCIA,1,745.0,1.78,3.12,1083.3,0.4,Nao El Nino,65.9,10.4,16.5,89.9
NOFLOOD_00368,-23.702417,-46.484551,2019-03-21,2019,3,0.0,Ponto de Controle Pseudo-Ausencia SP,0,803.0,5.13,8.97,6662.3,0.9,El Nino,13.7,3.2,18.4,89.7
FLOOD_00137,-23.58589,-46.58914,2019-01-25,2019,1,0.35,AV PROF LUIZ IGNACIO ANHAIA MELLO,1,736.0,2.08,3.64,540.9,1.0,El Nino,24.6,15.4,21.9,81.9
FLOOD_01040,-23.5203,-46.74608,2019-12-09,2019,12,0.57,AV EMB MACEDO SOARES,1,728.0,6.27,10.99,621.4,0.8,El Nino,3.6,5.2,20.3,78.2
NOFLOOD_00245,-23.538975,-46.495068,2019-01-11,2019,1,0.0,Ponto de Controle Pseudo-Ausencia SP,0,796.0,4.82,8.43,267.8,1.0,El Nino,15.2,23.4,24.4,68.9
NOFLOOD_00518,-23.734111,-46.622241,2019-04-07,2019,4,0.0,Ponto de Controle Pseudo-Ausencia SP,0,791.0,8.89,15.65,1826.9,0.8,El Nino,3.6,2.2,23.1,83.1
FLOOD_01075,-23.510426,-46.609057,2019-12-10,2019,12,1.98,R CEL MARQUES RIBEIRO,1,728.0,2.8,4.89,1244.9,0.8,El Nino,32.3,18.2,20.8,85.5
FLOOD_01086,-23.526943,-46.684077,2019-12-11,2019,12,0.65,R BR DO BANANAL,1,734.0,2.39,4.17,500.0,0.8,El Nino,5.6,3.6,20.8,84.4
NOFLOOD_00880,-23.431123,-46.510239,2019-03-14,2019,3,0.0,Ponto de Controle Pseudo-Ausencia SP,0,777.0,6.35,11.12,4118.6,0.9,El Nino,3.3,4.6,24.1,72.8
FLOOD_00585,-23.54003,-46.611555,2019-03-09,2019,3,0.0,AV CELSO GARCIA,1,738.0,2.03,3.55,1343.7,0.9,El Nino,19.0,31.4,25.7,69.0
NOFLOOD_00997,-23.541896,-46.650666,2019-01-16,2019,1,0.0,Ponto de Controle Pseudo-Ausencia SP,0,768.0,2.57,4.49,887.3,1.0,El Nino,5.4,8.4,25.5,69.2
NOFLOOD_00130,-23.558625,-46.542421,2019-01-26,2019,1,0.0,Ponto de Controle Pseudo-Ausencia SP,0,795.0,9.06,15.94,274.9,1.0,El Nino,7.9,8.0,21.2,76.2
NOFLOOD_00991,-23.56281,-46.443385,2019-03-12,2019,3,0.0,Ponto de Controle Pseudo-Ausencia SP,0,784.0,3.77,6.59,401.0,0.9,El Nino,10.0,18.8,22.6,79.9
NOFLOOD_01033,-23.455167,-46.660154,2019-01-06,2019,1,0.0,Ponto de Controle Pseudo-Ausencia SP,0,784.0,16.66,29.92,406.7,1.0,El Nino,24.0,14.6,23.2,80.8
FLOOD_00405,-23.527408,-46.555181,2019-02-21,2019,2,0.8,AV AIRTON PRETINI,1,729.0,1.52,2.66,361.0,0.9,El Nino,27.5,13.6,22.1,83.6
NOFLOOD_01085,-23.598038,-46.752496,2019-01-23,2019,1,0.0,Ponto de Controle Pseudo-Ausencia SP,0,765.0,13.56,24.12,204.7,1.0,El Nino,3.0,6.0,24.9,76.9
NOFLOOD_01111,-23.714348,-46.689752,2019-04-26,2019,4,0.0,Ponto de Controle Pseudo-Ausencia SP,0,780.0,5.57,9.75,764.5,0.8,El Nino,13.8,10.2,22.3,82.6
NOFLOOD_00111,-23.72189,-46.690651,2019-07-05,2019,7,0.0,Ponto de Controle Pseudo-Ausencia SP,0,779.0,5.74,10.05,292.1,0.4,Nao El Nino,56.4,8.6,13.1,90.0
NOFLOOD_00760,-23.504521,-46.510094,2019-02-15,2019,2,0.0,Ponto de Controle Pseudo-Ausencia SP,0,791.0,6.98,12.24,216.5,0.9,El Nino,20.9,13.8,19.9,84.7
FLOOD_00212,-23.522908,-46.630293,2019-02-04,2019,2,4.72,AV SANTOS DUMONT,1,731.0,2.3,4.01,439.6,0.9,El Nino,79.5,56.0,19.9,86.9
NOFLOOD_00668,-23.624134,-46.484036,2019-01-04,2019,1,0.0,Ponto de Controle Pseudo-Ausencia SP,0,775.0,3.11,5.44,316.9,1.0,El Nino,26.7,18.4,23.4,79.6
FLOOD_00665,-23.5945,-46.58305,2019-03-11,2019,3,3.52,AV DR FRANCISCO MESQUITA,1,737.0,2.07,3.61,724.5,0.9,El Nino,56.6,22.0,20.6,87.4
NOFLOOD_01106,-23.444654,-46.427973,2019-01-13,2019,1,0.0,Ponto de Controle Pseudo-Ausencia SP,0,791.0,4.81,8.41,3499.7,1.0,El Nino,8.3,16.4,24.1,73.3
NOFLOOD_00557,-23.747207,-46.689139,2019-03-05,2019,3,0.0,Ponto de Controle Pseudo-Ausencia SP,0,772.0,9.57,16.86,265.0,0.9,El Nino,3.6,2.4,23.5,73.4
FLOOD_00653,-23.52208,-46.66311,2019-03-11,2019,3,2.32,R JOAQUIM MANUEL DE MACEDO,1,728.0,2.88,5.03,136.3,0.9,El Nino,56.6,22.0,20.6,87.4
NOFLOOD_00631,-23.692695,-46.486512,2019-01-19,2019,1,0.0,Ponto de Controle Pseudo-Ausencia SP,0,877.0,23.0,42.45,6061.1,1.0,El Nino,0.9,1.8,26.2,67.7
NOFLOOD_00768,-23.613973,-46.723942,2019-01-02,2019,1,0.0,Ponto de Controle Pseudo-Ausencia SP,0,789.0,6.54,11.46,385.3,1.0,El Nino,22.2,41.2,25.4,74.2
FLOOD_00274,-23.51291,-46.69326,2019-02-07,2019,2,5.1,R CARLOS SPERA,1,732.0,4.21,7.36,316.5,0.9,El Nino,0.6,1.0,20.1,79.7
NOFLOOD_01123,-23.633588,-46.427998,2019-03-07,2019,3,0.0,Ponto de Controle Pseudo-Ausencia SP,0,862.0,13.64,24.26,334.4,0.9,El Nino,20.0,15.8,22.9,80.6
FLOOD_01143,-23.684293,-46.691685,2019-12-23,2019,12,3.22,AV INTERLAGOS,1,731.0,0.51,0.89,541.9,0.8,El Nino,60.4,67.6,21.9,79.9
FLOOD_01074,-23.47269,-46.5715,2019-12-10,2019,12,2.45,AV EDU CHAVES,1,738.0,1.91,3.33,591.6,0.8,El Nino,32.3,18.2,20.8,85.5
NOFLOOD_01073,-23.710613,-46.680202,2019-01-13,2019,1,0.0,Ponto de Controle Pseudo-Ausencia SP,0,767.0,2.56,4.48,233.8,1.0,El Nino,8.3,16.4,24.1,73.3
FLOOD_00945,-23.549408,-46.638806,2019-11-05,2019,11,0.33,AV VINTE E TRES DE MAIO,1,754.0,20.39,37.18,592.5,0.7,El Nino,17.9,12.4,24.2,71.0
FLOOD_00538,-23.54028,-46.62815,2019-03-05,2019,3,2.93,AV DO ESTADO,1,730.0,3.98,6.95,235.1,0.9,El Nino,3.6,2.4,23.5,73.4
FLOOD_00382,-23.51951,-46.67414,2019-02-21,2019,2,0.25,PC PASCOAL MARTINS,1,727.0,1.45,2.53,729.5,0.9,El Nino,27.5,13.6,22.1,83.6
NOFLOOD_00965,-23.55347,-46.484179,2019-04-26,2019,4,0.0,Ponto de Controle Pseudo-Ausencia SP,0,804.0,5.81,10.18,240.9,0.8,El Nino,13.8,10.2,22.3,82.6
FLOOD_00329,-23.619176,-46.627722,2019-02-16,2019,2,0.6,AV PROF ABRAAO DE MORAIS,1,753.0,3.14,5.49,339.8,0.9,El Nino,57.8,16.4,20.5,90.4
NOFLOOD_00440,-23.706209,-46.698571,2019-11-27,2019,11,0.0,Ponto de Controle Pseudo-Ausencia SP,0,783.0,3.55,6.21,767.4,0.7,El Nino,25.6,22.0,22.0,75.6
NOFLOOD_00721,-23.586858,-46.776144,2019-11-15,2019,11,0.0,Ponto de Controle Pseudo-Ausencia SP,0,766.0,14.54,25.93,445.7,0.7,El Nino,7.7,3.0,19.1,86.4
NOFLOOD_00032,-23.729998,-46.517843,2019-01-19,2019,1,0.0,Ponto de Controle Pseudo-Ausencia SP,0,937.0,10.04,17.7,9081.1,1.0,El Nino,0.9,1.8,26.2,67.7
FLOOD_00510,-23.618062,-46.701142,2019-03-02,2019,3,0.97,MARGINAL PINHEIROS,1,731.0,3.81,6.66,412.5,0.9,El Nino,18.7,20.6,22.1,83.4
FLOOD_00944,-23.519022,-46.63012,2019-11-05,2019,11,0.67,MARGINAL TIETE,1,728.0,4.59,8.02,75.3,0.7,El Nino,17.9,12.4,24.2,71.0
FLOOD_00521,-23.515237,-46.666753,2019-03-02,2019,3,3.08,MARGINAL TIETE,1,721.0,6.96,12.21,46.9,0.9,El Nino,18.7,20.6,22.1,83.4
FLOOD_00953,-23.582701,-46.572179,2019-11-05,2019,11,0.52,AV PROF LUIZ IGNACIO ANHAIA MELLO,1,741.0,3.14,5.49,985.0,0.7,El Nino,17.9,12.4,24.2,71.0
FLOOD_00660,-23.57782,-46.70178,2019-03-11,2019,3,3.53,AV LINEU DE PAULA MACHADO,1,729.0,4.59,8.02,788.8,0.9,El Nino,56.6,22.0,20.6,87.4
NOFLOOD_00252,-23.420452,-46.707936,2019-01-24,2019,1,0.0,Ponto de Controle Pseudo-Ausencia SP,0,1144.0,17.28,31.1,274.6,1.0,El Nino,21.0,29.8,23.7,78.6
FLOOD_00397,-23.539251,-46.627554,2019-02-21,2019,2,2.8,AV DO ESTADO,1,730.0,2.9,5.06,318.3,0.9,El Nino,27.5,13.6,22.1,83.6
NOFLOOD_00372,-23.545857,-46.4927,2019-12-05,2019,12,0.0,Ponto de Controle Pseudo-Ausencia SP,0,785.0,9.07,15.96,577.8,0.8,El Nino,14.2,22.6,23.1,80.1
NOFLOOD_00274,-23.742352,-46.439716,2019-04-28,2019,4,0.0,Ponto de Controle Pseudo-Ausencia SP,0,803.0,7.57,13.29,7770.9,0.8,El Nino,24.4,10.2,23.2,69.4
FLOOD_00956,-23.61585,-46.627199,2019-11-05,2019,11,0.77,AV PROF ABRAAO DE MORAIS,1,756.0,4.51,7.89,29.2,0.7,El Nino,17.9,12.4,24.2,71.0
NOFLOOD_01127,-23.621201,-46.573886,2019-04-25,2019,4,0.0,Ponto de Controle Pseudo-Ausencia SP,0,775.0,6.21,10.88,1223.3,0.8,El Nino,0.3,0.4,22.7,79.3
FLOOD_00679,-23.559226,-46.624181,2019-03-11,2019,3,0.23,R OTTO DE ALENCAR,1,734.0,0.93,1.62,664.3,0.9,El Nino,56.6,22.0,20.6,87.4
NOFLOOD_01054,-23.748583,-46.514142,2019-04-28,2019,4,0.0,Ponto de Controle Pseudo-Ausencia SP,0,820.0,14.69,26.21,9917.1,0.8,El Nino,24.4,10.2,23.2,69.4
FLOOD_00481,-23.58433,-46.57692,2019-03-02,2019,3,2.42,AV PROF LUIZ IGNACIO ANHAIA MELLO,1,745.0,4.32,7.55,796.8,0.9,El Nino,18.7,20.6,22.1,83.4
FLOOD_00803,-23.543123,-46.627042,2019-04-26,2019,4,0.02,AV MERCURIO,1,735.0,1.12,1.95,261.5,0.8,El Nino,13.8,10.2,22.3,82.6
FLOOD_00083,-23.555743,-46.649899,2019-01-17,2019,1,0.33,PC QUATORZE BIS,1,765.0,3.1,5.41,15.4,1.0,El Nino,6.5,7.8,24.9,66.0
NOFLOOD_00590,-23.715378,-46.521244,2019-01-22,2019,1,0.0,Ponto de Controle Pseudo-Ausencia SP,0,886.0,6.11,10.7,8675.6,1.0,El Nino,15.2,20.4,24.9,78.2
NOFLOOD_00633,-23.498416,-46.681505,2019-03-10,2019,3,0.0,Ponto de Controle Pseudo-Ausencia SP,0,773.0,4.29,7.5,274.0,0.9,El Nino,5.7,7.8,22.9,80.5
FLOOD_00500,-23.606507,-46.696939,2019-03-02,2019,3,5.8,AV DAS NACOES UNIDAS,1,727.0,12.5,22.16,350.0,0.9,El Nino,18.7,20.6,22.1,83.4
NOFLOOD_00276,-23.586685,-46.462358,2019-11-14,2019,11,0.0,Ponto de Controle Pseudo-Ausencia SP,0,838.0,8.58,15.09,235.6,0.7,El Nino,16.3,15.2,22.0,80.2
NOFLOOD_00600,-23.660295,-46.641142,2019-04-23,2019,4,0.0,Ponto de Controle Pseudo-Ausencia SP,0,796.0,10.09,17.79,234.9,0.8,El Nino,0.0,0.0,21.9,81.9
FLOOD_00520,-23.555724,-46.577416,2019-03-02,2019,3,5.73,AV SALIM FARAH MALUF,1,746.0,6.01,10.53,138.8,0.9,El Nino,18.7,20.6,22.1,83.4
NOFLOOD_00392,-23.60795,-46.776203,2019-02-26,2019,2,0.0,Ponto de Controle Pseudo-Ausencia SP,0,766.0,5.25,9.19,636.0,0.9,El Nino,52.9,14.0,20.8,86.1
FLOOD_00129,-23.544233,-46.592625,2019-01-24,2019,1,0.33,AV ALCANTARA MACHADO,1,748.0,4.01,7.0,199.9,1.0,El Nino,21.0,29.8,23.7,78.6
NOFLOOD_00896,-23.731513,-46.592414,2019-09-01,2019,9,0.0,Ponto de Controle Pseudo-Ausencia SP,0,818.0,16.66,29.93,1918.2,0.3,Nao El Nino,26.0,6.6,17.2,86.5
NOFLOOD_00116,-23.587048,-46.751041,2019-01-08,2019,1,0.0,Ponto de Controle Pseudo-Ausencia SP,0,803.0,5.44,9.53,470.3,1.0,El Nino,0.4,0.6,26.6,60.3
FLOOD_00814,-23.51427,-46.66661,2019-05-05,2019,5,1.25,MARGINAL TIETE,1,726.0,4.85,8.49,90.8,0.7,El Nino,2.3,3.0,22.4,76.4
NOFLOOD_01152,-23.668706,-46.680016,2019-12-31,2019,12,0.0,Ponto de Controle Pseudo-Ausencia SP,0,786.0,6.21,10.88,612.2,0.8,El Nino,0.1,0.2,23.7,69.7
NOFLOOD_00826,-23.706378,-46.750284,2019-09-02,2019,9,0.0,Ponto de Controle Pseudo-Ausencia SP,0,780.0,2.54,4.43,804.5,0.3,Nao El Nino,18.5,5.8,16.1,88.0
NOFLOOD_00265,-23.45234,-46.658457,2019-09-01,2019,9,0.0,Ponto de Controle Pseudo-Ausencia SP,0,782.0,7.87,13.81,205.5,0.3,Nao El Nino,26.0,6.6,17.2,86.5
FLOOD_00335,-23.58529,-46.6531,2019-02-20,2019,2,1.23,AV VINTE E TRES DE MAIO,1,765.0,4.75,8.31,649.7,0.9,El Nino,20.8,25.8,24.5,68.4
NOFLOOD_00718,-23.696956,-46.432755,2019-01-01,2019,1,0.0,Ponto de Controle Pseudo-Ausencia SP,0,787.0,9.35,16.47,2798.3,1.0,El Nino,3.3,2.4,23.4,76.8
NOFLOOD_00374,-23.648272,-46.65043,2019-02-27,2019,2,0.0,Ponto de Controle Pseudo-Ausencia SP,0,791.0,6.33,11.1,427.6,0.9,El Nino,5.9,7.6,22.2,77.3
NOFLOOD_00029,-23.511294,-46.462342,2019-09-02,2019,9,0.0,Ponto de Controle Pseudo-Ausencia SP,0,781.0,3.5,6.12,421.0,0.3,Nao El Nino,18.5,5.8,16.1,88.0
NOFLOOD_00743,-23.576507,-46.627657,2019-06-03,2019,6,0.0,Ponto de Controle Pseudo-Ausencia SP,0,778.0,8.22,14.45,425.1,0.6,El Nino,12.4,4.2,17.3,87.4
NOFLOOD_00772,-23.673699,-46.777402,2019-03-17,2019,3,0.0,Ponto de Controle Pseudo-Ausencia SP,0,790.0,5.62,9.84,346.8,0.9,El Nino,18.8,18.4,22.4,84.9
FLOOD_00193,-23.619277,-46.62742,2019-02-04,2019,2,1.0,R RIBEIRO LACERDA,1,755.0,9.6,16.92,348.3,0.9,El Nino,79.5,56.0,19.9,86.9
FLOOD_00601,-23.619176,-46.627722,2019-03-10,2019,3,3.12,AV PROF ABRAAO DE MORAIS,1,753.0,3.14,5.49,339.8,0.9,El Nino,5.7,7.8,22.9,80.5
FLOOD_00630,-23.51548,-46.66923,2019-03-11,2019,3,7.58,AV PRES CASTELO BRANCO,1,728.0,3.67,6.41,267.3,0.9,El Nino,56.6,22.0,20.6,87.4
FLOOD_01112,-23.527543,-46.683086,2019-12-17,2019,12,0.6,AV POMPEIA,1,736.0,5.48,9.59,614.2,0.8,El Nino,5.1,4.4,23.5,70.5
NOFLOOD_00481,-23.431808,-46.694762,2019-02-26,2019,2,0.0,Ponto de Controle Pseudo-Ausencia SP,0,1087.0,10.75,18.99,284.0,0.9,El Nino,52.9,14.0,20.8,86.1
NOFLOOD_00313,-23.696377,-46.614791,2019-02-25,2019,2,0.0,Ponto de Controle Pseudo-Ausencia SP,0,824.0,3.5,6.11,1335.2,0.9,El Nino,6.6,13.2,26.0,63.1
NOFLOOD_00109,-23.539503,-46.508995,2019-01-19,2019,1,0.0,Ponto de Controle Pseudo-Ausencia SP,0,771.0,3.14,5.49,419.3,1.0,El Nino,0.9,1.8,26.2,67.7
NOFLOOD_00484,-23.631765,-46.502679,2019-04-11,2019,4,0.0,Ponto de Controle Pseudo-Ausencia SP,0,769.0,7.83,13.75,691.9,0.8,El Nino,0.2,0.2,20.3,80.9
FLOOD_01046,-23.528865,-46.4572,2019-12-09,2019,12,2.4,AV JACU PESSEGO,1,743.0,2.85,4.98,7.6,0.8,El Nino,3.6,5.2,20.3,78.2
FLOOD_00325,-23.53593,-46.456066,2019-02-16,2019,2,0.33,R PDE VIEGAS DE MENEZES,1,750.0,2.23,3.9,50.4,0.9,El Nino,57.8,16.4,20.5,90.4
NOFLOOD_01012,-23.686672,-46.424823,2019-01-18,2019,1,0.0,Ponto de Controle Pseudo-Ausencia SP,0,782.0,11.08,19.58,1424.9,1.0,El Nino,15.2,16.4,24.8,74.4
FLOOD_00711,-23.51412,-46.72663,2019-03-19,2019,3,0.65,AV OTAVIANO ALVES DE LIMA,1,727.0,7.67,13.46,919.7,0.9,El Nino,18.6,18.0,24.8,75.3
NOFLOOD_01072,-23.450758,-46.547877,2019-01-04,2019,1,0.0,Ponto de Controle Pseudo-Ausencia SP,0,802.0,11.05,19.52,2109.7,1.0,El Nino,26.7,18.4,23.4,79.6
NOFLOOD_01094,-23.686789,-46.678532,2019-12-14,2019,12,0.0,Ponto de Controle Pseudo-Ausencia SP,0,768.0,7.1,12.46,704.5,0.8,El Nino,25.4,26.0,21.7,82.2
FLOOD_01110,-23.47269,-46.5715,2019-12-14,2019,12,0.8,AV EDU CHAVES,1,738.0,1.91,3.33,591.6,0.8,El Nino,25.4,26.0,21.7,82.2
FLOOD_00194,-23.62074,-46.6278,2019-02-04,2019,2,1.25,AV PROF ABRAAO DE MORAIS,1,757.0,4.08,7.14,263.1,0.9,El Nino,79.5,56.0,19.9,86.9
NOFLOOD_01154,-23.738513,-46.513798,2019-01-10,2019,1,0.0,Ponto de Controle Pseudo-Ausencia SP,0,784.0,6.84,11.99,9649.5,1.0,El Nino,0.0,0.0,26.4,64.0
FLOOD_01124,-23.72117,-46.69665,2019-12-17,2019,12,1.55,VEL PRES JOAO GOULART,1,769.0,10.59,18.69,637.0,0.8,El Nino,5.1,4.4,23.5,70.5
FLOOD_00946,-23.507707,-46.747265,2019-11-05,2019,11,0.52,AV ELISIO CORDEIRO DE SIQUEIRA,1,732.0,2.06,3.6,449.9,0.7,El Nino,17.9,12.4,24.2,71.0
FLOOD_00903,-23.56656,-46.66902,2019-07-05,2019,7,2.53,R ESTADOS UNIDOS,1,755.0,6.21,10.88,237.4,0.4,Nao El Nino,56.4,8.6,13.1,90.0
FLOOD_00147,-23.549089,-46.627557,2019-01-25,2019,1,23.6,AV DO ESTADO,1,725.0,2.23,3.89,67.9,1.0,El Nino,24.6,15.4,21.9,81.9
FLOOD_00121,-23.54981,-46.63891,2019-01-24,2019,1,0.13,PC DA BANDEIRA,1,749.0,14.41,25.69,554.4,1.0,El Nino,21.0,29.8,23.7,78.6
NOFLOOD_00347,-23.65659,-46.61215,2019-11-14,2019,11,0.0,Ponto de Controle Pseudo-Ausencia SP,0,801.0,6.94,12.17,461.4,0.7,El Nino,16.3,15.2,22.0,80.2
FLOOD_00728,-23.5366,-46.64249,2019-04-06,2019,4,1.38,AV RIO BRANCO,1,750.0,4.45,7.78,359.3,0.8,El Nino,3.1,3.8,24.1,78.2
NOFLOOD_00583,-23.680307,-46.772111,2019-04-28,2019,4,0.0,Ponto de Controle Pseudo-Ausencia SP,0,804.0,9.53,16.79,336.1,0.8,El Nino,24.4,10.2,23.2,69.4
FLOOD_00444,-23.594522,-46.693457,2019-02-26,2019,2,3.7,MARGINAL PINHEIROS,1,722.0,4.08,7.14,237.0,0.9,El Nino,52.9,14.0,20.8,86.1
FLOOD_00902,-23.543123,-46.627042,2019-07-05,2019,7,0.3,AV MERCURIO,1,735.0,1.12,1.95,261.5,0.4,Nao El Nino,56.4,8.6,13.1,90.0
NOFLOOD_00379,-23.705288,-46.777564,2019-03-21,2019,3,0.0,Ponto de Controle Pseudo-Ausencia SP,0,827.0,16.04,28.76,324.8,0.9,El Nino,13.7,3.2,18.4,89.7
NOFLOOD_00765,-23.642684,-46.608584,2019-06-03,2019,6,0.0,Ponto de Controle Pseudo-Ausencia SP,0,795.0,4.59,8.02,222.6,0.6,El Nino,12.4,4.2,17.3,87.4
FLOOD_00539,-23.540356,-46.62947,2019-03-05,2019,3,2.88,AV MERCURIO,1,737.0,7.31,12.83,100.5,0.9,El Nino,3.6,2.4,23.5,73.4
FLOOD_00963,-23.53593,-46.456066,2019-11-05,2019,11,0.7,R PDE VIEGAS DE MENEZES,1,750.0,2.23,3.9,50.4,0.7,El Nino,17.9,12.4,24.2,71.0
FLOOD_01129,-23.623443,-46.69999,2019-12-17,2019,12,0.93,AV DR CHUCRI ZAIDAN,1,729.0,4.14,7.25,241.7,0.8,El Nino,5.1,4.4,23.5,70.5
FLOOD_00676,-23.591806,-46.588545,2019-03-11,2019,3,3.35,R GUAMIRANGA,1,740.0,0.93,1.62,659.2,0.9,El Nino,56.6,22.0,20.6,87.4
FLOOD_00381,-23.663187,-46.707436,2019-02-21,2019,2,0.82,AV VITOR MANZINI,1,730.0,3.08,5.39,279.1,0.9,El Nino,27.5,13.6,22.1,83.6
NOFLOOD_00943,-23.704107,-46.580048,2019-03-14,2019,3,0.0,Ponto de Controle Pseudo-Ausencia SP,0,803.0,2.54,4.43,3176.0,0.9,El Nino,3.3,4.6,24.1,72.8
FLOOD_00378,-23.52711,-46.74734,2019-02-21,2019,2,0.95,AV DAS NACOES UNIDAS,1,726.0,2.8,4.89,338.3,0.9,El Nino,27.5,13.6,22.1,83.6
FLOOD_00245,-23.54181,-46.61478,2019-02-06,2019,2,4.0,R GOMES CARDIM,1,740.0,4.77,8.34,1277.8,0.9,El Nino,50.5,13.4,17.8,87.6
NOFLOOD_00554,-23.56806,-46.65607,2019-02-26,2019,2,0.0,Ponto de Controle Pseudo-Ausencia SP,0,796.0,17.34,31.22,943.7,0.9,El Nino,52.9,14.0,20.8,86.1
NOFLOOD_00801,-23.688774,-46.773261,2019-03-14,2019,3,0.0,Ponto de Controle Pseudo-Ausencia SP,0,804.0,9.86,17.39,256.5,0.9,El Nino,3.3,4.6,24.1,72.8
NOFLOOD_00402,-23.482639,-46.738569,2019-03-10,2019,3,0.0,Ponto de Controle Pseudo-Ausencia SP,0,769.0,3.83,6.7,414.1,0.9,El Nino,5.7,7.8,22.9,80.5
FLOOD_00958,-23.645408,-46.729981,2019-11-05,2019,11,3.88,AV ELLIS MAAS,1,735.0,3.91,6.83,126.3,0.7,El Nino,17.9,12.4,24.2,71.0
NOFLOOD_00209,-23.548764,-46.648997,2019-03-02,2019,3,0.0,Ponto de Controle Pseudo-Ausencia SP,0,782.0,9.06,15.94,770.6,0.9,El Nino,18.7,20.6,22.1,83.4
FLOOD_00113,-23.48969,-46.60981,2019-01-24,2019,1,0.48,AV AL ATALIBA LEONEL,1,742.0,2.9,5.06,166.0,1.0,El Nino,21.0,29.8,23.7,78.6
FLOOD_01000,-23.621329,-46.683946,2019-11-27,2019,11,1.3,AV SANTO AMARO,1,742.0,1.39,2.43,273.0,0.7,El Nino,25.6,22.0,22.0,75.6
FLOOD_00806,-23.665335,-46.678112,2019-04-28,2019,4,3.22,AV INTERLAGOS,1,753.0,6.35,11.13,400.3,0.8,El Nino,24.4,10.2,23.2,69.4
FLOOD_00670,-23.51967,-46.65615,2019-03-11,2019,3,3.47,R GERALDO BUONO,1,728.0,3.59,6.27,174.2,0.9,El Nino,56.6,22.0,20.6,87.4
FLOOD_00388,-23.538101,-46.598964,2019-02-21,2019,2,2.97,AV CELSO GARCIA,1,744.0,1.39,2.44,1115.7,0.9,El Nino,27.5,13.6,22.1,83.6
FLOOD_01053,-23.626336,-46.68747,2019-12-10,2019,12,1.1,AV SANTO AMARO,1,736.0,0.47,0.81,269.4,0.8,El Nino,32.3,18.2,20.8,85.5
FLOOD_00693,-23.478524,-46.621311,2019-03-12,2019,3,0.13,AV AGUA FRIA,1,758.0,2.74,4.79,62.0,0.9,El Nino,10.0,18.8,22.6,79.9
NOFLOOD_00634,-23.429738,-46.616976,2019-01-24,2019,1,0.0,Ponto de Controle Pseudo-Ausencia SP,0,1042.0,24.62,45.83,352.6,1.0,El Nino,21.0,29.8,23.7,78.6
NOFLOOD_00279,-23.707541,-46.745195,2019-03-17,2019,3,0.0,Ponto de Controle Pseudo-Ausencia SP,0,767.0,7.33,12.86,1207.1,0.9,El Nino,18.8,18.4,22.4,84.9
NOFLOOD_00921,-23.620615,-46.528139,2019-11-21,2019,11,0.0,Ponto de Controle Pseudo-Ausencia SP,0,796.0,4.81,8.41,766.5,0.7,El Nino,0.0,0.0,21.8,75.6
NOFLOOD_01099,-23.61005,-46.59487,2019-04-06,2019,4,0.0,Ponto de Controle Pseudo-Ausencia SP,0,769.0,6.84,11.99,411.1,0.8,El Nino,3.1,3.8,24.1,78.2
NOFLOOD_00754,-23.589127,-46.514851,2019-01-16,2019,1,0.0,Ponto de Controle Pseudo-Ausencia SP,0,796.0,9.56,16.84,788.8,1.0,El Nino,5.4,8.4,25.5,69.2
NOFLOOD_01017,-23.691957,-46.497223,2019-04-25,2019,4,0.0,Ponto de Controle Pseudo-Ausencia SP,0,836.0,13.49,23.99,6541.9,0.8,El Nino,0.3,0.4,22.7,79.3
NOFLOOD_01053,-23.422055,-46.573171,2019-04-10,2019,4,0.0,Ponto de Controle Pseudo-Ausencia SP,0,794.0,4.79,8.38,206.0,0.8,El Nino,3.7,2.2,18.4,85.8
FLOOD_00022,-23.625838,-46.691575,2019-01-04,2019,1,0.27,AV ROQUE PETRONI JUNIOR,1,732.0,5.32,9.32,64.8,1.0,El Nino,26.7,18.4,23.4,79.6
NOFLOOD_00597,-23.434821,-46.683409,2019-12-10,2019,12,0.0,Ponto de Controle Pseudo-Ausencia SP,0,1079.0,16.94,30.46,343.5,0.8,El Nino,32.3,18.2,20.8,85.5
NOFLOOD_00288,-23.494259,-46.448612,2019-12-11,2019,12,0.0,Ponto de Controle Pseudo-Ausencia SP,0,770.0,2.78,4.85,538.5,0.8,El Nino,5.6,3.6,20.8,84.4
NOFLOOD_00817,-23.646081,-46.502252,2019-11-28,2019,11,0.0,Ponto de Controle Pseudo-Ausencia SP,0,803.0,7.63,13.4,2274.6,0.7,El Nino,7.7,4.8,19.0,89.5
FLOOD_00567,-23.52534,-46.5625,2019-03-06,2019,3,0.77,AV CDSSA ELISABETH DE ROBIANO,1,729.0,1.73,3.01,121.1,0.9,El Nino,29.9,44.0,23.3,76.7
NOFLOOD_00818,-23.662554,-46.459735,2019-02-24,2019,2,0.0,Ponto de Controle Pseudo-Ausencia SP,0,770.0,4.08,7.14,2114.9,0.9,El Nino,1.9,3.4,26.4,61.5
FLOOD_00347,-23.58126,-46.58581,2019-02-20,2019,2,1.42,R JOSE ZAPPI,1,749.0,4.42,7.72,393.5,0.9,El Nino,20.8,25.8,24.5,68.4
NOFLOOD_00366,-23.457107,-46.60882,2019-01-08,2019,1,0.0,Ponto de Controle Pseudo-Ausencia SP,0,766.0,12.5,22.17,241.2,1.0,El Nino,0.4,0.6,26.6,60.3
FLOOD_00736,-23.5206,-46.70104,2019-04-06,2019,4,1.07,R GUAICURUS,1,738.0,8.91,15.68,205.4,0.8,El Nino,3.1,3.8,24.1,78.2
NOFLOOD_00708,-23.450407,-46.478611,2019-09-02,2019,9,0.0,Ponto de Controle Pseudo-Ausencia SP,0,801.0,4.88,8.54,2946.1,0.3,Nao El Nino,18.5,5.8,16.1,88.0
NOFLOOD_00940,-23.749722,-46.578389,2019-03-12,2019,3,0.0,Ponto de Controle Pseudo-Ausencia SP,0,774.0,6.21,10.87,4369.0,0.9,El Nino,10.0,18.8,22.6,79.9
FLOOD_00224,-23.519022,-46.63012,2019-02-04,2019,2,2.63,MARGINAL TIETE,1,728.0,4.59,8.02,75.3,0.9,El Nino,79.5,56.0,19.9,86.9
FLOOD_00178,-23.5366,-46.64249,2019-01-30,2019,1,1.77,AV RIO BRANCO,1,750.0,4.45,7.78,359.3,1.0,El Nino,24.1,38.2,26.2,63.4
FLOOD_00290,-23.66213,-46.70615,2019-02-15,2019,2,0.73,AV VITOR MANZINI,1,734.0,0.51,0.89,104.9,0.9,El Nino,20.9,13.8,19.9,84.7
NOFLOOD_01001,-23.598738,-46.535892,2019-06-01,2019,6,0.0,Ponto de Controle Pseudo-Ausencia SP,0,779.0,4.79,8.38,762.5,0.6,El Nino,26.5,14.6,20.2,83.6
NOFLOOD_00220,-23.647876,-46.488895,2019-04-22,2019,4,0.0,Ponto de Controle Pseudo-Ausencia SP,0,786.0,5.15,9.01,2032.1,0.8,El Nino,1.1,2.2,22.5,78.0
NOFLOOD_00942,-23.570111,-46.541504,2019-04-22,2019,4,0.0,Ponto de Controle Pseudo-Ausencia SP,0,802.0,6.04,10.58,392.7,0.8,El Nino,1.1,2.2,22.5,78.0
NOFLOOD_00766,-23.705412,-46.438545,2019-06-03,2019,6,0.0,Ponto de Controle Pseudo-Ausencia SP,0,821.0,17.98,32.45,3903.4,0.6,El Nino,12.4,4.2,17.3,87.4
NOFLOOD_00805,-23.745682,-46.448427,2019-11-14,2019,11,0.0,Ponto de Controle Pseudo-Ausencia SP,0,783.0,10.04,17.7,8392.3,0.7,El Nino,16.3,15.2,22.0,80.2
NOFLOOD_00247,-23.605403,-46.734557,2019-02-22,2019,2,0.0,Ponto de Controle Pseudo-Ausencia SP,0,791.0,10.63,18.78,240.3,0.9,El Nino,6.3,5.4,23.0,81.4
FLOOD_00783,-23.513281,-46.678912,2019-04-14,2019,4,0.48,MARGINAL TIETE,1,723.0,2.12,3.71,816.6,0.8,El Nino,12.7,5.4,20.2,84.4
FLOOD_00934,-23.51951,-46.67414,2019-11-05,2019,11,0.93,PC PASCOAL MARTINS,1,727.0,1.45,2.53,729.5,0.7,El Nino,17.9,12.4,24.2,71.0
FLOOD_00599,-23.620788,-46.627806,2019-03-10,2019,3,3.17,AV PROF ABRAAO DE MORAIS,1,757.0,4.08,7.14,258.5,0.9,El Nino,5.7,7.8,22.9,80.5
NOFLOOD_00746,-23.465592,-46.712625,2019-02-26,2019,2,0.0,Ponto de Controle Pseudo-Ausencia SP,0,839.0,11.32,20.01,348.1,0.9,El Nino,52.9,14.0,20.8,86.1
NOFLOOD_00974,-23.646621,-46.776192,2019-01-02,2019,1,0.0,Ponto de Controle Pseudo-Ausencia SP,0,800.0,2.7,4.72,463.0,1.0,El Nino,22.2,41.2,25.4,74.2
FLOOD_00450,-23.58669,-46.690609,2019-02-26,2019,2,2.82,AV DAS NACOES UNIDAS,1,728.0,1.45,2.53,366.2,0.9,El Nino,52.9,14.0,20.8,86.1
NOFLOOD_00849,-23.623872,-46.434182,2019-11-05,2019,11,0.0,Ponto de Controle Pseudo-Ausencia SP,0,847.0,8.2,14.41,239.7,0.7,El Nino,17.9,12.4,24.2,71.0
FLOOD_00145,-23.4066,-46.75052,2019-01-25,2019,1,1.47,R BERNARDO JOSE DE LORENA,1,744.0,2.9,5.06,158.5,1.0,El Nino,24.6,15.4,21.9,81.9
NOFLOOD_00375,-23.464973,-46.775557,2019-04-06,2019,4,0.0,Ponto de Controle Pseudo-Ausencia SP,0,852.0,25.85,48.45,528.9,0.8,El Nino,3.1,3.8,24.1,78.2
NOFLOOD_00046,-23.725824,-46.703264,2019-02-26,2019,2,0.0,Ponto de Controle Pseudo-Ausencia SP,0,775.0,12.6,22.35,265.6,0.9,El Nino,52.9,14.0,20.8,86.1
FLOOD_00030,-23.519358,-46.674654,2019-01-04,2019,1,2.93,PC PASCOAL MARTINS,1,725.0,1.8,3.14,740.1,1.0,El Nino,26.7,18.4,23.4,79.6
FLOOD_00366,-23.586792,-46.653024,2019-02-21,2019,2,0.35,AV VINTE E TRES DE MAIO,1,766.0,7.77,13.65,484.3,0.9,El Nino,27.5,13.6,22.1,83.6
NOFLOOD_00417,-23.472836,-46.604068,2019-01-16,2019,1,0.0,Ponto de Controle Pseudo-Ausencia SP,0,767.0,5.78,10.11,415.7,1.0,El Nino,5.4,8.4,25.5,69.2
NOFLOOD_00890,-23.683608,-46.678614,2019-01-13,2019,1,0.0,Ponto de Controle Pseudo-Ausencia SP,0,778.0,2.56,4.48,775.1,1.0,El Nino,8.3,16.4,24.1,73.3
NOFLOOD_00771,-23.497263,-46.492733,2019-10-17,2019,10,0.0,Ponto de Controle Pseudo-Ausencia SP,0,790.0,3.9,6.82,842.8,0.5,El Nino,0.1,0.2,21.7,76.4
NOFLOOD_00932,-23.451926,-46.550992,2019-01-01,2019,1,0.0,Ponto de Controle Pseudo-Ausencia SP,0,794.0,5.39,9.44,1812.9,1.0,El Nino,3.3,2.4,23.4,76.8
FLOOD_00377,-23.546587,-46.735508,2019-02-21,2019,2,0.43,AV ENG BILLINGS,1,725.0,1.38,2.4,136.6,0.9,El Nino,27.5,13.6,22.1,83.6
FLOOD_00819,-23.54415,-46.53108,2019-05-19,2019,5,2.58,AV ARICANDUVA,1,736.0,4.12,7.21,41.0,0.7,El Nino,1.8,2.8,18.4,84.7
NOFLOOD_00493,-23.728724,-46.455101,2019-04-10,2019,4,0.0,Ponto de Controle Pseudo-Ausencia SP,0,792.0,13.88,24.7,6985.0,0.8,El Nino,3.7,2.2,18.4,85.8
NOFLOOD_00194,-23.677229,-46.4256,2019-01-11,2019,1,0.0,Ponto de Controle Pseudo-Ausencia SP,0,830.0,7.57,13.29,618.0,1.0,El Nino,15.2,23.4,24.4,68.9
FLOOD_01048,-23.535104,-46.453206,2019-12-09,2019,12,2.35,AV JACU PESSEGO,1,749.0,2.06,3.6,56.9,0.8,El Nino,3.6,5.2,20.3,78.2
FLOOD_00984,-23.55187,-46.57712,2019-11-14,2019,11,5.18,AV SALIM FARAH MALUF,1,740.0,1.78,3.12,299.4,0.7,El Nino,16.3,15.2,22.0,80.2
FLOOD_00489,-23.527543,-46.683086,2019-03-02,2019,3,0.55,R VENANCIO AIRES,1,736.0,5.48,9.59,614.2,0.9,El Nino,18.7,20.6,22.1,83.4
FLOOD_00436,-23.586792,-46.653024,2019-02-26,2019,2,0.1,AV VINTE E TRES DE MAIO,1,766.0,7.77,13.65,484.3,0.9,El Nino,52.9,14.0,20.8,86.1
NOFLOOD_00012,-23.646156,-46.544042,2019-03-21,2019,3,0.0,Ponto de Controle Pseudo-Ausencia SP,0,767.0,2.88,5.03,3746.5,0.9,El Nino,13.7,3.2,18.4,89.7
FLOOD_00471,-23.63606,-46.71972,2019-02-28,2019,2,2.5,MARGINAL PINHEIROS,1,727.0,3.57,6.23,263.3,0.9,El Nino,27.9,14.2,20.5,90.2
FLOOD_00456,-23.515342,-46.624848,2019-02-26,2019,2,3.57,AV CRUZEIRO DO SUL,1,726.0,3.85,6.73,602.7,0.9,El Nino,52.9,14.0,20.8,86.1
FLOOD_00007,-23.4076,-46.73502,2019-01-01,2019,1,2.08,AV RAIMUNDO PEREIRA DE MAGALHAES,1,765.0,5.83,10.2,29.5,1.0,El Nino,3.3,2.4,23.4,76.8
NOFLOOD_00719,-23.594349,-46.563912,2019-01-17,2019,1,0.0,Ponto de Controle Pseudo-Ausencia SP,0,791.0,15.51,27.75,346.0,1.0,El Nino,6.5,7.8,24.9,66.0
NOFLOOD_00774,-23.468351,-46.714333,2019-03-03,2019,3,0.0,Ponto de Controle Pseudo-Ausencia SP,0,796.0,20.97,38.32,584.8,0.9,El Nino,22.9,27.8,21.6,83.6
FLOOD_00086,-23.52127,-46.66829,2019-01-17,2019,1,0.72,AV MARQ DE SAO VICENTE,1,723.0,1.39,2.44,400.9,1.0,El Nino,6.5,7.8,24.9,66.0
NOFLOOD_00396,-23.636161,-46.771157,2019-01-19,2019,1,0.0,Ponto de Controle Pseudo-Ausencia SP,0,773.0,15.03,26.85,261.6,1.0,El Nino,0.9,1.8,26.2,67.7
FLOOD_00214,-23.594522,-46.693457,2019-02-04,2019,2,6.1,MARGINAL PINHEIROS,1,722.0,4.08,7.14,237.0,0.9,El Nino,79.5,56.0,19.9,86.9
NOFLOOD_00986,-23.426791,-46.707759,2019-03-21,2019,3,0.0,Ponto de Controle Pseudo-Ausencia SP,0,978.0,32.42,63.51,209.6,0.9,El Nino,13.7,3.2,18.4,89.7
FLOOD_00673,-23.55482,-46.62408,2019-03-11,2019,3,2.73,AV DO ESTADO,1,729.0,4.29,7.5,404.4,0.9,El Nino,56.6,22.0,20.6,87.4
FLOOD_00857,-23.55391,-46.71884,2019-07-04,2019,7,0.3,AV DAS NACOES UNIDAS,1,724.0,4.11,7.18,853.4,0.4,Nao El Nino,65.9,10.4,16.5,89.9
FLOOD_00613,-23.53837,-46.45614,2019-03-10,2019,3,2.48,AV ITAQUERA,1,761.0,3.31,5.78,268.4,0.9,El Nino,5.7,7.8,22.9,80.5
FLOOD_00687,-23.51548,-46.66923,2019-03-12,2019,3,0.5,AV PRES CASTELO BRANCO,1,728.0,3.67,6.41,267.3,0.9,El Nino,10.0,18.8,22.6,79.9
FLOOD_00678,-23.52208,-46.66311,2019-03-11,2019,3,0.18,R JOAQUIM MANUEL DE MACEDO,1,728.0,2.88,5.03,136.3,0.9,El Nino,56.6,22.0,20.6,87.4
FLOOD_00957,-23.5441,-46.53107,2019-11-05,2019,11,0.75,R TUMUCUMAQUE,1,736.0,4.12,7.21,37.7,0.7,El Nino,17.9,12.4,24.2,71.0
NOFLOOD_00253,-23.468567,-46.617265,2019-12-05,2019,12,0.0,Ponto de Controle Pseudo-Ausencia SP,0,786.0,7.57,13.29,609.7,0.8,El Nino,14.2,22.6,23.1,80.1
NOFLOOD_00254,-23.524963,-46.475612,2019-03-06,2019,3,0.0,Ponto de Controle Pseudo-Ausencia SP,0,799.0,6.04,10.58,695.0,0.9,El Nino,29.9,44.0,23.3,76.7
NOFLOOD_00830,-23.445034,-46.747746,2019-11-21,2019,11,0.0,Ponto de Controle Pseudo-Ausencia SP,0,863.0,12.54,22.25,494.9,0.7,El Nino,0.0,0.0,21.8,75.6
FLOOD_00140,-23.61047,-46.66853,2019-01-25,2019,1,4.1,AV IBIRAPUERA,1,755.0,3.87,6.76,359.0,1.0,El Nino,24.6,15.4,21.9,81.9
NOFLOOD_00790,-23.430284,-46.570812,2019-11-28,2019,11,0.0,Ponto de Controle Pseudo-Ausencia SP,0,770.0,14.51,25.88,384.1,0.7,El Nino,7.7,4.8,19.0,89.5
FLOOD_00410,-23.55187,-46.57712,2019-02-22,2019,2,4.15,AV SALIM FARAH MALUF,1,740.0,1.78,3.12,299.4,0.9,El Nino,6.3,5.4,23.0,81.4
FLOOD_00400,-23.588622,-46.681956,2019-02-21,2019,2,1.88,AV BRIG FARIA LIMA,1,737.0,2.8,4.89,565.3,0.9,El Nino,27.5,13.6,22.1,83.6
NOFLOOD_00503,-23.497864,-46.438791,2019-09-02,2019,9,0.0,Ponto de Controle Pseudo-Ausencia SP,0,765.0,7.57,13.29,434.4,0.3,Nao El Nino,18.5,5.8,16.1,88.0
NOFLOOD_01026,-23.437737,-46.451048,2019-01-01,2019,1,0.0,Ponto de Controle Pseudo-Ausencia SP,0,777.0,3.11,5.44,4477.9,1.0,El Nino,3.3,2.4,23.4,76.8
NOFLOOD_00088,-23.436103,-46.628237,2019-01-16,2019,1,0.0,Ponto de Controle Pseudo-Ausencia SP,0,984.0,19.53,35.48,314.5,1.0,El Nino,5.4,8.4,25.5,69.2
NOFLOOD_00609,-23.577376,-46.527791,2019-01-18,2019,1,0.0,Ponto de Controle Pseudo-Ausencia SP,0,792.0,7.88,13.84,237.2,1.0,El Nino,15.2,16.4,24.8,74.4
FLOOD_00486,-23.52036,-46.74644,2019-03-02,2019,3,7.1,AV DAS NACOES UNIDAS,1,724.0,4.24,7.41,595.4,0.9,El Nino,18.7,20.6,22.1,83.4
NOFLOOD_01105,-23.745781,-46.537303,2019-11-22,2019,11,0.0,Ponto de Controle Pseudo-Ausencia SP,0,818.0,16.4,29.44,7595.2,0.7,El Nino,1.0,2.0,23.5,70.3
FLOOD_00296,-23.6547,-46.73559,2019-02-15,2019,2,23.08,AV MARIA COELHO AGUIAR,1,762.0,11.62,20.56,73.5,0.9,El Nino,20.9,13.8,19.9,84.7
FLOOD_01060,-23.544436,-46.593349,2019-12-10,2019,12,0.32,AV ALCANTARA MACHADO,1,744.0,4.75,8.31,210.2,0.8,El Nino,32.3,18.2,20.8,85.5
NOFLOOD_00502,-23.677723,-46.457525,2019-12-23,2019,12,0.0,Ponto de Controle Pseudo-Ausencia SP,0,802.0,6.09,10.67,2855.7,0.8,El Nino,60.4,67.6,21.9,79.9
FLOOD_00755,-23.53856,-46.64123,2019-04-08,2019,4,1.48,AV RIO BRANCO,1,757.0,4.64,8.12,176.1,0.8,El Nino,58.3,20.8,20.6,90.3
FLOOD_00596,-23.582701,-46.572179,2019-03-10,2019,3,15.05,AV PROF LUIZ IGNACIO ANHAIA MELLO,1,741.0,3.14,5.49,985.0,0.9,El Nino,5.7,7.8,22.9,80.5
FLOOD_00702,-23.5323,-46.67258,2019-03-17,2019,3,1.13,R TURIASSU,1,750.0,3.78,6.61,18.7,0.9,El Nino,18.8,18.4,22.4,84.9
NOFLOOD_00268,-23.60033,-46.532099,2019-01-29,2019,1,0.0,Ponto de Controle Pseudo-Ausencia SP,0,790.0,9.69,17.07,922.7,1.0,El Nino,0.8,1.4,26.3,64.8
NOFLOOD_00724,-23.721342,-46.680663,2019-03-28,2019,3,0.0,Ponto de Controle Pseudo-Ausencia SP,0,768.0,8.69,15.28,281.1,0.9,El Nino,2.4,1.8,20.4,81.2
FLOOD_00301,-23.564395,-46.678043,2019-02-16,2019,2,0.25,AV BRASIL,1,747.0,1.12,1.95,575.3,0.9,El Nino,57.8,16.4,20.5,90.4
NOFLOOD_00701,-23.46379,-46.718596,2019-04-06,2019,4,0.0,Ponto de Controle Pseudo-Ausencia SP,0,787.0,16.35,29.34,318.2,0.8,El Nino,3.1,3.8,24.1,78.2
FLOOD_00637,-23.51548,-46.66923,2019-03-11,2019,3,5.82,AV PRES CASTELO BRANCO,1,728.0,3.67,6.41,267.3,0.9,El Nino,56.6,22.0,20.6,87.4
NOFLOOD_00651,-23.725949,-46.525235,2019-05-19,2019,5,0.0,Ponto de Controle Pseudo-Ausencia SP,0,849.0,10.63,18.77,8284.3,0.7,El Nino,1.8,2.8,18.4,84.7
FLOOD_01050,-23.605094,-46.699032,2019-12-10,2019,12,0.78,AV MAGALHAES DE CASTRO,1,731.0,3.5,6.12,421.9,0.8,El Nino,32.3,18.2,20.8,85.5
NOFLOOD_00819,-23.673112,-46.488013,2019-01-17,2019,1,0.0,Ponto de Controle Pseudo-Ausencia SP,0,811.0,4.14,7.25,4310.8,1.0,El Nino,6.5,7.8,24.9,66.0
FLOOD_00638,-23.50847,-46.68954,2019-03-11,2019,3,2.23,AV EMB MACEDO SOARES,1,718.0,5.12,8.95,115.4,0.9,El Nino,56.6,22.0,20.6,87.4
FLOOD_01123,-23.586792,-46.653024,2019-12-17,2019,12,0.28,AV VINTE E TRES DE MAIO,1,766.0,7.77,13.65,484.3,0.8,El Nino,5.1,4.4,23.5,70.5
NOFLOOD_01013,-23.596809,-46.554473,2019-02-15,2019,2,0.0,Ponto de Controle Pseudo-Ausencia SP,0,769.0,4.37,7.63,305.5,0.9,El Nino,20.9,13.8,19.9,84.7
FLOOD_00090,-23.684293,-46.691685,2019-01-18,2019,1,1.2,R MIGUEL YUNES,1,731.0,0.51,0.89,541.9,1.0,El Nino,15.2,16.4,24.8,74.4
FLOOD_00281,-23.66243,-46.68607,2019-02-15,2019,2,1.73,PC TUNEY ARANTES,1,744.0,1.39,2.43,109.0,0.9,El Nino,20.9,13.8,19.9,84.7
FLOOD_00497,-23.5203,-46.74608,2019-03-02,2019,3,6.12,AV EMB MACEDO SOARES,1,728.0,6.27,10.99,621.4,0.9,El Nino,18.7,20.6,22.1,83.4
NOFLOOD_00931,-23.479444,-46.662133,2019-11-12,2019,11,0.0,Ponto de Controle Pseudo-Ausencia SP,0,772.0,9.94,17.52,752.3,0.7,El Nino,0.5,0.4,19.0,82.6
NOFLOOD_01131,-23.65979,-46.576086,2019-05-19,2019,5,0.0,Ponto de Controle Pseudo-Ausencia SP,0,767.0,4.37,7.63,2492.1,0.7,El Nino,1.8,2.8,18.4,84.7
NOFLOOD_00983,-23.529699,-46.502757,2019-02-25,2019,2,0.0,Ponto de Controle Pseudo-Ausencia SP,0,776.0,7.23,12.69,350.4,0.9,El Nino,6.6,13.2,26.0,63.1
FLOOD_00862,-23.695997,-46.650088,2019-07-04,2019,7,1.43,ES DO ALVARENGA,1,754.0,6.5,11.4,39.0,0.4,Nao El Nino,65.9,10.4,16.5,89.9
NOFLOOD_00642,-23.716182,-46.467507,2019-12-11,2019,12,0.0,Ponto de Controle Pseudo-Ausencia SP,0,817.0,20.08,36.55,6606.3,0.8,El Nino,5.6,3.6,20.8,84.4
FLOOD_00524,-23.54335,-46.60633,2019-03-03,2019,3,2.18,VD BRESSER,1,736.0,1.29,2.25,710.2,0.9,El Nino,22.9,27.8,21.6,83.6
FLOOD_01042,-23.5904,-46.69125,2019-12-09,2019,12,2.93,AV DAS NACOES UNIDAS,1,726.0,2.7,4.72,272.1,0.8,El Nino,3.6,5.2,20.3,78.2
NOFLOOD_00470,-23.643805,-46.630148,2019-12-09,2019,12,0.0,Ponto de Controle Pseudo-Ausencia SP,0,781.0,13.88,24.7,612.3,0.8,El Nino,3.6,5.2,20.3,78.2
NOFLOOD_00040,-23.584059,-46.473021,2019-01-29,2019,1,0.0,Ponto de Controle Pseudo-Ausencia SP,0,819.0,3.95,6.91,224.1,1.0,El Nino,0.8,1.4,26.3,64.8
NOFLOOD_00310,-23.639436,-46.616434,2019-11-12,2019,11,0.0,Ponto de Controle Pseudo-Ausencia SP,0,801.0,10.42,18.4,424.1,0.7,El Nino,0.5,0.4,19.0,82.6
FLOOD_00025,-23.527593,-46.596891,2019-01-04,2019,1,0.38,MARGINAL TIETE,1,721.0,2.75,4.81,884.1,1.0,El Nino,26.7,18.4,23.4,79.6
NOFLOOD_00781,-23.624079,-46.775458,2019-12-18,2019,12,0.0,Ponto de Controle Pseudo-Ausencia SP,0,769.0,4.95,8.66,847.2,0.8,El Nino,5.4,3.2,20.4,86.6
FLOOD_00221,-23.51548,-46.66923,2019-02-04,2019,2,4.33,AV PRES CASTELO BRANCO,1,728.0,3.67,6.41,267.3,0.9,El Nino,79.5,56.0,19.9,86.9
NOFLOOD_00261,-23.538868,-46.714493,2019-01-23,2019,1,0.0,Ponto de Controle Pseudo-Ausencia SP,0,788.0,4.45,7.78,640.9,1.0,El Nino,3.0,6.0,24.9,76.9
NOFLOOD_00848,-23.620361,-46.730586,2019-12-10,2019,12,0.0,Ponto de Controle Pseudo-Ausencia SP,0,821.0,10.09,17.79,267.3,0.8,El Nino,32.3,18.2,20.8,85.5
NOFLOOD_00009,-23.669212,-46.613586,2019-02-27,2019,2,0.0,Ponto de Controle Pseudo-Ausencia SP,0,774.0,6.35,11.12,1337.5,0.9,El Nino,5.9,7.6,22.2,77.3
NOFLOOD_00022,-23.696689,-46.43674,2019-05-19,2019,5,0.0,Ponto de Controle Pseudo-Ausencia SP,0,798.0,8.33,14.63,2985.1,0.7,El Nino,1.8,2.8,18.4,84.7
FLOOD_00053,-23.561813,-46.658019,2019-01-11,2019,1,0.42,AL SANTOS,1,840.0,13.26,23.56,905.8,1.0,El Nino,15.2,23.4,24.4,68.9
NOFLOOD_01067,-23.703943,-46.568615,2019-01-17,2019,1,0.0,Ponto de Controle Pseudo-Ausencia SP,0,797.0,8.84,15.55,4210.0,1.0,El Nino,6.5,7.8,24.9,66.0
NOFLOOD_00821,-23.559843,-46.453244,2019-10-17,2019,10,0.0,Ponto de Controle Pseudo-Ausencia SP,0,801.0,6.54,11.46,454.1,0.5,El Nino,0.1,0.2,21.7,76.4
FLOOD_00876,-23.54789,-46.63106,2019-07-04,2019,7,0.15,R VINTE E CINCO DE MARCO,1,735.0,6.49,11.38,265.0,0.4,Nao El Nino,65.9,10.4,16.5,89.9
FLOOD_00950,-23.527904,-46.65475,2019-11-05,2019,11,1.27,R CAPISTRANO DE ABREU,1,727.0,2.32,4.06,621.3,0.7,El Nino,17.9,12.4,24.2,71.0
FLOOD_00786,-23.53993,-46.63074,2019-04-16,2019,4,0.18,AV SEN QUEIROS,1,741.0,1.93,3.37,51.3,0.8,El Nino,4.3,8.2,22.7,77.6
NOFLOOD_00427,-23.491,-46.487129,2019-01-11,2019,1,0.0,Ponto de Controle Pseudo-Ausencia SP,0,773.0,4.46,7.8,927.7,1.0,El Nino,15.2,23.4,24.4,68.9
NOFLOOD_01078,-23.718812,-46.509054,2019-06-03,2019,6,0.0,Ponto de Controle Pseudo-Ausencia SP,0,831.0,33.22,65.48,9700.5,0.6,El Nino,12.4,4.2,17.3,87.4
FLOOD_00477,-23.519022,-46.63012,2019-03-02,2019,3,3.98,MARGINAL TIETE,1,728.0,4.59,8.02,75.3,0.9,El Nino,18.7,20.6,22.1,83.4
FLOOD_00841,-23.54003,-46.611555,2019-06-03,2019,6,6.53,AV CELSO GARCIA,1,738.0,2.03,3.55,1343.7,0.6,El Nino,12.4,4.2,17.3,87.4
FLOOD_00196,-23.66317,-46.70719,2019-02-04,2019,2,1.15,AV VITOR MANZINI,1,733.0,5.34,9.35,258.3,0.9,El Nino,79.5,56.0,19.9,86.9
NOFLOOD_00236,-23.670428,-46.543442,2019-01-19,2019,1,0.0,Ponto de Controle Pseudo-Ausencia SP,0,772.0,6.48,11.36,6023.2,1.0,El Nino,0.9,1.8,26.2,67.7
FLOOD_00781,-23.528109,-46.597376,2019-04-14,2019,4,1.43,MARGINAL TIETE,1,725.0,8.44,14.83,923.2,0.8,El Nino,12.7,5.4,20.2,84.4
NOFLOOD_00789,-23.710516,-46.495908,2019-01-02,2019,1,0.0,Ponto de Controle Pseudo-Ausencia SP,0,859.0,10.19,17.98,8127.5,1.0,El Nino,22.2,41.2,25.4,74.2
NOFLOOD_00019,-23.748929,-46.520047,2019-12-09,2019,12,0.0,Ponto de Controle Pseudo-Ausencia SP,0,856.0,16.72,30.03,9362.2,0.8,El Nino,3.6,5.2,20.3,78.2
FLOOD_00114,-23.5366,-46.64249,2019-01-24,2019,1,0.65,AV RIO BRANCO,1,750.0,4.45,7.78,359.3,1.0,El Nino,21.0,29.8,23.7,78.6
NOFLOOD_00933,-23.682132,-46.464127,2019-03-04,2019,3,0.0,Ponto de Controle Pseudo-Ausencia SP,0,801.0,2.54,4.43,3680.1,0.9,El Nino,4.0,4.6,22.2,77.6
NOFLOOD_00175,-23.658499,-46.42575,2019-01-23,2019,1,0.0,Ponto de Controle Pseudo-Ausencia SP,0,791.0,3.29,5.75,939.4,1.0,El Nino,3.0,6.0,24.9,76.9
NOFLOOD_01104,-23.687701,-46.754941,2019-04-22,2019,4,0.0,Ponto de Controle Pseudo-Ausencia SP,0,795.0,9.34,16.45,468.2,0.8,El Nino,1.1,2.2,22.5,78.0
NOFLOOD_00479,-23.719301,-46.448341,2019-05-05,2019,5,0.0,Ponto de Controle Pseudo-Ausencia SP,0,797.0,14.53,25.92,5735.3,0.7,El Nino,2.3,3.0,22.4,76.4
FLOOD_00112,-23.4044,-46.75291,2019-01-23,2019,1,1.17,PC INACIO DIAS,1,739.0,4.45,7.78,250.2,1.0,El Nino,3.0,6.0,24.9,76.9
NOFLOOD_00656,-23.487252,-46.739185,2019-02-25,2019,2,0.0,Ponto de Controle Pseudo-Ausencia SP,0,785.0,7.18,12.59,481.0,0.9,El Nino,6.6,13.2,26.0,63.1
FLOOD_00126,-23.4066,-46.75052,2019-01-24,2019,1,1.53,R BERNARDO JOSE DE LORENA,1,744.0,2.9,5.06,158.5,1.0,El Nino,21.0,29.8,23.7,78.6
FLOOD_00261,-23.48926,-46.40498,2019-02-06,2019,2,1.33,R TITE DE LEMOS,1,736.0,2.11,3.68,233.2,0.9,El Nino,50.5,13.4,17.8,87.6
NOFLOOD_00034,-23.719223,-46.508716,2019-02-22,2019,2,0.0,Ponto de Controle Pseudo-Ausencia SP,0,830.0,23.97,44.46,9722.4,0.9,El Nino,6.3,5.4,23.0,81.4
FLOOD_00641,-23.51561,-46.65383,2019-03-11,2019,3,3.98,MARGINAL TIETE,1,730.0,7.41,13.01,405.3,0.9,El Nino,56.6,22.0,20.6,87.4
NOFLOOD_00301,-23.594107,-46.534771,2019-01-24,2019,1,0.0,Ponto de Controle Pseudo-Ausencia SP,0,800.0,4.12,7.21,236.9,1.0,El Nino,21.0,29.8,23.7,78.6
FLOOD_00068,-23.586792,-46.653024,2019-01-17,2019,1,0.18,AV VINTE E TRES DE MAIO,1,766.0,7.77,13.65,484.3,1.0,El Nino,6.5,7.8,24.9,66.0
NOFLOOD_00710,-23.515981,-46.495808,2019-09-02,2019,9,0.0,Ponto de Controle Pseudo-Ausencia SP,0,794.0,5.25,9.19,216.1,0.3,Nao El Nino,18.5,5.8,16.1,88.0
FLOOD_00175,-23.519358,-46.674654,2019-01-30,2019,1,0.2,PC PASCOAL MARTINS,1,725.0,1.8,3.14,740.1,1.0,El Nino,24.1,38.2,26.2,63.4
NOFLOOD_00071,-23.61523,-46.635136,2019-03-03,2019,3,0.0,Ponto de Controle Pseudo-Ausencia SP,0,781.0,11.03,19.5,378.7,0.9,El Nino,22.9,27.8,21.6,83.6
FLOOD_00914,-23.528693,-46.624333,2019-09-01,2019,9,5.08,AV CRUZEIRO DO SUL,1,736.0,4.75,8.31,974.1,0.3,Nao El Nino,26.0,6.6,17.2,86.5
NOFLOOD_00911,-23.547623,-46.658054,2019-04-10,2019,4,0.0,Ponto de Controle Pseudo-Ausencia SP,0,816.0,14.78,26.38,817.9,0.8,El Nino,3.7,2.2,18.4,85.8
FLOOD_00898,-23.5628,-46.674579,2019-07-05,2019,7,0.03,R ESTADOS UNIDOS,1,761.0,3.85,6.73,441.7,0.4,Nao El Nino,56.4,8.6,13.1,90.0
FLOOD_00149,-23.62365,-46.69598,2019-01-26,2019,1,4.72,AV ROQUE PETRONI JUNIOR,1,731.0,5.21,9.12,94.6,1.0,El Nino,7.9,8.0,21.2,76.2
NOFLOOD_01163,-23.551302,-46.487166,2019-12-11,2019,12,0.0,Ponto de Controle Pseudo-Ausencia SP,0,794.0,11.36,20.09,548.4,0.8,El Nino,5.6,3.6,20.8,84.4
NOFLOOD_01090,-23.488292,-46.595147,2019-01-11,2019,1,0.0,Ponto de Controle Pseudo-Ausencia SP,0,776.0,10.85,19.17,454.7,1.0,El Nino,15.2,23.4,24.4,68.9
NOFLOOD_00783,-23.718993,-46.540237,2019-02-15,2019,2,0.0,Ponto de Controle Pseudo-Ausencia SP,0,805.0,6.72,11.78,6725.6,0.9,El Nino,20.9,13.8,19.9,84.7
FLOOD_00111,-23.4066,-46.75052,2019-01-23,2019,1,1.5,R FRANCIS DE CASTELNAU,1,744.0,2.9,5.06,158.5,1.0,El Nino,3.0,6.0,24.9,76.9
NOFLOOD_00676,-23.645131,-46.617767,2019-11-05,2019,11,0.0,Ponto de Controle Pseudo-Ausencia SP,0,803.0,12.16,21.55,512.7,0.7,El Nino,17.9,12.4,24.2,71.0
FLOOD_00488,-23.52638,-46.68226,2019-03-02,2019,3,0.58,AV POMPEIA,1,733.0,2.75,4.81,586.7,0.9,El Nino,18.7,20.6,22.1,83.4
NOFLOOD_00984,-23.696551,-46.753361,2019-12-23,2019,12,0.0,Ponto de Controle Pseudo-Ausencia SP,0,781.0,3.44,6.01,323.9,0.8,El Nino,60.4,67.6,21.9,79.9
FLOOD_00220,-23.51548,-46.66923,2019-02-04,2019,2,4.37,AV PRES CASTELO BRANCO,1,728.0,3.67,6.41,267.3,0.9,El Nino,79.5,56.0,19.9,86.9
NOFLOOD_01014,-23.691813,-46.538749,2019-01-08,2019,1,0.0,Ponto de Controle Pseudo-Ausencia SP,0,781.0,3.23,5.64,7529.3,1.0,El Nino,0.4,0.6,26.6,60.3
FLOOD_00512,-23.618062,-46.701142,2019-03-02,2019,3,5.62,MARGINAL PINHEIROS,1,731.0,3.81,6.66,412.5,0.9,El Nino,18.7,20.6,22.1,83.4
FLOOD_00684,-23.47269,-46.5715,2019-03-12,2019,3,1.0,AV EDU CHAVES,1,738.0,1.91,3.33,591.6,0.9,El Nino,10.0,18.8,22.6,79.9
NOFLOOD_00227,-23.644834,-46.74433,2019-12-05,2019,12,0.0,Ponto de Controle Pseudo-Ausencia SP,0,771.0,9.51,16.75,376.0,0.8,El Nino,14.2,22.6,23.1,80.1
NOFLOOD_00491,-23.597526,-46.490597,2019-01-24,2019,1,0.0,Ponto de Controle Pseudo-Ausencia SP,0,811.0,14.8,26.42,326.8,1.0,El Nino,21.0,29.8,23.7,78.6
FLOOD_00982,-23.555724,-46.577416,2019-11-14,2019,11,1.25,AV SALIM FARAH MALUF,1,746.0,6.01,10.53,138.8,0.7,El Nino,16.3,15.2,22.0,80.2
NOFLOOD_00325,-23.719989,-46.596265,2019-01-11,2019,1,0.0,Ponto de Controle Pseudo-Ausencia SP,0,810.0,10.36,18.28,1010.7,1.0,El Nino,15.2,23.4,24.4,68.9
FLOOD_00198,-23.58433,-46.57692,2019-02-04,2019,2,1.28,R FALCHI GIANINI,1,745.0,4.32,7.55,796.8,0.9,El Nino,79.5,56.0,19.9,86.9
FLOOD_00128,-23.56852,-46.6079,2019-01-24,2019,1,0.52,R PRES BATISTA PEREIRA,1,734.0,3.78,6.61,58.9,1.0,El Nino,21.0,29.8,23.7,78.6
FLOOD_00636,-23.51548,-46.66923,2019-03-11,2019,3,3.7,AV PRES CASTELO BRANCO,1,728.0,3.67,6.41,267.3,0.9,El Nino,56.6,22.0,20.6,87.4
FLOOD_00674,-23.52202,-46.65553,2019-03-11,2019,3,3.17,R JAMES HOLLAND,1,728.0,5.08,8.89,273.2,0.9,El Nino,56.6,22.0,20.6,87.4
NOFLOOD_00529,-23.618836,-46.603925,2019-11-15,2019,11,0.0,Ponto de Controle Pseudo-Ausencia SP,0,793.0,5.69,9.97,531.4,0.7,El Nino,7.7,3.0,19.1,86.4
FLOOD_00403,-23.58669,-46.690609,2019-02-21,2019,2,0.28,AV DAS NACOES UNIDAS,1,728.0,1.45,2.53,366.2,0.9,El Nino,27.5,13.6,22.1,83.6
FLOOD_00511,-23.618062,-46.701142,2019-03-02,2019,3,0.9,MARGINAL PINHEIROS,1,731.0,3.81,6.66,412.5,0.9,El Nino,18.7,20.6,22.1,83.4
FLOOD_00152,-23.607283,-46.665577,2019-01-26,2019,1,3.58,AV ARATAS,1,754.0,2.57,4.49,814.6,1.0,El Nino,7.9,8.0,21.2,76.2
NOFLOOD_00147,-23.697868,-46.620977,2019-03-11,2019,3,0.0,Ponto de Controle Pseudo-Ausencia SP,0,825.0,7.21,12.64,905.6,0.9,El Nino,56.6,22.0,20.6,87.4
FLOOD_00462,-23.500934,-46.68691,2019-02-26,2019,2,0.55,AV INAJAR DE SOUZA,1,728.0,3.35,5.85,666.5,0.9,El Nino,52.9,14.0,20.8,86.1
FLOOD_00051,-23.5904,-46.69125,2019-01-10,2019,1,1.45,AV DAS NACOES UNIDAS,1,726.0,2.7,4.72,272.1,1.0,El Nino,0.0,0.0,26.4,64.0
NOFLOOD_00390,-23.611961,-46.766765,2019-03-14,2019,3,0.0,Ponto de Controle Pseudo-Ausencia SP,0,797.0,3.78,6.61,732.4,0.9,El Nino,3.3,4.6,24.1,72.8
NOFLOOD_00475,-23.436173,-46.779474,2019-11-15,2019,11,0.0,Ponto de Controle Pseudo-Ausencia SP,0,788.0,17.25,31.06,230.5,0.7,El Nino,7.7,3.0,19.1,86.4
FLOOD_00398,-23.541352,-46.628215,2019-02-21,2019,2,0.88,AV DO ESTADO,1,730.0,4.08,7.14,255.9,0.9,El Nino,27.5,13.6,22.1,83.6
NOFLOOD_00785,-23.441049,-46.7229,2019-12-10,2019,12,0.0,Ponto de Controle Pseudo-Ausencia SP,0,853.0,7.32,12.85,630.7,0.8,El Nino,32.3,18.2,20.8,85.5
NOFLOOD_00428,-23.560997,-46.437137,2019-04-29,2019,4,0.0,Ponto de Controle Pseudo-Ausencia SP,0,801.0,7.38,12.95,377.4,0.8,El Nino,1.2,1.4,19.7,80.7
FLOOD_00647,-23.515905,-46.63984,2019-03-11,2019,3,4.85,AV OLAVO FONTOURA,1,729.0,1.06,1.85,313.2,0.9,El Nino,56.6,22.0,20.6,87.4
NOFLOOD_00358,-23.655393,-46.599202,2019-11-30,2019,11,0.0,Ponto de Controle Pseudo-Ausencia SP,0,779.0,5.59,9.78,219.9,0.7,El Nino,0.5,0.6,21.4,78.2
NOFLOOD_01119,-23.713904,-46.536991,2019-11-15,2019,11,0.0,Ponto de Controle Pseudo-Ausencia SP,0,818.0,2.67,4.66,7085.4,0.7,El Nino,7.7,3.0,19.1,86.4
FLOOD_00860,-23.53806,-46.59838,2019-07-04,2019,7,1.65,AV CELSO GARCIA,1,745.0,1.78,3.12,1083.3,0.4,Nao El Nino,65.9,10.4,16.5,89.9
FLOOD_00569,-23.51534,-46.64425,2019-03-07,2019,3,0.32,AV OLAVO FONTOURA,1,727.0,1.12,1.95,355.9,0.9,El Nino,20.0,15.8,22.9,80.6
NOFLOOD_00669,-23.48683,-46.583539,2019-11-10,2019,11,0.0,Ponto de Controle Pseudo-Ausencia SP,0,795.0,8.97,15.78,302.6,0.7,El Nino,2.3,3.6,21.7,82.0
FLOOD_00459,-23.543261,-46.587096,2019-02-26,2019,2,0.35,AV ALCANTARA MACHADO,1,747.0,2.67,4.66,332.8,0.9,El Nino,52.9,14.0,20.8,86.1
FLOOD_00089,-23.522975,-46.558262,2019-01-17,2019,1,0.07,MARGINAL TIETE,1,729.0,2.56,4.48,179.2,1.0,El Nino,6.5,7.8,24.9,66.0
NOFLOOD_00536,-23.658854,-46.615063,2019-01-02,2019,1,0.0,Ponto de Controle Pseudo-Ausencia SP,0,803.0,9.25,16.29,496.6,1.0,El Nino,22.2,41.2,25.4,74.2
NOFLOOD_00577,-23.626877,-46.774932,2019-03-07,2019,3,0.0,Ponto de Controle Pseudo-Ausencia SP,0,789.0,9.11,16.04,621.6,0.9,El Nino,20.0,15.8,22.9,80.6
FLOOD_01014,-23.50899,-46.71757,2019-11-27,2019,11,2.0,AV EMB MACEDO SOARES,1,731.0,5.06,8.86,355.8,0.7,El Nino,25.6,22.0,22.0,75.6
FLOOD_00955,-23.526943,-46.684077,2019-11-05,2019,11,23.78,R BR DO BANANAL,1,734.0,2.39,4.17,500.0,0.7,El Nino,17.9,12.4,24.2,71.0
FLOOD_01061,-23.528865,-46.4572,2019-12-10,2019,12,1.2,AV JACU PESSEGO,1,743.0,2.85,4.98,7.6,0.8,El Nino,32.3,18.2,20.8,85.5
FLOOD_00249,-23.69518,-46.67662,2019-02-06,2019,2,5.42,R MIGUEL YUNES CAMPO GRANDE,1,739.0,3.81,6.67,175.4,0.9,El Nino,50.5,13.4,17.8,87.6
NOFLOOD_00028,-23.677328,-46.754442,2019-11-09,2019,11,0.0,Ponto de Controle Pseudo-Ausencia SP,0,802.0,6.5,11.39,745.7,0.7,El Nino,1.5,1.6,21.3,84.2
NOFLOOD_01093,-23.727449,-46.484949,2019-12-17,2019,12,0.0,Ponto de Controle Pseudo-Ausencia SP,0,776.0,14.57,25.99,8656.0,0.8,El Nino,5.1,4.4,23.5,70.5
FLOOD_00885,-23.528865,-46.4572,2019-07-04,2019,7,0.8,AV JACU PESSEGO,1,743.0,2.85,4.98,7.6,0.4,Nao El Nino,65.9,10.4,16.5,89.9
FLOOD_00661,-23.519022,-46.63012,2019-03-11,2019,3,1.92,MARGINAL TIETE,1,728.0,4.59,8.02,75.3,0.9,El Nino,56.6,22.0,20.6,87.4
NOFLOOD_00192,-23.600297,-46.723333,2019-03-05,2019,3,0.0,Ponto de Controle Pseudo-Ausencia SP,0,766.0,6.72,11.78,420.7,0.9,El Nino,3.6,2.4,23.5,73.4
FLOOD_00874,-23.55539,-46.57678,2019-07-04,2019,7,7.12,AV SALIM FARAH MALUF,1,743.0,1.02,1.77,92.3,0.4,Nao El Nino,65.9,10.4,16.5,89.9
NOFLOOD_00095,-23.710052,-46.425816,2019-12-31,2019,12,0.0,Ponto de Controle Pseudo-Ausencia SP,0,769.0,16.09,28.85,3971.4,0.8,El Nino,0.1,0.2,23.7,69.7
FLOOD_00929,-23.564218,-46.677964,2019-11-05,2019,11,1.22,AV REBOUCAS,1,747.0,4.88,8.53,581.9,0.7,El Nino,17.9,12.4,24.2,71.0
FLOOD_01147,-23.507208,-46.624777,2019-12-23,2019,12,2.88,AV CRUZEIRO DO SUL,1,732.0,3.83,6.69,453.2,0.8,El Nino,60.4,67.6,21.9,79.9
FLOOD_00517,-23.55391,-46.71883,2019-03-02,2019,3,5.37,AV DAS NACOES UNIDAS,1,724.0,4.11,7.18,852.5,0.9,El Nino,18.7,20.6,22.1,83.4
FLOOD_01091,-23.525789,-46.672445,2019-12-11,2019,12,0.22,AV ANTARTICA,1,729.0,4.12,7.21,130.1,0.8,El Nino,5.6,3.6,20.8,84.4
NOFLOOD_00545,-23.720535,-46.620982,2019-04-06,2019,4,0.0,Ponto de Controle Pseudo-Ausencia SP,0,765.0,2.67,4.66,1084.2,0.8,El Nino,3.1,3.8,24.1,78.2
NOFLOOD_00061,-23.641674,-46.468833,2019-12-18,2019,12,0.0,Ponto de Controle Pseudo-Ausencia SP,0,823.0,7.0,12.27,395.8,0.8,El Nino,5.4,3.2,20.4,86.6
FLOOD_00561,-23.69518,-46.67662,2019-03-06,2019,3,2.53,R MIGUEL YUNES,1,739.0,3.81,6.67,175.4,0.9,El Nino,29.9,44.0,23.3,76.7
FLOOD_01071,-23.54227,-46.581544,2019-12-10,2019,12,1.43,AV ALCANTARA MACHADO,1,741.0,1.29,2.25,735.2,0.8,El Nino,32.3,18.2,20.8,85.5
NOFLOOD_00899,-23.646215,-46.768614,2019-04-06,2019,4,0.0,Ponto de Controle Pseudo-Ausencia SP,0,782.0,9.54,16.8,202.8,0.8,El Nino,3.1,3.8,24.1,78.2
NOFLOOD_00256,-23.671877,-46.602152,2019-03-14,2019,3,0.0,Ponto de Controle Pseudo-Ausencia SP,0,781.0,5.25,9.19,1943.2,0.9,El Nino,3.3,4.6,24.1,72.8
NOFLOOD_00441,-23.603128,-46.777097,2019-03-10,2019,3,0.0,Ponto de Controle Pseudo-Ausencia SP,0,819.0,9.45,16.65,374.3,0.9,El Nino,5.7,7.8,22.9,80.5
NOFLOOD_00360,-23.626893,-46.63383,2019-09-01,2019,9,0.0,Ponto de Controle Pseudo-Ausencia SP,0,785.0,4.65,8.14,233.9,0.3,Nao El Nino,26.0,6.6,17.2,86.5
NOFLOOD_00036,-23.69567,-46.779224,2019-03-20,2019,3,0.0,Ponto de Controle Pseudo-Ausencia SP,0,844.0,10.85,19.17,439.9,0.9,El Nino,10.8,14.6,21.7,81.9
FLOOD_00262,-23.49238,-46.40199,2019-02-06,2019,2,13.68,AV BRAS DA ROCHA CARDOSO,1,738.0,0.34,0.6,220.7,0.9,El Nino,50.5,13.4,17.8,87.6
FLOOD_00133,-23.538101,-46.598964,2019-01-24,2019,1,1.45,AV CELSO GARCIA,1,744.0,1.39,2.44,1115.7,1.0,El Nino,21.0,29.8,23.7,78.6
FLOOD_00359,-23.663187,-46.707436,2019-02-21,2019,2,0.02,AV VITOR MANZINI,1,730.0,3.08,5.39,279.1,0.9,El Nino,27.5,13.6,22.1,83.6
FLOOD_01157,-23.507707,-46.747265,2019-12-23,2019,12,0.25,AV ELISIO CORDEIRO DE SIQUEIRA,1,732.0,2.06,3.6,449.9,0.8,El Nino,60.4,67.6,21.9,79.9
NOFLOOD_00538,-23.460295,-46.684911,2019-11-14,2019,11,0.0,Ponto de Controle Pseudo-Ausencia SP,0,838.0,14.75,26.33,350.0,0.7,El Nino,16.3,15.2,22.0,80.2
FLOOD_00396,-23.511525,-46.610446,2019-02-21,2019,2,0.23,R CEL MARQUES RIBEIRO,1,731.0,5.25,9.18,1073.6,0.9,El Nino,27.5,13.6,22.1,83.6
NOFLOOD_01092,-23.697016,-46.599772,2019-12-10,2019,12,0.0,Ponto de Controle Pseudo-Ausencia SP,0,812.0,12.68,22.5,2234.1,0.8,El Nino,32.3,18.2,20.8,85.5
FLOOD_00349,-23.54442,-46.59254,2019-02-20,2019,2,0.62,AV ALCANTARA MACHADO,1,749.0,4.47,7.81,177.8,0.9,El Nino,20.8,25.8,24.5,68.4
NOFLOOD_00056,-23.459133,-46.771077,2019-12-11,2019,12,0.0,Ponto de Controle Pseudo-Ausencia SP,0,965.0,17.95,32.39,266.4,0.8,El Nino,5.6,3.6,20.8,84.4
NOFLOOD_00155,-23.473349,-46.553831,2019-11-09,2019,11,0.0,Ponto de Controle Pseudo-Ausencia SP,0,774.0,2.54,4.43,777.1,0.7,El Nino,1.5,1.6,21.3,84.2
NOFLOOD_00000,-23.455581,-46.748702,2019-04-08,2019,4,0.0,Ponto de Controle Pseudo-Ausencia SP,0,842.0,5.34,9.35,473.0,0.8,El Nino,58.3,20.8,20.6,90.3
NOFLOOD_00275,-23.557496,-46.762483,2019-03-02,2019,3,0.0,Ponto de Controle Pseudo-Ausencia SP,0,800.0,10.15,17.9,294.2,0.9,El Nino,18.7,20.6,22.1,83.4
NOFLOOD_00998,-23.74163,-46.421302,2019-02-22,2019,2,0.0,Ponto de Controle Pseudo-Ausencia SP,0,769.0,18.71,33.86,7426.3,0.9,El Nino,6.3,5.4,23.0,81.4
FLOOD_00811,-23.503916,-46.684603,2019-05-05,2019,5,0.08,AV ANTONIO MUNHOZ BONILHA,1,726.0,7.13,12.51,514.1,0.7,El Nino,2.3,3.0,22.4,76.4
FLOOD_00401,-23.522975,-46.558262,2019-02-21,2019,2,1.9,MARGINAL TIETE,1,729.0,2.56,4.48,179.2,0.9,El Nino,27.5,13.6,22.1,83.6
FLOOD_00014,-23.54211,-46.63483,2019-01-03,2019,1,0.2,TUN PAPA JOAO PAULO II,1,775.0,23.15,42.76,299.1,1.0,El Nino,15.5,18.0,26.7,65.8
NOFLOOD_00671,-23.680683,-46.513085,2019-12-09,2019,12,0.0,Ponto de Controle Pseudo-Ausencia SP,0,785.0,4.82,8.43,6142.6,0.8,El Nino,3.6,5.2,20.3,78.2
NOFLOOD_00186,-23.607481,-46.511948,2019-03-17,2019,3,0.0,Ponto de Controle Pseudo-Ausencia SP,0,807.0,12.31,21.81,628.6,0.9,El Nino,18.8,18.4,22.4,84.9
FLOOD_00574,-23.538239,-46.641155,2019-03-07,2019,3,2.55,AV RIO BRANCO,1,759.0,2.23,3.9,209.8,0.9,El Nino,20.0,15.8,22.9,80.6
NOFLOOD_00552,-23.684294,-46.647393,2019-04-16,2019,4,0.0,Ponto de Controle Pseudo-Ausencia SP,0,804.0,7.13,12.52,613.7,0.8,El Nino,4.3,8.2,22.7,77.6
FLOOD_00743,-23.52036,-46.74644,2019-04-06,2019,4,0.25,AV DAS NACOES UNIDAS,1,724.0,4.24,7.41,595.4,0.8,El Nino,3.1,3.8,24.1,78.2
NOFLOOD_00674,-23.717593,-46.518788,2019-04-25,2019,4,0.0,Ponto de Controle Pseudo-Ausencia SP,0,875.0,17.02,30.61,8916.0,0.8,El Nino,0.3,0.4,22.7,79.3
FLOOD_00479,-23.51548,-46.66923,2019-03-02,2019,3,3.93,AV PRES CASTELO BRANCO,1,728.0,3.67,6.41,267.3,0.9,El Nino,18.7,20.6,22.1,83.4
FLOOD_00452,-23.56852,-46.6079,2019-02-26,2019,2,0.55,R PRES BATISTA PEREIRA,1,734.0,3.78,6.61,58.9,0.9,El Nino,52.9,14.0,20.8,86.1
NOFLOOD_00852,-23.7021,-46.444109,2019-01-29,2019,1,0.0,Ponto de Controle Pseudo-Ausencia SP,0,777.0,7.88,13.84,3916.7,1.0,El Nino,0.8,1.4,26.3,64.8
NOFLOOD_00909,-23.744965,-46.55574,2019-04-29,2019,4,0.0,Ponto de Controle Pseudo-Ausencia SP,0,799.0,10.98,19.41,5855.8,0.8,El Nino,1.2,1.4,19.7,80.7
FLOOD_00392,-23.534161,-46.625495,2019-02-21,2019,2,3.02,R JOAO TEODORO,1,735.0,2.23,3.9,848.7,0.9,El Nino,27.5,13.6,22.1,83.6
FLOOD_00732,-23.5972,-46.65105,2019-04-06,2019,4,1.25,R SENA MADUREIRA MOEMA,1,767.0,2.58,4.51,413.1,0.8,El Nino,3.1,3.8,24.1,78.2
FLOOD_00575,-23.543123,-46.627042,2019-03-07,2019,3,0.4,AV MERCURIO,1,735.0,1.12,1.95,261.5,0.9,El Nino,20.0,15.8,22.9,80.6
NOFLOOD_00795,-23.708477,-46.696237,2019-07-05,2019,7,0.0,Ponto de Controle Pseudo-Ausencia SP,0,792.0,4.6,8.05,897.3,0.4,Nao El Nino,56.4,8.6,13.1,90.0
FLOOD_00453,-23.61764,-46.70183,2019-02-26,2019,2,0.8,AV MAGALHAES DE CASTRO,1,733.0,2.38,4.15,494.1,0.9,El Nino,52.9,14.0,20.8,86.1
NOFLOOD_00091,-23.678072,-46.528193,2019-12-18,2019,12,0.0,Ponto de Controle Pseudo-Ausencia SP,0,805.0,8.22,14.45,6257.1,0.8,El Nino,5.4,3.2,20.4,86.6
FLOOD_00910,-23.552376,-46.577164,2019-07-05,2019,7,3.6,AV SALIM FARAH MALUF,1,740.0,2.39,4.17,244.0,0.4,Nao El Nino,56.4,8.6,13.1,90.0
FLOOD_00395,-23.645408,-46.729981,2019-02-21,2019,2,0.37,AV ELLIS MAAS,1,735.0,3.91,6.83,126.3,0.9,El Nino,27.5,13.6,22.1,83.6
FLOOD_00758,-23.587799,-46.690269,2019-04-08,2019,4,0.83,AV DAS NACOES UNIDAS,1,726.0,5.44,9.53,267.8,0.8,El Nino,58.3,20.8,20.6,90.3
FLOOD_00947,-23.591748,-46.693734,2019-11-05,2019,11,23.9,AV MAGALHAES DE CASTRO,1,722.0,9.83,17.33,526.6,0.7,El Nino,17.9,12.4,24.2,71.0
NOFLOOD_00433,-23.668307,-46.47632,2019-03-21,2019,3,0.0,Ponto de Controle Pseudo-Ausencia SP,0,805.0,6.11,10.7,3184.4,0.9,El Nino,13.7,3.2,18.4,89.7
FLOOD_00017,-23.58086,-46.69502,2019-01-04,2019,1,0.98,AV MAGALHAES DE CASTRO,1,723.0,4.45,7.77,80.5,1.0,El Nino,26.7,18.4,23.4,79.6
FLOOD_00362,-23.52036,-46.74644,2019-02-21,2019,2,1.8,AV DAS NACOES UNIDAS,1,724.0,4.24,7.41,595.4,0.9,El Nino,27.5,13.6,22.1,83.6
FLOOD_00792,-23.54431,-46.63259,2019-04-26,2019,4,3.12,AV VINTE E CINCO DE MARCO,1,747.0,7.54,13.23,4.9,0.8,El Nino,13.8,10.2,22.3,82.6
FLOOD_00733,-23.5972,-46.65105,2019-04-06,2019,4,1.25,R SENA MADUREIRA MOEMA,1,767.0,2.58,4.51,413.1,0.8,El Nino,3.1,3.8,24.1,78.2
NOFLOOD_00066,-23.665942,-46.524837,2019-01-01,2019,1,0.0,Ponto de Controle Pseudo-Ausencia SP,0,799.0,8.82,15.51,4886.5,1.0,El Nino,3.3,2.4,23.4,76.8
FLOOD_00770,-23.60771,-46.69755,2019-04-09,2019,4,4.58,MARGINAL PINHEIROS,1,729.0,14.05,25.03,370.3,0.8,El Nino,20.7,7.8,19.2,91.1
FLOOD_00722,-23.587799,-46.690269,2019-03-21,2019,3,3.62,AV DAS NACOES UNIDAS,1,726.0,5.44,9.53,267.8,0.9,El Nino,13.7,3.2,18.4,89.7
FLOOD_00252,-23.51548,-46.66923,2019-02-06,2019,2,2.15,AV PRES CASTELO BRANCO,1,728.0,3.67,6.41,267.3,0.9,El Nino,50.5,13.4,17.8,87.6
NOFLOOD_00798,-23.635271,-46.516335,2019-02-28,2019,2,0.0,Ponto de Controle Pseudo-Ausencia SP,0,782.0,8.74,15.37,1553.6,0.9,El Nino,27.9,14.2,20.5,90.2
FLOOD_00063,-23.586792,-46.653024,2019-01-14,2019,1,0.08,AV VINTE E TRES DE MAIO,1,766.0,7.77,13.65,484.3,1.0,El Nino,11.1,21.2,24.4,73.6
NOFLOOD_00814,-23.573813,-46.56403,2019-03-12,2019,3,0.0,Ponto de Controle Pseudo-Ausencia SP,0,805.0,2.57,4.49,368.8,0.9,El Nino,10.0,18.8,22.6,79.9
FLOOD_00158,-23.591748,-46.693734,2019-01-26,2019,1,0.32,AV MAGALHAES DE CASTRO,1,722.0,9.83,17.33,526.6,1.0,El Nino,7.9,8.0,21.2,76.2
FLOOD_00166,-23.519022,-46.63012,2019-01-30,2019,1,0.82,MARGINAL TIETE,1,728.0,4.59,8.02,75.3,1.0,El Nino,24.1,38.2,26.2,63.4
FLOOD_01102,-23.522738,-46.641079,2019-12-14,2019,12,2.52,R NEWTON PRADO,1,727.0,3.08,5.39,413.9,0.8,El Nino,25.4,26.0,21.7,82.2
FLOOD_00804,-23.540356,-46.62947,2019-04-26,2019,4,0.58,AV MERCURIO,1,737.0,7.31,12.83,100.5,0.8,El Nino,13.8,10.2,22.3,82.6
NOFLOOD_00705,-23.572036,-46.779568,2019-12-23,2019,12,0.0,Ponto de Controle Pseudo-Ausencia SP,0,813.0,11.0,19.44,279.0,0.8,El Nino,60.4,67.6,21.9,79.9
FLOOD_01138,-23.538239,-46.641155,2019-12-23,2019,12,0.9,AV RIO BRANCO,1,759.0,2.23,3.9,209.8,0.8,El Nino,60.4,67.6,21.9,79.9
NOFLOOD_00550,-23.740447,-46.710605,2019-02-13,2019,2,0.0,Ponto de Controle Pseudo-Ausencia SP,0,771.0,2.58,4.51,265.6,0.9,El Nino,5.3,2.0,19.8,85.8
FLOOD_00355,-23.54804,-46.5262,2019-02-20,2019,2,1.17,AV ARICANDUVA,1,736.0,1.02,1.77,176.4,0.9,El Nino,20.8,25.8,24.5,68.4
FLOOD_00019,-23.652303,-46.722899,2019-01-04,2019,1,0.88,AV DAS NACOES UNIDAS,1,728.0,3.1,5.41,559.6,1.0,El Nino,26.7,18.4,23.4,79.6
FLOOD_00008,-23.552376,-46.577164,2019-01-01,2019,1,0.22,AV SALIM FARAH MALUF,1,740.0,2.39,4.17,244.0,1.0,El Nino,3.3,2.4,23.4,76.8
NOFLOOD_00459,-23.72155,-46.623586,2019-04-14,2019,4,0.0,Ponto de Controle Pseudo-Ausencia SP,0,789.0,12.9,22.91,843.9,0.8,El Nino,12.7,5.4,20.2,84.4
NOFLOOD_00081,-23.569202,-46.457005,2019-12-13,2019,12,0.0,Ponto de Controle Pseudo-Ausencia SP,0,820.0,2.97,5.18,344.8,0.8,El Nino,25.1,20.2,22.5,81.1
NOFLOOD_00314,-23.638753,-46.673791,2019-11-22,2019,11,0.0,Ponto de Controle Pseudo-Ausencia SP,0,774.0,12.26,21.72,341.2,0.7,El Nino,1.0,2.0,23.5,70.3
FLOOD_00273,-23.594522,-46.693457,2019-02-06,2019,2,1.63,MARGINAL PINHEIROS,1,722.0,4.08,7.14,237.0,0.9,El Nino,50.5,13.4,17.8,87.6
NOFLOOD_00831,-23.613518,-46.648504,2019-02-07,2019,2,0.0,Ponto de Controle Pseudo-Ausencia SP,0,799.0,3.08,5.39,491.7,0.9,El Nino,0.6,1.0,20.1,79.7
FLOOD_00672,-23.52075,-46.65428,2019-03-11,2019,3,2.23,R SOLIMOES,1,725.0,1.8,3.14,351.3,0.9,El Nino,56.6,22.0,20.6,87.4
NOFLOOD_00062,-23.657889,-46.549067,2019-03-28,2019,3,0.0,Ponto de Controle Pseudo-Ausencia SP,0,772.0,3.58,6.26,4727.5,0.9,El Nino,2.4,1.8,20.4,81.2
NOFLOOD_01032,-23.74955,-46.55417,2019-03-20,2019,3,0.0,Ponto de Controle Pseudo-Ausencia SP,0,802.0,7.44,13.06,6250.2,0.9,El Nino,10.8,14.6,21.7,81.9
NOFLOOD_00599,-23.712435,-46.63591,2019-04-14,2019,4,0.0,Ponto de Controle Pseudo-Ausencia SP,0,786.0,9.16,16.13,293.0,0.8,El Nino,12.7,5.4,20.2,84.4
NOFLOOD_00574,-23.424409,-46.667171,2019-01-11,2019,1,0.0,Ponto de Controle Pseudo-Ausencia SP,0,953.0,10.59,18.7,231.0,1.0,El Nino,15.2,23.4,24.4,68.9
FLOOD_00658,-23.523021,-46.65062,2019-03-11,2019,3,2.3,R SERGIO TOMAS,1,734.0,5.09,8.9,407.5,0.9,El Nino,56.6,22.0,20.6,87.4
FLOOD_00503,-23.520693,-46.70153,2019-03-02,2019,3,1.93,R TRAJANO,1,734.0,3.57,6.23,230.3,0.9,El Nino,18.7,20.6,22.1,83.4
NOFLOOD_00135,-23.535554,-46.473364,2019-11-22,2019,11,0.0,Ponto de Controle Pseudo-Ausencia SP,0,812.0,9.57,16.86,221.5,0.7,El Nino,1.0,2.0,23.5,70.3
FLOOD_00927,-23.605517,-46.746517,2019-10-28,2019,10,0.55,AV DR GUILHERME DUMONT VILARES,1,750.0,3.5,6.11,375.8,0.5,El Nino,21.3,12.0,24.7,60.2
FLOOD_00535,-23.54198,-46.63219,2019-03-05,2019,3,2.95,R VINTE E CINCO DE MARCO,1,745.0,1.91,3.33,29.6,0.9,El Nino,3.6,2.4,23.5,73.4
FLOOD_00701,-23.6382,-46.74101,2019-03-17,2019,3,1.3,R JOAQUIM NUNES TEIXEIRA,1,740.0,5.84,10.23,342.1,0.9,El Nino,18.8,18.4,22.4,84.9
NOFLOOD_00179,-23.732708,-46.512981,2019-05-19,2019,5,0.0,Ponto de Controle Pseudo-Ausencia SP,0,804.0,12.9,22.9,9613.7,0.7,El Nino,1.8,2.8,18.4,84.7
NOFLOOD_00980,-23.721492,-46.562313,2019-03-19,2019,3,0.0,Ponto de Controle Pseudo-Ausencia SP,0,796.0,4.83,8.45,4477.7,0.9,El Nino,18.6,18.0,24.8,75.3
NOFLOOD_00499,-23.659256,-46.619436,2019-01-26,2019,1,0.0,Ponto de Controle Pseudo-Ausencia SP,0,820.0,13.13,23.33,250.8,1.0,El Nino,7.9,8.0,21.2,76.2
FLOOD_00431,-23.587799,-46.690269,2019-02-26,2019,2,0.05,AV DAS NACOES UNIDAS,1,726.0,5.44,9.53,267.8,0.9,El Nino,52.9,14.0,20.8,86.1
NOFLOOD_00777,-23.42913,-46.678439,2019-01-23,2019,1,0.0,Ponto de Controle Pseudo-Ausencia SP,0,1039.0,19.94,36.28,321.7,1.0,El Nino,3.0,6.0,24.9,76.9
NOFLOOD_00501,-23.563335,-46.664222,2019-02-27,2019,2,0.0,Ponto de Controle Pseudo-Ausencia SP,0,782.0,9.17,16.14,362.7,0.9,El Nino,5.9,7.6,22.2,77.3
FLOOD_01139,-23.53758,-46.64177,2019-12-23,2019,12,0.9,AV RIO BRANCO,1,752.0,7.07,12.41,254.9,0.8,El Nino,60.4,67.6,21.9,79.9
NOFLOOD_00408,-23.712395,-46.538547,2019-04-25,2019,4,0.0,Ponto de Controle Pseudo-Ausencia SP,0,812.0,3.31,5.78,6944.9,0.8,El Nino,0.3,0.4,22.7,79.3
NOFLOOD_00913,-23.73335,-46.641904,2019-01-17,2019,1,0.0,Ponto de Controle Pseudo-Ausencia SP,0,768.0,4.29,7.5,586.0,1.0,El Nino,6.5,7.8,24.9,66.0
NOFLOOD_00627,-23.495192,-46.617818,2019-11-15,2019,11,0.0,Ponto de Controle Pseudo-Ausencia SP,0,769.0,6.84,12.0,521.6,0.7,El Nino,7.7,3.0,19.1,86.4
NOFLOOD_00700,-23.678524,-46.561651,2019-04-22,2019,4,0.0,Ponto de Controle Pseudo-Ausencia SP,0,766.0,7.9,13.88,4772.2,0.8,El Nino,1.1,2.2,22.5,78.0
FLOOD_00615,-23.624278,-46.694791,2019-03-10,2019,3,1.03,AV ROQUE PETRONI JUNIOR,1,732.0,1.02,1.77,105.2,0.9,El Nino,5.7,7.8,22.9,80.5
FLOOD_00143,-23.55066,-46.72509,2019-01-25,2019,1,0.83,AV DRA RUTH CARDOSO,1,729.0,4.3,7.52,718.7,1.0,El Nino,24.6,15.4,21.9,81.9
FLOOD_01153,-23.537149,-46.57916,2019-12-23,2019,12,1.4,R FILIPE CAMARAO,1,752.0,2.4,4.2,1166.1,0.8,El Nino,60.4,67.6,21.9,79.9
FLOOD_01093,-23.51548,-46.66923,2019-12-11,2019,12,0.28,AV PRES CASTELO BRANCO,1,728.0,3.67,6.41,267.3,0.8,El Nino,5.6,3.6,20.8,84.4
NOFLOOD_00728,-23.635129,-46.433216,2019-02-28,2019,2,0.0,Ponto de Controle Pseudo-Ausencia SP,0,888.0,25.66,48.04,249.8,0.9,El Nino,27.9,14.2,20.5,90.2
NOFLOOD_00278,-23.725735,-46.598468,2019-12-17,2019,12,0.0,Ponto de Controle Pseudo-Ausencia SP,0,805.0,2.83,4.95,1031.0,0.8,El Nino,5.1,4.4,23.5,70.5
FLOOD_00576,-23.540356,-46.62947,2019-03-07,2019,3,1.75,AV MERCURIO,1,737.0,7.31,12.83,100.5,0.9,El Nino,20.0,15.8,22.9,80.6
NOFLOOD_00966,-23.55934,-46.47694,2019-01-10,2019,1,0.0,Ponto de Controle Pseudo-Ausencia SP,0,819.0,8.13,14.28,203.0,1.0,El Nino,0.0,0.0,26.4,64.0
NOFLOOD_00792,-23.585027,-46.53306,2019-03-10,2019,3,0.0,Ponto de Controle Pseudo-Ausencia SP,0,807.0,6.64,11.64,769.2,0.9,El Nino,5.7,7.8,22.9,80.5
NOFLOOD_00516,-23.677105,-46.576402,2019-04-26,2019,4,0.0,Ponto de Controle Pseudo-Ausencia SP,0,767.0,2.58,4.51,3546.7,0.8,El Nino,13.8,10.2,22.3,82.6
NOFLOOD_00129,-23.582447,-46.484602,2019-03-02,2019,3,0.0,Ponto de Controle Pseudo-Ausencia SP,0,812.0,5.87,10.29,267.2,0.9,El Nino,18.7,20.6,22.1,83.4
FLOOD_00719,-23.53705,-46.64988,2019-03-20,2019,3,0.25,AV SAO JOAO,1,750.0,7.87,13.82,836.3,0.9,El Nino,10.8,14.6,21.7,81.9
FLOOD_00778,-23.527848,-46.740221,2019-04-10,2019,4,0.03,AV DR GASTAO VIDIGAL,1,722.0,3.1,5.41,503.7,0.8,El Nino,3.7,2.2,18.4,85.8
FLOOD_00513,-23.586772,-46.692076,2019-03-02,2019,3,5.55,AV MAGALHAES DE CASTRO,1,726.0,6.26,10.97,484.0,0.9,El Nino,18.7,20.6,22.1,83.4
NOFLOOD_00059,-23.634613,-46.484607,2019-02-21,2019,2,0.0,Ponto de Controle Pseudo-Ausencia SP,0,812.0,2.78,4.85,934.7,0.9,El Nino,27.5,13.6,22.1,83.6
FLOOD_00559,-23.63826,-46.74089,2019-03-06,2019,3,1.42,R JOAQUIM NUNES TEIXEIRA,1,741.0,3.18,5.56,355.9,0.9,El Nino,29.9,44.0,23.3,76.7
FLOOD_00987,-23.660056,-46.701662,2019-11-15,2019,11,0.0,AV WASHINGTON LUIS,1,739.0,4.47,7.82,41.2,0.7,El Nino,7.7,3.0,19.1,86.4
FLOOD_00123,-23.58465,-46.78714,2019-01-24,2019,1,1.92,ROD RAPOSO TAVARES,1,774.0,3.18,5.55,243.4,1.0,El Nino,21.0,29.8,23.7,78.6
FLOOD_00001,-23.528865,-46.4572,2019-01-01,2019,1,0.97,AV JACU PESSEGO,1,743.0,2.85,4.98,7.6,1.0,El Nino,3.3,2.4,23.4,76.8
NOFLOOD_00607,-23.712731,-46.631938,2019-01-08,2019,1,0.0,Ponto de Controle Pseudo-Ausencia SP,0,807.0,12.44,22.06,224.6,1.0,El Nino,0.4,0.6,26.6,60.3
FLOOD_00592,-23.59575,-46.69067,2019-03-09,2019,3,0.22,R FUNCHAL,1,732.0,4.12,7.21,151.5,0.9,El Nino,19.0,31.4,25.7,69.0
NOFLOOD_00106,-23.678593,-46.605689,2019-12-09,2019,12,0.0,Ponto de Controle Pseudo-Ausencia SP,0,809.0,5.38,9.41,2652.3,0.8,El Nino,3.6,5.2,20.3,78.2
NOFLOOD_00864,-23.732,-46.593891,2019-01-25,2019,1,0.0,Ponto de Controle Pseudo-Ausencia SP,0,840.0,5.32,9.32,1850.2,1.0,El Nino,24.6,15.4,21.9,81.9
FLOOD_00002,-23.40287,-46.75287,2019-01-01,2019,1,5.22,R CRISPIM DO AMARAL,1,753.0,12.78,22.69,244.3,1.0,El Nino,3.3,2.4,23.4,76.8
NOFLOOD_00610,-23.695417,-46.509485,2019-03-07,2019,3,0.0,Ponto de Controle Pseudo-Ausencia SP,0,801.0,4.51,7.89,7557.6,0.9,El Nino,20.0,15.8,22.9,80.6
FLOOD_00925,-23.552991,-46.613493,2019-10-28,2019,10,1.95,AV ALCANTARA MACHADO,1,740.0,2.74,4.79,140.4,0.5,El Nino,21.3,12.0,24.7,60.2
NOFLOOD_00957,-23.654561,-46.767283,2019-10-17,2019,10,0.0,Ponto de Controle Pseudo-Ausencia SP,0,809.0,9.38,16.51,317.8,0.5,El Nino,0.1,0.2,21.7,76.4
NOFLOOD_00687,-23.671169,-46.43296,2019-11-05,2019,11,0.0,Ponto de Controle Pseudo-Ausencia SP,0,801.0,10.7,18.9,567.1,0.7,El Nino,17.9,12.4,24.2,71.0
NOFLOOD_00476,-23.625829,-46.51429,2019-03-05,2019,3,0.0,Ponto de Controle Pseudo-Ausencia SP,0,790.0,3.45,6.02,745.7,0.9,El Nino,3.6,2.4,23.5,73.4
NOFLOOD_00243,-23.421618,-46.715036,2019-03-03,2019,3,0.0,Ponto de Controle Pseudo-Ausencia SP,0,994.0,6.85,12.02,617.3,0.9,El Nino,22.9,27.8,21.6,83.6
NOFLOOD_00218,-23.497118,-46.732822,2019-03-19,2019,3,0.0,Ponto de Controle Pseudo-Ausencia SP,0,774.0,5.83,10.22,337.1,0.9,El Nino,18.6,18.0,24.8,75.3
FLOOD_01106,-23.587799,-46.690269,2019-12-14,2019,12,2.4,AV DAS NACOES UNIDAS,1,726.0,5.44,9.53,267.8,0.8,El Nino,25.4,26.0,21.7,82.2
FLOOD_00764,-23.61048,-46.54028,2019-04-08,2019,4,0.03,R COSTA BARROS,1,746.0,3.43,5.99,500.5,0.8,El Nino,58.3,20.8,20.6,90.3
NOFLOOD_01083,-23.453971,-46.559166,2019-05-19,2019,5,0.0,Ponto de Controle Pseudo-Ausencia SP,0,770.0,5.36,9.39,1097.0,0.7,El Nino,1.8,2.8,18.4,84.7
FLOOD_00416,-23.577542,-46.659564,2019-02-22,2019,2,5.8,AV BRIG LUIS ANTONIO,1,756.0,0.47,0.81,172.8,0.9,El Nino,6.3,5.4,23.0,81.4
FLOOD_01024,-23.539885,-46.462235,2019-11-28,2019,11,0.47,AV DO CONTORNO,1,765.0,5.45,9.53,78.6,0.7,El Nino,7.7,4.8,19.0,89.5
NOFLOOD_00137,-23.546238,-46.695483,2019-11-27,2019,11,0.0,Ponto de Controle Pseudo-Ausencia SP,0,768.0,15.34,27.43,429.0,0.7,El Nino,25.6,22.0,22.0,75.6
FLOOD_00171,-23.50645,-46.68152,2019-01-30,2019,1,0.85,AV NOSSA SENHORA DO O,1,721.0,3.98,6.95,435.9,1.0,El Nino,24.1,38.2,26.2,63.4
NOFLOOD_00383,-23.629545,-46.444456,2019-02-13,2019,2,0.0,Ponto de Controle Pseudo-Ausencia SP,0,839.0,8.41,14.79,374.4,0.9,El Nino,5.3,2.0,19.8,85.8
NOFLOOD_01156,-23.604007,-46.777168,2019-03-21,2019,3,0.0,Ponto de Controle Pseudo-Ausencia SP,0,801.0,13.53,24.07,376.2,0.9,El Nino,13.7,3.2,18.4,89.7
NOFLOOD_01010,-23.6906,-46.60004,2019-01-17,2019,1,0.0,Ponto de Controle Pseudo-Ausencia SP,0,791.0,10.2,17.99,2670.2,1.0,El Nino,6.5,7.8,24.9,66.0
NOFLOOD_00756,-23.646551,-46.544915,2019-12-04,2019,12,0.0,Ponto de Controle Pseudo-Ausencia SP,0,769.0,4.21,7.36,3816.9,0.8,El Nino,4.0,6.2,20.7,79.3
FLOOD_00257,-23.68444,-46.69226,2019-02-06,2019,2,2.62,AC A AV DAS NACOES UNIDAS,1,732.0,2.12,3.71,487.8,0.9,El Nino,50.5,13.4,17.8,87.6
FLOOD_01136,-23.526397,-46.682273,2019-12-23,2019,12,0.12,AV POMPEIA,1,733.0,2.75,4.81,586.8,0.8,El Nino,60.4,67.6,21.9,79.9
FLOOD_00504,-23.519022,-46.63012,2019-03-02,2019,3,0.65,MARGINAL TIETE,1,728.0,4.59,8.02,75.3,0.9,El Nino,18.7,20.6,22.1,83.4
FLOOD_00207,-23.524646,-46.630781,2019-02-04,2019,2,5.95,AV SANTOS DUMONT,1,727.0,3.43,5.99,547.6,0.9,El Nino,79.5,56.0,19.9,86.9
NOFLOOD_00188,-23.675367,-46.62552,2019-07-05,2019,7,0.0,Ponto de Controle Pseudo-Ausencia SP,0,810.0,6.96,12.21,1494.9,0.4,Nao El Nino,56.4,8.6,13.1,90.0
FLOOD_01134,-23.538101,-46.598964,2019-12-23,2019,12,4.43,AV CELSO GARCIA,1,744.0,1.39,2.44,1115.7,0.8,El Nino,60.4,67.6,21.9,79.9
NOFLOOD_00996,-23.686969,-46.529482,2019-01-19,2019,1,0.0,Ponto de Controle Pseudo-Ausencia SP,0,798.0,11.28,19.94,7224.6,1.0,El Nino,0.9,1.8,26.2,67.7
NOFLOOD_00367,-23.532824,-46.715432,2019-03-06,2019,3,0.0,Ponto de Controle Pseudo-Ausencia SP,0,810.0,4.59,8.02,870.6,0.9,El Nino,29.9,44.0,23.3,76.7
NOFLOOD_00660,-23.572541,-46.527013,2019-12-11,2019,12,0.0,Ponto de Controle Pseudo-Ausencia SP,0,803.0,3.08,5.38,435.6,0.8,El Nino,5.6,3.6,20.8,84.4
NOFLOOD_00132,-23.504247,-46.526118,2019-03-19,2019,3,0.0,Ponto de Controle Pseudo-Ausencia SP,0,778.0,9.56,16.84,565.1,0.9,El Nino,18.6,18.0,24.8,75.3
NOFLOOD_00210,-23.622153,-46.501193,2019-11-22,2019,11,0.0,Ponto de Controle Pseudo-Ausencia SP,0,784.0,9.45,16.65,210.1,0.7,El Nino,1.0,2.0,23.5,70.3
FLOOD_00059,-23.66387,-46.678569,2019-01-14,2019,1,0.48,AV INTERLAGOS,1,748.0,3.08,5.38,253.7,1.0,El Nino,11.1,21.2,24.4,73.6
FLOOD_00991,-23.53705,-46.64988,2019-11-15,2019,11,0.0,AV SAO JOAO,1,750.0,7.87,13.82,836.3,0.7,El Nino,7.7,3.0,19.1,86.4
FLOOD_00134,-23.578632,-46.782132,2019-01-24,2019,1,0.95,R DOS PIEMONTESES,1,780.0,5.1,8.93,547.1,1.0,El Nino,21.0,29.8,23.7,78.6
FLOOD_00833,-23.54388,-46.64553,2019-06-03,2019,6,0.03,R BENTO FREITAS,1,773.0,6.17,10.81,558.6,0.6,El Nino,12.4,4.2,17.3,87.4
FLOOD_01132,-23.542419,-46.615697,2019-12-18,2019,12,1.15,R JOAQUIM NABUCO,1,737.0,4.12,7.21,1258.9,0.8,El Nino,5.4,3.2,20.4,86.6
FLOOD_00951,-23.59263,-46.62053,2019-11-05,2019,11,1.3,AV DR RICARDO JAFET,1,745.0,1.93,3.37,23.2,0.7,El Nino,17.9,12.4,24.2,71.0
FLOOD_00651,-23.52238,-46.64945,2019-03-11,2019,3,0.97,R SERGIO TOMAS,1,728.0,1.29,2.25,309.5,0.9,El Nino,56.6,22.0,20.6,87.4
NOFLOOD_00751,-23.585133,-46.421598,2019-11-09,2019,11,0.0,Ponto de Controle Pseudo-Ausencia SP,0,815.0,10.36,18.29,320.9,0.7,El Nino,1.5,1.6,21.3,84.2
FLOOD_00551,-23.67234,-46.74269,2019-03-06,2019,3,1.23,ES M BOI MIRIM,1,740.0,1.72,3.0,57.4,0.9,El Nino,29.9,44.0,23.3,76.7
FLOOD_00235,-23.53776,-46.45119,2019-02-06,2019,2,0.42,AV JACU PESSEGO,1,750.0,3.03,5.29,125.5,0.9,El Nino,50.5,13.4,17.8,87.6
FLOOD_00788,-23.53993,-46.63074,2019-04-22,2019,4,2.0,R BR DE DUPRAT,1,741.0,1.93,3.37,51.3,0.8,El Nino,1.1,2.2,22.5,78.0
NOFLOOD_00296,-23.654151,-46.676453,2019-12-05,2019,12,0.0,Ponto de Controle Pseudo-Ausencia SP,0,799.0,6.14,10.76,218.6,0.8,El Nino,14.2,22.6,23.1,80.1
FLOOD_01041,-23.5203,-46.74608,2019-12-09,2019,12,0.62,AV EMB MACEDO SOARES,1,728.0,6.27,10.99,621.4,0.8,El Nino,3.6,5.2,20.3,78.2
FLOOD_01009,-23.604395,-46.718874,2019-11-27,2019,11,0.18,PC ALFREDO GOMES,1,752.0,1.59,2.78,46.0,0.7,El Nino,25.6,22.0,22.0,75.6
FLOOD_00484,-23.51923,-46.67516,2019-03-02,2019,3,2.9,PC PASCOAL MARTINS,1,730.0,5.87,10.29,756.3,0.9,El Nino,18.7,20.6,22.1,83.4
NOFLOOD_00035,-23.695117,-46.605169,2019-02-16,2019,2,0.0,Ponto de Controle Pseudo-Ausencia SP,0,785.0,5.65,9.9,1947.2,0.9,El Nino,57.8,16.4,20.5,90.4
NOFLOOD_00953,-23.703111,-46.516734,2019-12-14,2019,12,0.0,Ponto de Controle Pseudo-Ausencia SP,0,805.0,10.7,18.9,8655.2,0.8,El Nino,25.4,26.0,21.7,82.2
FLOOD_00490,-23.52832,-46.68182,2019-03-02,2019,3,0.55,R VENANCIO AIRES,1,742.0,8.19,14.39,764.0,0.9,El Nino,18.7,20.6,22.1,83.4
FLOOD_00414,-23.52711,-46.74734,2019-02-22,2019,2,0.92,AV DAS NACOES UNIDAS,1,726.0,2.8,4.89,338.3,0.9,El Nino,6.3,5.4,23.0,81.4
NOFLOOD_00995,-23.567023,-46.431695,2019-11-15,2019,11,0.0,Ponto de Controle Pseudo-Ausencia SP,0,806.0,10.97,19.38,532.1,0.7,El Nino,7.7,3.0,19.1,86.4
NOFLOOD_00887,-23.586189,-46.517493,2019-04-26,2019,4,0.0,Ponto de Controle Pseudo-Ausencia SP,0,782.0,11.79,20.87,742.8,0.8,El Nino,13.8,10.2,22.3,82.6
FLOOD_00769,-23.594522,-46.693457,2019-04-09,2019,4,4.48,MARGINAL PINHEIROS,1,722.0,4.08,7.14,237.0,0.8,El Nino,20.7,7.8,19.2,91.1
NOFLOOD_00645,-23.567799,-46.775333,2019-02-25,2019,2,0.0,Ponto de Controle Pseudo-Ausencia SP,0,804.0,7.23,12.69,369.1,0.9,El Nino,6.6,13.2,26.0,63.1
FLOOD_00663,-23.506632,-46.716139,2019-03-11,2019,3,5.02,AV RAIMUNDO PEREIRA DE MAGALHAES,1,729.0,1.79,3.13,253.5,0.9,El Nino,56.6,22.0,20.6,87.4
FLOOD_00845,-23.552,-46.44513,2019-06-03,2019,6,2.88,R SABBADO DANGELO,1,761.0,5.07,8.87,110.9,0.6,El Nino,12.4,4.2,17.3,87.4
NOFLOOD_00323,-23.447309,-46.739605,2019-07-04,2019,7,0.0,Ponto de Controle Pseudo-Ausencia SP,0,825.0,5.45,9.53,245.5,0.4,Nao El Nino,65.9,10.4,16.5,89.9
FLOOD_00655,-23.52249,-46.64925,2019-03-11,2019,3,3.18,R SERGIO TOMAS,1,727.0,1.8,3.14,320.3,0.9,El Nino,56.6,22.0,20.6,87.4
FLOOD_00202,-23.738177,-46.700589,2019-02-04,2019,2,1.15,AV SEN TEOTONIO VILELA,1,795.0,11.71,20.73,476.2,0.9,El Nino,79.5,56.0,19.9,86.9
NOFLOOD_00474,-23.63568,-46.477753,2019-01-02,2019,1,0.0,Ponto de Controle Pseudo-Ausencia SP,0,812.0,6.89,12.09,296.5,1.0,El Nino,22.2,41.2,25.4,74.2
NOFLOOD_00431,-23.446806,-46.422705,2019-11-14,2019,11,0.0,Ponto de Controle Pseudo-Ausencia SP,0,785.0,3.08,5.38,3337.9,0.7,El Nino,16.3,15.2,22.0,80.2
FLOOD_00119,-23.54828,-46.60284,2019-01-24,2019,1,0.15,AV ALCANTARA MACHADO,1,744.0,1.8,3.14,107.9,1.0,El Nino,21.0,29.8,23.7,78.6
FLOOD_00055,-23.519022,-46.63012,2019-01-11,2019,1,1.57,MARGINAL TIETE,1,728.0,4.59,8.02,75.3,1.0,El Nino,15.2,23.4,24.4,68.9
FLOOD_00371,-23.54979,-46.63891,2019-02-21,2019,2,1.12,PC DA BANDEIRA,1,749.0,14.41,25.69,556.5,0.9,El Nino,27.5,13.6,22.1,83.6
NOFLOOD_00289,-23.509957,-46.525921,2019-05-05,2019,5,0.0,Ponto de Controle Pseudo-Ausencia SP,0,781.0,5.26,9.2,452.4,0.7,El Nino,2.3,3.0,22.4,76.4
NOFLOOD_00093,-23.619104,-46.522595,2019-01-14,2019,1,0.0,Ponto de Controle Pseudo-Ausencia SP,0,782.0,5.2,9.1,469.1,1.0,El Nino,11.1,21.2,24.4,73.6
FLOOD_00120,-23.51548,-46.66923,2019-01-24,2019,1,0.73,AV PRES CASTELO BRANCO,1,728.0,3.67,6.41,267.3,1.0,El Nino,21.0,29.8,23.7,78.6
FLOOD_00346,-23.72117,-46.69665,2019-02-20,2019,2,1.43,VEL PRES JOAO GOULART,1,769.0,10.59,18.69,637.0,0.9,El Nino,20.8,25.8,24.5,68.4
NOFLOOD_01011,-23.543027,-46.49827,2019-03-11,2019,3,0.0,Ponto de Controle Pseudo-Ausencia SP,0,784.0,5.81,10.18,572.1,0.9,El Nino,56.6,22.0,20.6,87.4
FLOOD_00628,-23.514681,-46.726493,2019-03-11,2019,3,7.67,MARGINAL TIETE,1,718.0,3.5,6.11,924.4,0.9,El Nino,56.6,22.0,20.6,87.4
NOFLOOD_01117,-23.587578,-46.612232,2019-03-03,2019,3,0.0,Ponto de Controle Pseudo-Ausencia SP,0,782.0,5.83,10.2,651.7,0.9,El Nino,22.9,27.8,21.6,83.6
FLOOD_00183,-23.50392,-46.62246,2019-01-30,2019,1,1.68,R MAJ SAMPAIO,1,733.0,3.45,6.02,652.9,1.0,El Nino,24.1,38.2,26.2,63.4
NOFLOOD_00916,-23.499727,-46.488652,2019-01-16,2019,1,0.0,Ponto de Controle Pseudo-Ausencia SP,0,806.0,6.55,11.48,362.6,1.0,El Nino,5.4,8.4,25.5,69.2
NOFLOOD_00316,-23.617725,-46.745661,2019-01-24,2019,1,0.0,Ponto de Controle Pseudo-Ausencia SP,0,791.0,7.57,13.3,249.1,1.0,El Nino,21.0,29.8,23.7,78.6
FLOOD_00294,-23.67541,-46.69966,2019-02-15,2019,2,0.7,AV DAS NACOES UNIDAS,1,727.0,1.06,1.85,28.0,0.9,El Nino,20.9,13.8,19.9,84.7
FLOOD_00584,-23.50392,-46.68472,2019-03-09,2019,3,0.95,AV ANTONIO MUNHOZ BONILHA,1,726.0,7.13,12.51,525.0,0.9,El Nino,19.0,31.4,25.7,69.0
FLOOD_00344,-23.58433,-46.57692,2019-02-20,2019,2,1.0,PC RUY ROXO,1,745.0,4.32,7.55,796.8,0.9,El Nino,20.8,25.8,24.5,68.4
NOFLOOD_00259,-23.429115,-46.548758,2019-04-11,2019,4,0.0,Ponto de Controle Pseudo-Ausencia SP,0,812.0,4.11,7.18,1681.8,0.8,El Nino,0.2,0.2,20.3,80.9
NOFLOOD_00593,-23.581137,-46.519517,2019-01-18,2019,1,0.0,Ponto de Controle Pseudo-Ausencia SP,0,796.0,2.7,4.72,418.6,1.0,El Nino,15.2,16.4,24.8,74.4
FLOOD_00234,-23.522908,-46.630293,2019-02-06,2019,2,23.9,AV SANTOS DUMONT,1,731.0,2.3,4.01,439.6,0.9,El Nino,50.5,13.4,17.8,87.6
NOFLOOD_01079,-23.64354,-46.666164,2019-11-27,2019,11,0.0,Ponto de Controle Pseudo-Ausencia SP,0,801.0,4.12,7.21,535.0,0.7,El Nino,25.6,22.0,22.0,75.6
FLOOD_00526,-23.528935,-46.590538,2019-03-03,2019,3,2.52,MARGINAL TIETE,1,723.0,4.46,7.8,219.8,0.9,El Nino,22.9,27.8,21.6,83.6
FLOOD_00782,-23.515237,-46.666753,2019-04-14,2019,4,1.12,MARGINAL TIETE,1,721.0,6.96,12.21,46.9,0.8,El Nino,12.7,5.4,20.2,84.4
FLOOD_00649,-23.55548,-46.61903,2019-03-11,2019,3,6.52,R OSCAR HORTA,1,732.0,4.11,7.18,617.4,0.9,El Nino,56.6,22.0,20.6,87.4
NOFLOOD_00759,-23.689318,-46.771684,2019-12-10,2019,12,0.0,Ponto de Controle Pseudo-Ausencia SP,0,832.0,3.5,6.11,363.7,0.8,El Nino,32.3,18.2,20.8,85.5
FLOOD_00049,-23.619176,-46.627722,2019-01-10,2019,1,0.63,AV PROF ABRAAO DE MORAIS,1,753.0,3.14,5.49,339.8,1.0,El Nino,0.0,0.0,26.4,64.0
NOFLOOD_00936,-23.425748,-46.656065,2019-01-17,2019,1,0.0,Ponto de Controle Pseudo-Ausencia SP,0,997.0,13.37,23.78,643.1,1.0,El Nino,6.5,7.8,24.9,66.0
NOFLOOD_00937,-23.5577,-46.559863,2019-04-29,2019,4,0.0,Ponto de Controle Pseudo-Ausencia SP,0,786.0,3.45,6.02,1077.1,0.8,El Nino,1.2,1.4,19.7,80.7
FLOOD_00895,-23.51412,-46.72663,2019-07-05,2019,7,5.22,AV OTAVIANO ALVES DE LIMA,1,727.0,7.67,13.46,919.7,0.4,Nao El Nino,56.4,8.6,13.1,90.0
NOFLOOD_00644,-23.44426,-46.64048,2019-12-31,2019,12,0.0,Ponto de Controle Pseudo-Ausencia SP,0,911.0,8.57,15.07,333.5,0.8,El Nino,0.1,0.2,23.7,69.7
NOFLOOD_00456,-23.445549,-46.438475,2019-03-21,2019,3,0.0,Ponto de Controle Pseudo-Ausencia SP,0,789.0,3.08,5.38,3353.0,0.9,El Nino,13.7,3.2,18.4,89.7
FLOOD_01006,-23.620788,-46.627806,2019-11-27,2019,11,1.05,AV PROF ABRAAO DE MORAIS,1,757.0,4.08,7.14,258.5,0.7,El Nino,25.6,22.0,22.0,75.6
FLOOD_00092,-23.59205,-46.73175,2019-01-19,2019,1,0.62,AV PROF FRANCISCO MORATO,1,743.0,3.77,6.59,637.9,1.0,El Nino,0.9,1.8,26.2,67.7
NOFLOOD_00041,-23.73123,-46.597182,2019-02-06,2019,2,0.0,Ponto de Controle Pseudo-Ausencia SP,0,827.0,6.66,11.67,1571.7,0.9,El Nino,50.5,13.4,17.8,87.6
NOFLOOD_00531,-23.729659,-46.509195,2019-11-21,2019,11,0.0,Ponto de Controle Pseudo-Ausencia SP,0,810.0,21.61,39.6,9952.6,0.7,El Nino,0.0,0.0,21.8,75.6
FLOOD_00656,-23.58271,-46.59984,2019-03-11,2019,3,1.47,AV DO ESTADO,1,735.0,4.42,7.72,702.5,0.9,El Nino,56.6,22.0,20.6,87.4
NOFLOOD_00077,-23.74817,-46.509653,2019-12-18,2019,12,0.0,Ponto de Controle Pseudo-Ausencia SP,0,890.0,25.98,48.72,10337.5,0.8,El Nino,5.4,3.2,20.4,86.6
NOFLOOD_00418,-23.563419,-46.493483,2019-02-20,2019,2,0.0,Ponto de Controle Pseudo-Ausencia SP,0,825.0,6.81,11.95,657.0,0.9,El Nino,20.8,25.8,24.5,68.4
NOFLOOD_00534,-23.60632,-46.420983,2019-11-09,2019,11,0.0,Ponto de Controle Pseudo-Ausencia SP,0,832.0,17.51,31.55,215.4,0.7,El Nino,1.5,1.6,21.3,84.2
FLOOD_00909,-23.520799,-46.693082,2019-07-05,2019,7,3.0,R EMILIO GOELDI,1,730.0,2.32,4.06,11.7,0.4,Nao El Nino,56.4,8.6,13.1,90.0
NOFLOOD_00021,-23.651513,-46.549978,2019-10-28,2019,10,0.0,Ponto de Controle Pseudo-Ausencia SP,0,781.0,7.91,13.89,4266.7,0.5,El Nino,21.3,12.0,24.7,60.2
NOFLOOD_00561,-23.535016,-46.71219,2019-05-05,2019,5,0.0,Ponto de Controle Pseudo-Ausencia SP,0,816.0,11.59,20.51,835.7,0.7,El Nino,2.3,3.0,22.4,76.4
FLOOD_00421,-23.522975,-46.558262,2019-02-25,2019,2,0.3,MARGINAL TIETE,1,729.0,2.56,4.48,179.2,0.9,El Nino,6.6,13.2,26.0,63.1
FLOOD_00563,-23.69192,-46.67428,2019-03-06,2019,3,1.43,R DR JACQUES TUPINAMBA,1,738.0,2.23,3.9,14.2,0.9,El Nino,29.9,44.0,23.3,76.7
NOFLOOD_00861,-23.460333,-46.69154,2019-06-01,2019,6,0.0,Ponto de Controle Pseudo-Ausencia SP,0,843.0,17.94,32.37,377.2,0.6,El Nino,26.5,14.6,20.2,83.6
FLOOD_00368,-23.507365,-46.715699,2019-02-21,2019,2,0.75,MARGINAL TIETE,1,725.0,6.83,11.98,173.2,0.9,El Nino,27.5,13.6,22.1,83.6
FLOOD_01089,-23.519358,-46.674654,2019-12-11,2019,12,0.77,PC PASCOAL MARTINS,1,725.0,1.8,3.14,740.1,0.8,El Nino,5.6,3.6,20.8,84.4
NOFLOOD_00183,-23.646859,-46.667492,2019-02-25,2019,2,0.0,Ponto de Controle Pseudo-Ausencia SP,0,780.0,5.59,9.79,243.1,0.9,El Nino,6.6,13.2,26.0,63.1
FLOOD_00246,-23.53819,-46.59917,2019-02-06,2019,2,3.97,AV CELSO GARCIA,1,745.0,2.79,4.87,1119.0,0.9,El Nino,50.5,13.4,17.8,87.6
NOFLOOD_00749,-23.607368,-46.642882,2019-01-25,2019,1,0.0,Ponto de Controle Pseudo-Ausencia SP,0,789.0,6.92,12.13,450.3,1.0,El Nino,24.6,15.4,21.9,81.9
FLOOD_01029,-23.618062,-46.701142,2019-12-05,2019,12,0.68,MARGINAL PINHEIROS,1,731.0,3.81,6.66,412.5,0.8,El Nino,14.2,22.6,23.1,80.1
FLOOD_00974,-23.539258,-46.627762,2019-11-09,2019,11,0.67,R PAULA SOUSA,1,730.0,3.18,5.56,298.4,0.7,El Nino,1.5,1.6,21.3,84.2
NOFLOOD_00905,-23.578209,-46.542766,2019-03-05,2019,3,0.0,Ponto de Controle Pseudo-Ausencia SP,0,795.0,3.83,6.7,614.7,0.9,El Nino,3.6,2.4,23.5,73.4
FLOOD_01068,-23.537535,-46.641682,2019-12-10,2019,12,1.12,AV RIO BRANCO,1,752.0,7.07,12.41,261.7,0.8,El Nino,32.3,18.2,20.8,85.5
NOFLOOD_00956,-23.600169,-46.45382,2019-09-02,2019,9,0.0,Ponto de Controle Pseudo-Ausencia SP,0,804.0,8.39,14.75,501.8,0.3,Nao El Nino,18.5,5.8,16.1,88.0
FLOOD_00108,-23.519022,-46.63012,2019-01-22,2019,1,1.63,MARGINAL TIETE,1,728.0,4.59,8.02,75.3,1.0,El Nino,15.2,20.4,24.9,78.2
NOFLOOD_00016,-23.542943,-46.494851,2019-04-08,2019,4,0.0,Ponto de Controle Pseudo-Ausencia SP,0,808.0,5.32,9.32,647.1,0.8,El Nino,58.3,20.8,20.6,90.3
FLOOD_01109,-23.50392,-46.68472,2019-12-14,2019,12,0.22,AV ANTONIO MUNHOZ BONILHA,1,726.0,7.13,12.51,525.0,0.8,El Nino,25.4,26.0,21.7,82.2
NOFLOOD_00102,-23.670353,-46.633686,2019-07-05,2019,7,0.0,Ponto de Controle Pseudo-Ausencia SP,0,825.0,15.45,27.65,773.7,0.4,Nao El Nino,56.4,8.6,13.1,90.0
NOFLOOD_00398,-23.711697,-46.441357,2019-01-25,2019,1,0.0,Ponto de Controle Pseudo-Ausencia SP,0,780.0,14.16,25.22,4652.2,1.0,El Nino,24.6,15.4,21.9,81.9
NOFLOOD_00779,-23.641018,-46.476323,2019-01-25,2019,1,0.0,Ponto de Controle Pseudo-Ausencia SP,0,822.0,11.14,19.69,655.9,1.0,El Nino,24.6,15.4,21.9,81.9
FLOOD_01145,-23.675304,-46.734454,2019-12-23,2019,12,0.12,AV GUARAPIRANGA,1,765.0,19.64,35.69,800.2,0.8,El Nino,60.4,67.6,21.9,79.9
NOFLOOD_00494,-23.482931,-46.746888,2019-03-09,2019,3,0.0,Ponto de Controle Pseudo-Ausencia SP,0,784.0,9.72,17.14,506.2,0.9,El Nino,19.0,31.4,25.7,69.0
NOFLOOD_00437,-23.498456,-46.763461,2019-11-09,2019,11,0.0,Ponto de Controle Pseudo-Ausencia SP,0,768.0,11.98,21.22,882.2,0.7,El Nino,1.5,1.6,21.3,84.2
NOFLOOD_00156,-23.571995,-46.430264,2019-05-19,2019,5,0.0,Ponto de Controle Pseudo-Ausencia SP,0,848.0,9.79,17.25,243.8,0.7,El Nino,1.8,2.8,18.4,84.7
FLOOD_01149,-23.51548,-46.66923,2019-12-23,2019,12,0.57,AV PRES CASTELO BRANCO,1,728.0,3.67,6.41,267.3,0.8,El Nino,60.4,67.6,21.9,79.9
FLOOD_00632,-23.54557,-46.73423,2019-03-11,2019,3,4.95,MARGINAL PINHEIROS,1,726.0,2.06,3.6,61.6,0.9,El Nino,56.6,22.0,20.6,87.4
NOFLOOD_00606,-23.428763,-46.732964,2019-04-25,2019,4,0.0,Ponto de Controle Pseudo-Ausencia SP,0,814.0,5.78,10.11,278.7,0.8,El Nino,0.3,0.4,22.7,79.3
NOFLOOD_00006,-23.545888,-46.469786,2019-09-02,2019,9,0.0,Ponto de Controle Pseudo-Ausencia SP,0,782.0,6.33,11.09,649.0,0.3,Nao El Nino,18.5,5.8,16.1,88.0
FLOOD_00050,-23.665335,-46.678112,2019-01-10,2019,1,0.63,AV INTERLAGOS,1,753.0,6.35,11.13,400.3,1.0,El Nino,0.0,0.0,26.4,64.0
FLOOD_00339,-23.61638,-46.62842,2019-02-20,2019,2,0.83,AV PROF ABRAAO DE MORAIS,1,756.0,3.67,6.41,119.7,0.9,El Nino,20.8,25.8,24.5,68.4
FLOOD_00181,-23.516721,-46.65397,2019-01-30,2019,1,1.37,MARGINAL TIETE,1,725.0,4.06,7.09,379.8,1.0,El Nino,24.1,38.2,26.2,63.4
NOFLOOD_00157,-23.6957,-46.450942,2019-04-23,2019,4,0.0,Ponto de Controle Pseudo-Ausencia SP,0,839.0,6.17,10.82,3789.6,0.8,El Nino,0.0,0.0,21.9,81.9
FLOOD_00568,-23.52687,-46.59643,2019-03-07,2019,3,1.28,MARGINAL TIETE,1,726.0,3.11,5.44,858.8,0.9,El Nino,20.0,15.8,22.9,80.6
FLOOD_00907,-23.57057,-46.67321,2019-07-05,2019,7,5.65,R COLOMBIA,1,747.0,3.68,6.42,227.2,0.4,Nao El Nino,56.4,8.6,13.1,90.0
NOFLOOD_00208,-23.60554,-46.621808,2019-05-05,2019,5,0.0,Ponto de Controle Pseudo-Ausencia SP,0,767.0,5.89,10.32,446.4,0.7,El Nino,2.3,3.0,22.4,76.4
FLOOD_00093,-23.601109,-46.71857,2019-01-19,2019,1,1.48,AV JULES RIMET,1,754.0,3.98,6.95,366.8,1.0,El Nino,0.9,1.8,26.2,67.7
NOFLOOD_00963,-23.663787,-46.527721,2019-04-25,2019,4,0.0,Ponto de Controle Pseudo-Ausencia SP,0,790.0,6.86,12.03,4803.4,0.8,El Nino,0.3,0.4,22.7,79.3
NOFLOOD_00958,-23.50269,-46.51829,2019-09-01,2019,9,0.0,Ponto de Controle Pseudo-Ausencia SP,0,767.0,7.83,13.75,603.4,0.3,Nao El Nino,26.0,6.6,17.2,86.5
FLOOD_00809,-23.64472,-46.725363,2019-04-28,2019,4,0.43,AV DAS NACOES UNIDAS,1,730.0,2.23,3.9,85.9,0.8,El Nino,24.4,10.2,23.2,69.4
FLOOD_00476,-23.52483,-46.70213,2019-03-02,2019,3,3.07,R CLELIA BARRA FUNDA,1,737.0,0.34,0.6,114.1,0.9,El Nino,18.7,20.6,22.1,83.4
FLOOD_00793,-23.55681,-46.62958,2019-04-26,2019,4,0.85,R GLICERIO,1,735.0,2.8,4.9,179.2,0.8,El Nino,13.8,10.2,22.3,82.6
NOFLOOD_00549,-23.705236,-46.473534,2019-09-01,2019,9,0.0,Ponto de Controle Pseudo-Ausencia SP,0,816.0,4.79,8.37,6030.4,0.3,Nao El Nino,26.0,6.6,17.2,86.5
NOFLOOD_00112,-23.577551,-46.617815,2019-04-10,2019,4,0.0,Ponto de Controle Pseudo-Ausencia SP,0,776.0,4.51,7.89,433.0,0.8,El Nino,3.7,2.2,18.4,85.8
NOFLOOD_00195,-23.747463,-46.671489,2019-02-16,2019,2,0.0,Ponto de Controle Pseudo-Ausencia SP,0,774.0,9.99,17.61,261.2,0.9,El Nino,57.8,16.4,20.5,90.4
NOFLOOD_00114,-23.680362,-46.542246,2019-01-29,2019,1,0.0,Ponto de Controle Pseudo-Ausencia SP,0,787.0,2.8,4.9,6567.1,1.0,El Nino,0.8,1.4,26.3,64.8
FLOOD_00182,-23.50392,-46.68472,2019-01-30,2019,1,2.57,AV ANTONIO MUNHOZ BONILHA,1,726.0,7.13,12.51,525.0,1.0,El Nino,24.1,38.2,26.2,63.4
FLOOD_00666,-23.452931,-46.718635,2019-03-11,2019,3,1.3,AV RAIMUNDO PEREIRA DE MAGALHAES,1,892.0,15.89,28.46,427.3,0.9,El Nino,56.6,22.0,20.6,87.4
FLOOD_00305,-23.544436,-46.593349,2019-02-16,2019,2,0.52,AV ALCANTARA MACHADO,1,744.0,4.75,8.31,210.2,0.9,El Nino,57.8,16.4,20.5,90.4
NOFLOOD_00432,-23.708127,-46.468212,2019-02-24,2019,2,0.0,Ponto de Controle Pseudo-Ausencia SP,0,805.0,2.78,4.85,5917.9,0.9,El Nino,1.9,3.4,26.4,61.5
NOFLOOD_00685,-23.705819,-46.599596,2019-01-17,2019,1,0.0,Ponto de Controle Pseudo-Ausencia SP,0,816.0,3.37,5.89,1678.6,1.0,El Nino,6.5,7.8,24.9,66.0
FLOOD_00921,-23.550116,-46.636328,2019-09-05,2019,9,0.82,R SEN FEIJO,1,777.0,9.32,16.41,484.5,0.3,Nao El Nino,1.0,0.6,13.6,90.1
FLOOD_00943,-23.681564,-46.693854,2019-11-05,2019,11,0.52,AV DAS NACOES UNIDAS,1,730.0,2.3,4.01,685.4,0.7,El Nino,17.9,12.4,24.2,71.0
NOFLOOD_00370,-23.434897,-46.637187,2019-12-23,2019,12,0.0,Ponto de Controle Pseudo-Ausencia SP,0,984.0,18.92,34.27,215.3,0.8,El Nino,60.4,67.6,21.9,79.9
FLOOD_01033,-23.543123,-46.627042,2019-12-05,2019,12,2.13,AV MERCURIO,1,735.0,1.12,1.95,261.5,0.8,El Nino,14.2,22.6,23.1,80.1
FLOOD_00283,-23.62597,-46.68917,2019-02-15,2019,2,1.25,AV ROQUE PETRONI JUNIOR,1,734.0,5.25,9.19,139.4,0.9,El Nino,20.9,13.8,19.9,84.7
FLOOD_00271,-23.48538,-46.39472,2019-02-06,2019,2,0.18,R AGOSTINHO ALVES MARINHO,1,734.0,2.08,3.64,580.2,0.9,El Nino,50.5,13.4,17.8,87.6
NOFLOOD_00679,-23.691996,-46.561614,2019-02-28,2019,2,0.0,Ponto de Controle Pseudo-Ausencia SP,0,780.0,6.03,10.56,5484.7,0.9,El Nino,27.9,14.2,20.5,90.2
FLOOD_00973,-23.54713,-46.637146,2019-11-06,2019,11,0.22,VD DO CHA,1,760.0,23.87,44.25,417.3,0.7,El Nino,11.0,6.2,18.7,87.3
FLOOD_00772,-23.52711,-46.74734,2019-04-09,2019,4,2.43,AV DAS NACOES UNIDAS,1,726.0,2.8,4.89,338.3,0.8,El Nino,20.7,7.8,19.2,91.1
NOFLOOD_00654,-23.747095,-46.539182,2019-04-11,2019,4,0.0,Ponto de Controle Pseudo-Ausencia SP,0,804.0,11.78,20.86,7476.2,0.8,El Nino,0.2,0.2,20.3,80.9
FLOOD_00926,-23.54003,-46.611555,2019-10-28,2019,10,3.43,AV CELSO GARCIA,1,738.0,2.03,3.55,1343.7,0.5,El Nino,21.3,12.0,24.7,60.2
NOFLOOD_00422,-23.609699,-46.515044,2019-11-14,2019,11,0.0,Ponto de Controle Pseudo-Ausencia SP,0,780.0,5.61,9.82,412.4,0.7,El Nino,16.3,15.2,22.0,80.2
FLOOD_00634,-23.50735,-46.70043,2019-03-11,2019,3,2.68,AV OTAVIANO ALVES DE LIMA,1,735.0,7.18,12.59,118.8,0.9,El Nino,56.6,22.0,20.6,87.4
NOFLOOD_00581,-23.456969,-46.42163,2019-03-10,2019,3,0.0,Ponto de Controle Pseudo-Ausencia SP,0,821.0,7.28,12.77,2291.7,0.9,El Nino,5.7,7.8,22.9,80.5
NOFLOOD_00824,-23.699445,-46.537491,2019-03-21,2019,3,0.0,Ponto de Controle Pseudo-Ausencia SP,0,801.0,6.18,10.83,7356.2,0.9,El Nino,13.7,3.2,18.4,89.7
FLOOD_00855,-23.69861,-46.64774,2019-07-04,2019,7,7.28,ES DO ALVARENGA,1,768.0,5.93,10.39,156.2,0.4,Nao El Nino,65.9,10.4,16.5,89.9
FLOOD_00091,-23.6571,-46.73588,2019-01-18,2019,1,0.38,AV MARIA COELHO AGUIAR,1,765.0,10.36,18.29,145.3,1.0,El Nino,15.2,16.4,24.8,74.4
FLOOD_00138,-23.607283,-46.665577,2019-01-25,2019,1,1.18,AV ARATAS,1,754.0,2.57,4.49,814.6,1.0,El Nino,24.6,15.4,21.9,81.9
FLOOD_00714,-23.549408,-46.638806,2019-03-19,2019,3,0.82,AV VINTE E TRES DE MAIO,1,754.0,20.39,37.18,592.5,0.9,El Nino,18.6,18.0,24.8,75.3
FLOOD_01121,-23.526397,-46.682273,2019-12-17,2019,12,0.28,R PALESTRA ITALIA,1,733.0,2.75,4.81,586.8,0.8,El Nino,5.1,4.4,23.5,70.5
FLOOD_00250,-23.406906,-46.750305,2019-02-06,2019,2,0.4,R BERNARDO JOSE DE LORENA,1,746.0,7.54,13.23,194.6,0.9,El Nino,50.5,13.4,17.8,87.6
FLOOD_00004,-23.407361,-46.750699,2019-01-01,2019,1,4.47,R FRANCIS DE CASTELNAU,1,741.0,2.58,4.51,169.0,1.0,El Nino,3.3,2.4,23.4,76.8
FLOOD_01001,-23.507707,-46.747265,2019-11-27,2019,11,0.55,AV ELISIO CORDEIRO DE SIQUEIRA,1,732.0,2.06,3.6,449.9,0.7,El Nino,25.6,22.0,22.0,75.6
FLOOD_00374,-23.564395,-46.678043,2019-02-21,2019,2,0.73,AV BRASIL,1,747.0,1.12,1.95,575.3,0.9,El Nino,27.5,13.6,22.1,83.6
FLOOD_00441,-23.51939,-46.74844,2019-02-26,2019,2,0.03,R DA DESPEDIDA,1,725.0,1.48,2.59,619.4,0.9,El Nino,52.9,14.0,20.8,86.1
NOFLOOD_01057,-23.731839,-46.549127,2019-09-03,2019,9,0.0,Ponto de Controle Pseudo-Ausencia SP,0,789.0,4.23,7.4,5971.5,0.3,Nao El Nino,12.4,7.4,16.9,89.3
NOFLOOD_00330,-23.422357,-46.642307,2019-03-19,2019,3,0.0,Ponto de Controle Pseudo-Ausencia SP,0,1046.0,20.8,37.98,719.1,0.9,El Nino,18.6,18.0,24.8,75.3
FLOOD_00099,-23.515905,-46.63984,2019-01-22,2019,1,1.17,AV OLAVO FONTOURA,1,729.0,1.06,1.85,313.2,1.0,El Nino,15.2,20.4,24.9,78.2
NOFLOOD_00556,-23.464672,-46.43183,2019-11-27,2019,11,0.0,Ponto de Controle Pseudo-Ausencia SP,0,784.0,7.63,13.4,1277.8,0.7,El Nino,25.6,22.0,22.0,75.6
NOFLOOD_00042,-23.439273,-46.574917,2019-09-03,2019,9,0.0,Ponto de Controle Pseudo-Ausencia SP,0,792.0,11.19,19.78,409.1,0.3,Nao El Nino,12.4,7.4,16.9,89.3
FLOOD_00291,-23.61603,-46.62739,2019-02-15,2019,2,0.28,AV PROF ABRAAO DE MORAIS,1,755.0,1.78,3.12,16.6,0.9,El Nino,20.9,13.8,19.9,84.7
FLOOD_00292,-23.549091,-46.640456,2019-02-15,2019,2,0.32,PC DA BANDEIRA,1,759.0,2.46,4.3,696.8,0.9,El Nino,20.9,13.8,19.9,84.7
NOFLOOD_00455,-23.495779,-46.773992,2019-01-13,2019,1,0.0,Ponto de Controle Pseudo-Ausencia SP,0,769.0,4.37,7.63,1553.4,1.0,El Nino,8.3,16.4,24.1,73.3
NOFLOOD_00764,-23.674313,-46.514466,2019-04-10,2019,4,0.0,Ponto de Controle Pseudo-Ausencia SP,0,782.0,4.08,7.14,5466.4,0.8,El Nino,3.7,2.2,18.4,85.8
FLOOD_00602,-23.583841,-46.585261,2019-03-10,2019,3,1.53,R TROCARI,1,740.0,6.35,11.13,398.9,0.9,El Nino,5.7,7.8,22.9,80.5
NOFLOOD_00673,-23.469042,-46.444347,2019-07-04,2019,7,0.0,Ponto de Controle Pseudo-Ausencia SP,0,769.0,3.78,6.61,1108.3,0.4,Nao El Nino,65.9,10.4,16.5,89.9
NOFLOOD_00883,-23.728574,-46.610506,2019-01-22,2019,1,0.0,Ponto de Controle Pseudo-Ausencia SP,0,810.0,11.24,19.88,796.2,1.0,El Nino,15.2,20.4,24.9,78.2
FLOOD_00624,-23.563049,-46.611933,2019-03-11,2019,3,9.85,AV DO ESTADO,1,731.0,4.3,7.52,353.2,0.9,El Nino,56.6,22.0,20.6,87.4
FLOOD_00760,-23.541812,-46.614768,2019-04-08,2019,4,0.63,AV RANGEL PESTANA,1,740.0,4.77,8.34,1277.1,0.8,El Nino,58.3,20.8,20.6,90.3
NOFLOOD_00352,-23.694142,-46.520687,2019-04-25,2019,4,0.0,Ponto de Controle Pseudo-Ausencia SP,0,806.0,9.02,15.87,7744.1,0.8,El Nino,0.3,0.4,22.7,79.3
NOFLOOD_00910,-23.716216,-46.58469,2019-07-04,2019,7,0.0,Ponto de Controle Pseudo-Ausencia SP,0,794.0,5.36,9.39,2224.8,0.4,Nao El Nino,65.9,10.4,16.5,89.9
FLOOD_01070,-23.6281,-46.76746,2019-12-10,2019,12,4.03,EST DO CAMPO LIMPO,1,749.0,4.79,8.38,251.5,0.8,El Nino,32.3,18.2,20.8,85.5
FLOOD_00082,-23.503909,-46.684676,2019-01-17,2019,1,0.07,AV NOSSA SENHORA DO O,1,726.0,7.13,12.51,520.4,1.0,El Nino,6.5,7.8,24.9,66.0
FLOOD_00593,-23.58727,-46.66417,2019-03-09,2019,3,0.0,AV REPUBLICA DO LIBANO,1,746.0,2.45,4.27,968.5,0.9,El Nino,19.0,31.4,25.7,69.0
NOFLOOD_00005,-23.723996,-46.674456,2019-11-09,2019,11,0.0,Ponto de Controle Pseudo-Ausencia SP,0,778.0,8.85,15.57,361.5,0.7,El Nino,1.5,1.6,21.3,84.2
NOFLOOD_00429,-23.424789,-46.535452,2019-01-18,2019,1,0.0,Ponto de Controle Pseudo-Ausencia SP,0,800.0,6.5,11.39,2972.0,1.0,El Nino,15.2,16.4,24.8,74.4
NOFLOOD_00649,-23.596111,-46.442502,2019-01-08,2019,1,0.0,Ponto de Controle Pseudo-Ausencia SP,0,807.0,5.26,9.2,400.5,1.0,El Nino,0.4,0.6,26.6,60.3
FLOOD_00225,-23.52467,-46.73662,2019-02-04,2019,2,0.18,AV IMP LEOPOLDINA,1,731.0,1.86,3.25,107.3,0.9,El Nino,79.5,56.0,19.9,86.9
FLOOD_00836,-23.53605,-46.65165,2019-06-03,2019,6,0.07,AV S JOAO,1,755.0,3.49,6.1,1045.6,0.6,El Nino,12.4,4.2,17.3,87.4
NOFLOOD_00855,-23.468797,-46.60308,2019-01-24,2019,1,0.0,Ponto de Controle Pseudo-Ausencia SP,0,786.0,2.54,4.43,419.5,1.0,El Nino,21.0,29.8,23.7,78.6
FLOOD_00243,-23.52438,-46.63057,2019-02-06,2019,2,0.15,AV DO ESTADO,1,729.0,2.7,4.72,572.7,0.9,El Nino,50.5,13.4,17.8,87.6
NOFLOOD_00381,-23.478233,-46.545627,2019-10-17,2019,10,0.0,Ponto de Controle Pseudo-Ausencia SP,0,781.0,3.04,5.32,1545.8,0.5,El Nino,0.1,0.2,21.7,76.4
NOFLOOD_00376,-23.587269,-46.757224,2019-04-09,2019,4,0.0,Ponto de Controle Pseudo-Ausencia SP,0,792.0,8.52,14.98,434.1,0.8,El Nino,20.7,7.8,19.2,91.1
NOFLOOD_00602,-23.510284,-46.426635,2019-01-29,2019,1,0.0,Ponto de Controle Pseudo-Ausencia SP,0,765.0,9.72,17.14,280.6,1.0,El Nino,0.8,1.4,26.3,64.8
NOFLOOD_01066,-23.429781,-46.62742,2019-04-07,2019,4,0.0,Ponto de Controle Pseudo-Ausencia SP,0,1004.0,17.26,31.07,201.0,0.8,El Nino,3.6,2.2,23.1,83.1
NOFLOOD_00904,-23.640014,-46.459893,2019-01-19,2019,1,0.0,Ponto de Controle Pseudo-Ausencia SP,0,810.0,3.18,5.56,207.1,1.0,El Nino,0.9,1.8,26.2,67.7
FLOOD_00932,-23.519647,-46.675094,2019-11-05,2019,11,0.78,PC PASCOAL MARTINS,1,726.0,2.83,4.95,791.0,0.7,El Nino,17.9,12.4,24.2,71.0
FLOOD_00435,-23.586792,-46.653024,2019-02-26,2019,2,0.0,AV VINTE E TRES DE MAIO,1,766.0,7.77,13.65,484.3,0.9,El Nino,52.9,14.0,20.8,86.1
NOFLOOD_00257,-23.484792,-46.581407,2019-11-05,2019,11,0.0,Ponto de Controle Pseudo-Ausencia SP,0,778.0,6.21,10.87,474.9,0.7,El Nino,17.9,12.4,24.2,71.0
NOFLOOD_00951,-23.688689,-46.562354,2019-09-02,2019,9,0.0,Ponto de Controle Pseudo-Ausencia SP,0,780.0,2.8,4.9,5462.8,0.3,Nao El Nino,18.5,5.8,16.1,88.0
FLOOD_01083,-23.519669,-46.655614,2019-12-10,2019,12,0.55,R BR DE PORTO CARREIRO,1,729.0,8.99,15.82,224.9,0.8,El Nino,32.3,18.2,20.8,85.5
NOFLOOD_01081,-23.745744,-46.593459,2019-03-17,2019,3,0.0,Ponto de Controle Pseudo-Ausencia SP,0,766.0,7.3,12.82,3130.0,0.9,El Nino,18.8,18.4,22.4,84.9
NOFLOOD_00277,-23.629293,-46.634829,2019-01-08,2019,1,0.0,Ponto de Controle Pseudo-Ausencia SP,0,774.0,14.51,25.88,367.5,1.0,El Nino,0.4,0.6,26.6,60.3
NOFLOOD_00802,-23.568016,-46.559306,2019-03-07,2019,3,0.0,Ponto de Controle Pseudo-Ausencia SP,0,769.0,4.96,8.68,375.5,0.9,El Nino,20.0,15.8,22.9,80.6
FLOOD_00937,-23.526943,-46.684077,2019-11-05,2019,11,0.68,R BR DO BANANAL,1,734.0,2.39,4.17,500.0,0.7,El Nino,17.9,12.4,24.2,71.0
NOFLOOD_00704,-23.683225,-46.470547,2019-04-28,2019,4,0.0,Ponto de Controle Pseudo-Ausencia SP,0,777.0,6.49,11.38,4316.2,0.8,El Nino,24.4,10.2,23.2,69.4
FLOOD_00992,-23.528865,-46.4572,2019-11-21,2019,11,1.85,AV JACU PESSEGO,1,743.0,2.85,4.98,7.6,0.7,El Nino,0.0,0.0,21.8,75.6
FLOOD_00260,-23.51548,-46.66923,2019-02-06,2019,2,2.73,AV PRES CASTELO BRANCO,1,728.0,3.67,6.41,267.3,0.9,El Nino,50.5,13.4,17.8,87.6
FLOOD_01035,-23.6785,-46.684961,2019-12-09,2019,12,2.05,AV NSRA DE SABARA,1,746.0,1.59,2.78,42.7,0.8,El Nino,3.6,5.2,20.3,78.2
FLOOD_00295,-23.62652,-46.68736,2019-02-15,2019,2,0.23,AV SANTO AMARO,1,735.0,2.12,3.71,276.0,0.9,El Nino,20.9,13.8,19.9,84.7
FLOOD_00333,-23.51551,-46.67166,2019-02-16,2019,2,1.25,MARGINAL TIETE,1,723.0,3.18,5.56,221.4,0.9,El Nino,57.8,16.4,20.5,90.4
NOFLOOD_00702,-23.532316,-46.684773,2019-12-09,2019,12,0.0,Ponto de Controle Pseudo-Ausencia SP,0,766.0,4.56,7.97,767.0,0.8,El Nino,3.6,5.2,20.3,78.2
NOFLOOD_00333,-23.478291,-46.690896,2019-03-11,2019,3,0.0,Ponto de Controle Pseudo-Ausencia SP,0,789.0,4.17,7.29,461.1,0.9,El Nino,56.6,22.0,20.6,87.4
FLOOD_01002,-23.50392,-46.68472,2019-11-27,2019,11,0.4,AV ANTONIO MUNHOZ BONILHA,1,726.0,7.13,12.51,525.0,0.7,El Nino,25.6,22.0,22.0,75.6
NOFLOOD_00246,-23.630107,-46.491605,2019-11-22,2019,11,0.0,Ponto de Controle Pseudo-Ausencia SP,0,806.0,3.67,6.41,744.1,0.7,El Nino,1.0,2.0,23.5,70.3
FLOOD_00901,-23.54955,-46.7385,2019-07-05,2019,7,6.17,AV TORRES DE OLIVEIRA,1,727.0,2.45,4.27,582.3,0.4,Nao El Nino,56.4,8.6,13.1,90.0
FLOOD_00867,-23.550308,-46.523287,2019-07-04,2019,7,0.52,AV ARICANDUVA,1,736.0,1.39,2.44,41.1,0.4,Nao El Nino,65.9,10.4,16.5,89.9
NOFLOOD_00138,-23.717514,-46.551851,2019-01-18,2019,1,0.0,Ponto de Controle Pseudo-Ausencia SP,0,767.0,4.08,7.14,5545.8,1.0,El Nino,15.2,16.4,24.8,74.4
FLOOD_01021,-23.55225,-46.62308,2019-11-28,2019,11,0.37,AV ALCANTARA MACHADO,1,730.0,10.22,18.03,327.4,0.7,El Nino,7.7,4.8,19.0,89.5
NOFLOOD_00031,-23.687165,-46.745105,2019-04-09,2019,4,0.0,Ponto de Controle Pseudo-Ausencia SP,0,796.0,8.34,14.67,567.2,0.8,El Nino,20.7,7.8,19.2,91.1
NOFLOOD_01062,-23.581187,-46.759823,2019-11-21,2019,11,0.0,Ponto de Controle Pseudo-Ausencia SP,0,786.0,4.56,7.97,705.9,0.7,El Nino,0.0,0.0,21.8,75.6
NOFLOOD_00841,-23.590061,-46.565042,2019-01-17,2019,1,0.0,Ponto de Controle Pseudo-Ausencia SP,0,774.0,5.83,10.22,594.6,1.0,El Nino,6.5,7.8,24.9,66.0
FLOOD_01062,-23.63872,-46.721801,2019-12-10,2019,12,0.5,AV DAS NACOES UNIDAS,1,733.0,4.42,7.72,626.2,0.8,El Nino,32.3,18.2,20.8,85.5
FLOOD_01144,-23.66195,-46.67922,2019-12-23,2019,12,2.87,AV INTERLAGOS,1,757.0,14.94,26.68,153.5,0.8,El Nino,60.4,67.6,21.9,79.9
NOFLOOD_00039,-23.64651,-46.761949,2019-04-23,2019,4,0.0,Ponto de Controle Pseudo-Ausencia SP,0,773.0,5.49,9.61,380.6,0.8,El Nino,0.0,0.0,21.9,81.9
FLOOD_00824,-23.56656,-46.66902,2019-06-03,2019,6,2.02,R ESTADOS UNIDOS,1,755.0,6.21,10.88,237.4,0.6,El Nino,12.4,4.2,17.3,87.4
FLOOD_01077,-23.53504,-46.58187,2019-12-10,2019,12,2.2,AV CELSO GARCIA,1,734.0,1.03,1.8,805.2,0.8,El Nino,32.3,18.2,20.8,85.5
NOFLOOD_00742,-23.676709,-46.572401,2019-01-10,2019,1,0.0,Ponto de Controle Pseudo-Ausencia SP,0,781.0,5.32,9.32,3799.6,1.0,El Nino,0.0,0.0,26.4,64.0
FLOOD_00756,-23.51427,-46.66661,2019-04-08,2019,4,0.87,MARGINAL TIETE,1,726.0,4.85,8.49,90.8,0.8,El Nino,58.3,20.8,20.6,90.3
FLOOD_00159,-23.55286,-46.72474,2019-01-26,2019,1,1.27,AV ENG BILLINGS,1,718.0,6.26,10.97,869.4,1.0,El Nino,7.9,8.0,21.2,76.2
NOFLOOD_00495,-23.709566,-46.440779,2019-01-10,2019,1,0.0,Ponto de Controle Pseudo-Ausencia SP,0,772.0,9.77,17.23,4416.4,1.0,El Nino,0.0,0.0,26.4,64.0
FLOOD_00439,-23.541689,-46.535448,2019-02-26,2019,2,2.78,AV ARICANDUVA,1,732.0,3.11,5.44,29.2,0.9,El Nino,52.9,14.0,20.8,86.1
FLOOD_00975,-23.556087,-46.637549,2019-11-10,2019,11,0.03,AV VINTE E TRES DE MAIO,1,756.0,4.23,7.4,60.7,0.7,El Nino,2.3,3.6,21.7,82.0
FLOOD_00266,-23.52545,-46.73601,2019-02-06,2019,2,1.45,AV IMP LEOPOLDINA,1,728.0,2.88,5.03,1.6,0.9,El Nino,50.5,13.4,17.8,87.6
FLOOD_00870,-23.53538,-46.63312,2019-07-04,2019,7,0.07,AV SEN QUEIROS,1,743.0,3.43,5.99,412.8,0.4,Nao El Nino,65.9,10.4,16.5,89.9
FLOOD_00127,-23.538239,-46.641155,2019-01-24,2019,1,1.57,AV RIO BRANCO,1,759.0,2.23,3.9,209.8,1.0,El Nino,21.0,29.8,23.7,78.6
FLOOD_00188,-23.539781,-46.636383,2019-01-30,2019,1,0.67,AV IPIRANGA,1,761.0,9.51,16.76,328.8,1.0,El Nino,24.1,38.2,26.2,63.4
NOFLOOD_01022,-23.639156,-46.768446,2019-09-01,2019,9,0.0,Ponto de Controle Pseudo-Ausencia SP,0,785.0,15.11,27.0,222.5,0.3,Nao El Nino,26.0,6.6,17.2,86.5
FLOOD_00843,-23.572687,-46.704504,2019-06-03,2019,6,0.13,PC JORGE DE LIMA,1,724.0,1.65,2.88,882.4,0.6,El Nino,12.4,4.2,17.3,87.4
FLOOD_00871,-23.66041,-46.70481,2019-07-04,2019,7,0.47,R JOAO ALFREDO,1,734.0,1.38,2.4,143.0,0.4,Nao El Nino,65.9,10.4,16.5,89.9
NOFLOOD_00292,-23.657928,-46.67254,2019-03-04,2019,3,0.0,Ponto de Controle Pseudo-Ausencia SP,0,776.0,6.03,10.56,712.0,0.9,El Nino,4.0,4.6,22.2,77.6
NOFLOOD_00498,-23.609201,-46.65258,2019-02-06,2019,2,0.0,Ponto de Controle Pseudo-Ausencia SP,0,792.0,3.49,6.09,367.1,0.9,El Nino,50.5,13.4,17.8,87.6
FLOOD_00200,-23.62074,-46.6278,2019-02-04,2019,2,1.3,AV PROF ABRAAO DE MORAIS,1,757.0,4.08,7.14,263.1,0.9,El Nino,79.5,56.0,19.9,86.9
FLOOD_00930,-23.526397,-46.682273,2019-11-05,2019,11,0.6,AV POMPEIA,1,733.0,2.75,4.81,586.8,0.7,El Nino,17.9,12.4,24.2,71.0
NOFLOOD_01002,-23.700845,-46.571436,2019-01-14,2019,1,0.0,Ponto de Controle Pseudo-Ausencia SP,0,787.0,9.07,15.96,4113.4,1.0,El Nino,11.1,21.2,24.4,73.6
FLOOD_00394,-23.540356,-46.62947,2019-02-21,2019,2,1.43,AV MERCURIO,1,737.0,7.31,12.83,100.5,0.9,El Nino,27.5,13.6,22.1,83.6
NOFLOOD_00027,-23.668191,-46.756951,2019-01-03,2019,1,0.0,Ponto de Controle Pseudo-Ausencia SP,0,810.0,4.12,7.21,329.5,1.0,El Nino,15.5,18.0,26.7,65.8
NOFLOOD_00547,-23.479064,-46.594503,2019-01-29,2019,1,0.0,Ponto de Controle Pseudo-Ausencia SP,0,771.0,6.01,10.53,358.7,1.0,El Nino,0.8,1.4,26.3,64.8
FLOOD_00671,-23.527342,-46.740367,2019-03-11,2019,3,1.3,AV DR GASTAO VIDIGAL,1,724.0,3.77,6.59,490.2,0.9,El Nino,56.6,22.0,20.6,87.4
NOFLOOD_01058,-23.576277,-46.498738,2019-12-18,2019,12,0.0,Ponto de Controle Pseudo-Ausencia SP,0,792.0,17.63,31.77,339.2,0.8,El Nino,5.4,3.2,20.4,86.6
FLOOD_00507,-23.516721,-46.65397,2019-03-02,2019,3,1.05,MARGINAL TIETE,1,725.0,4.06,7.09,379.8,0.9,El Nino,18.7,20.6,22.1,83.4
NOFLOOD_00345,-23.74494,-46.442622,2019-12-11,2019,12,0.0,Ponto de Controle Pseudo-Ausencia SP,0,765.0,7.88,13.84,8127.5,0.8,El Nino,5.6,3.6,20.8,84.4
NOFLOOD_00514,-23.707975,-46.517621,2019-11-30,2019,11,0.0,Ponto de Controle Pseudo-Ausencia SP,0,842.0,19.98,36.36,9125.0,0.7,El Nino,0.5,0.6,21.4,78.2
NOFLOOD_01035,-23.456967,-46.740052,2019-03-14,2019,3,0.0,Ponto de Controle Pseudo-Ausencia SP,0,846.0,11.84,20.97,290.2,0.9,El Nino,3.3,4.6,24.1,72.8
NOFLOOD_00922,-23.560356,-46.597138,2019-03-28,2019,3,0.0,Ponto de Controle Pseudo-Ausencia SP,0,773.0,3.41,5.95,707.7,0.9,El Nino,2.4,1.8,20.4,81.2
FLOOD_00286,-23.601866,-46.651481,2019-02-15,2019,2,0.32,AV RUBEM BERTA,1,758.0,4.59,8.02,54.5,0.9,El Nino,20.9,13.8,19.9,84.7
NOFLOOD_00212,-23.666841,-46.473436,2019-10-28,2019,10,0.0,Ponto de Controle Pseudo-Ausencia SP,0,787.0,6.04,10.58,2901.8,0.5,El Nino,21.3,12.0,24.7,60.2
NOFLOOD_00008,-23.624558,-46.616772,2019-03-14,2019,3,0.0,Ponto de Controle Pseudo-Ausencia SP,0,779.0,6.59,11.55,220.5,0.9,El Nino,3.3,4.6,24.1,72.8
NOFLOOD_00938,-23.616615,-46.73408,2019-03-03,2019,3,0.0,Ponto de Controle Pseudo-Ausencia SP,0,798.0,7.28,12.77,473.2,0.9,El Nino,22.9,27.8,21.6,83.6
NOFLOOD_00200,-23.433786,-46.547641,2019-01-25,2019,1,0.0,Ponto de Controle Pseudo-Ausencia SP,0,780.0,6.04,10.59,1901.6,1.0,El Nino,24.6,15.4,21.9,81.9
FLOOD_00582,-23.51923,-46.67516,2019-03-09,2019,3,0.0,PC PASCOAL MARTINS,1,730.0,5.87,10.29,756.3,0.9,El Nino,19.0,31.4,25.7,69.0
FLOOD_00612,-23.563049,-46.611933,2019-03-10,2019,3,2.75,AV DO ESTADO,1,731.0,4.3,7.52,353.2,0.9,El Nino,5.7,7.8,22.9,80.5
FLOOD_00717,-23.4303,-46.72094,2019-03-19,2019,3,0.28,AV RAIMUNDO PEREIRA DE MAGALHAES,1,831.0,3.49,6.1,38.5,0.9,El Nino,18.6,18.0,24.8,75.3
NOFLOOD_01055,-23.563474,-46.453523,2019-04-10,2019,4,0.0,Ponto de Controle Pseudo-Ausencia SP,0,804.0,7.77,13.65,272.8,0.8,El Nino,3.7,2.2,18.4,85.8
NOFLOOD_00889,-23.484006,-46.703558,2019-11-10,2019,11,0.0,Ponto de Controle Pseudo-Ausencia SP,0,781.0,10.52,18.57,507.6,0.7,El Nino,2.3,3.6,21.7,82.0
FLOOD_01092,-23.544049,-46.72199,2019-12-11,2019,12,0.78,AV PROF FONSECA RODRIGUES,1,738.0,3.58,6.26,1020.9,0.8,El Nino,5.6,3.6,20.8,84.4
NOFLOOD_00197,-23.560778,-46.52458,2019-04-07,2019,4,0.0,Ponto de Controle Pseudo-Ausencia SP,0,765.0,4.12,7.21,922.8,0.8,El Nino,3.6,2.2,23.1,83.1
NOFLOOD_00888,-23.742084,-46.554834,2019-01-22,2019,1,0.0,Ponto de Controle Pseudo-Ausencia SP,0,784.0,4.79,8.37,5793.5,1.0,El Nino,15.2,20.4,24.9,78.2
NOFLOOD_00298,-23.665373,-46.607531,2019-02-13,2019,2,0.0,Ponto de Controle Pseudo-Ausencia SP,0,778.0,7.45,13.08,1342.5,0.9,El Nino,5.3,2.0,19.8,85.8
NOFLOOD_00973,-23.578416,-46.536021,2019-02-06,2019,2,0.0,Ponto de Controle Pseudo-Ausencia SP,0,817.0,7.31,12.83,1070.7,0.9,El Nino,50.5,13.4,17.8,87.6
NOFLOOD_00026,-23.605427,-46.593673,2019-01-22,2019,1,0.0,Ponto de Controle Pseudo-Ausencia SP,0,766.0,6.68,11.72,407.2,1.0,El Nino,15.2,20.4,24.9,78.2
NOFLOOD_00362,-23.731482,-46.776598,2019-01-30,2019,1,0.0,Ponto de Controle Pseudo-Ausencia SP,0,801.0,7.21,12.65,948.3,1.0,El Nino,24.1,38.2,26.2,63.4
FLOOD_00483,-23.55936,-46.63913,2019-03-02,2019,3,0.7,AV VINTE E TRES DE MAIO,1,764.0,4.95,8.66,26.6,0.9,El Nino,18.7,20.6,22.1,83.4
NOFLOOD_00715,-23.559375,-46.50129,2019-03-21,2019,3,0.0,Ponto de Controle Pseudo-Ausencia SP,0,772.0,5.32,9.32,536.8,0.9,El Nino,13.7,3.2,18.4,89.7
FLOOD_00928,-23.530723,-46.600089,2019-10-28,2019,10,1.72,AV GUILHERME COTCHING,1,728.0,3.28,5.72,1203.4,0.5,El Nino,21.3,12.0,24.7,60.2
FLOOD_00010,-23.544698,-46.733321,2019-01-01,2019,1,1.13,AV DAS NACOES UNIDAS,1,723.0,7.3,12.82,179.2,1.0,El Nino,3.3,2.4,23.4,76.8
NOFLOOD_00773,-23.687772,-46.462422,2019-04-09,2019,4,0.0,Ponto de Controle Pseudo-Ausencia SP,0,801.0,6.98,12.24,3884.2,0.8,El Nino,20.7,7.8,19.2,91.1
NOFLOOD_00007,-23.531783,-46.501695,2019-01-16,2019,1,0.0,Ponto de Controle Pseudo-Ausencia SP,0,768.0,6.15,10.78,484.8,1.0,El Nino,5.4,8.4,25.5,69.2
FLOOD_00610,-23.53731,-46.457019,2019-03-10,2019,3,2.52,R PDE VIEGAS DE MENEZES,1,749.0,2.54,4.43,127.9,0.9,El Nino,5.7,7.8,22.9,80.5
NOFLOOD_01144,-23.551472,-46.467818,2019-04-06,2019,4,0.0,Ponto de Controle Pseudo-Ausencia SP,0,795.0,9.59,16.9,487.7,0.8,El Nino,3.1,3.8,24.1,78.2
FLOOD_00255,-23.606507,-46.696939,2019-02-06,2019,2,5.38,AV DAS NACOES UNIDAS,1,727.0,12.5,22.16,350.0,0.9,El Nino,50.5,13.4,17.8,87.6
NOFLOOD_00168,-23.621747,-46.646436,2019-12-13,2019,12,0.0,Ponto de Controle Pseudo-Ausencia SP,0,815.0,2.85,4.98,406.4,0.8,El Nino,25.1,20.2,22.5,81.1
NOFLOOD_00384,-23.554565,-46.583574,2019-11-27,2019,11,0.0,Ponto de Controle Pseudo-Ausencia SP,0,777.0,2.54,4.43,680.7,0.7,El Nino,25.6,22.0,22.0,75.6
FLOOD_00097,-23.52335,-46.56517,2019-01-20,2019,1,0.13,PTE DO TATUAPE DEP RICARDO IZAR,1,725.0,1.39,2.44,461.1,1.0,El Nino,13.2,9.4,24.3,77.5
FLOOD_00253,-23.532256,-46.526551,2019-02-06,2019,2,0.65,AV CD DE FRONTIN,1,745.0,12.19,21.6,334.9,0.9,El Nino,50.5,13.4,17.8,87.6
FLOOD_00725,-23.535584,-46.650951,2019-03-28,2019,3,0.05,R GAL JULIO MARCONDES SALGADO,1,747.0,3.11,5.44,1003.9,0.9,El Nino,2.4,1.8,20.4,81.2
NOFLOOD_00985,-23.729412,-46.640107,2019-01-11,2019,1,0.0,Ponto de Controle Pseudo-Ausencia SP,0,770.0,11.7,20.7,306.4,1.0,El Nino,15.2,23.4,24.4,68.9
NOFLOOD_00119,-23.736724,-46.507743,2019-04-22,2019,4,0.0,Ponto de Controle Pseudo-Ausencia SP,0,774.0,9.95,17.53,10215.0,0.8,El Nino,1.1,2.2,22.5,78.0
NOFLOOD_00876,-23.593015,-46.632346,2019-01-16,2019,1,0.0,Ponto de Controle Pseudo-Ausencia SP,0,776.0,4.47,7.82,555.7,1.0,El Nino,5.4,8.4,25.5,69.2
NOFLOOD_00945,-23.708569,-46.775823,2019-11-12,2019,11,0.0,Ponto de Controle Pseudo-Ausencia SP,0,796.0,15.45,27.65,428.3,0.7,El Nino,0.5,0.4,19.0,82.6
FLOOD_00122,-23.51882,-46.67603,2019-01-24,2019,1,0.68,AV MARQ DE SAO VICENTE,1,730.0,2.06,3.6,776.2,1.0,El Nino,21.0,29.8,23.7,78.6
NOFLOOD_00334,-23.739368,-46.542329,2019-11-05,2019,11,0.0,Ponto de Controle Pseudo-Ausencia SP,0,801.0,6.5,11.39,6866.4,0.7,El Nino,17.9,12.4,24.2,71.0
FLOOD_00226,-23.53334,-46.72843,2019-02-04,2019,2,0.22,AV IMP LEOPOLDINA,1,735.0,3.68,6.42,338.5,0.9,El Nino,79.5,56.0,19.9,86.9
NOFLOOD_00585,-23.544366,-46.566187,2019-01-10,2019,1,0.0,Ponto de Controle Pseudo-Ausencia SP,0,772.0,3.08,5.38,1490.8,1.0,El Nino,0.0,0.0,26.4,64.0
NOFLOOD_00975,-23.475542,-46.775694,2019-01-18,2019,1,0.0,Ponto de Controle Pseudo-Ausencia SP,0,804.0,9.83,17.33,289.3,1.0,El Nino,15.2,16.4,24.8,74.4
NOFLOOD_00726,-23.683898,-46.774468,2019-12-04,2019,12,0.0,Ponto de Controle Pseudo-Ausencia SP,0,796.0,17.23,31.01,218.8,0.8,El Nino,4.0,6.2,20.7,79.3
FLOOD_00622,-23.6233,-46.6966,2019-03-11,2019,3,0.75,AV ROQUE PETRONI JUNIOR,1,729.0,11.31,19.99,74.3,0.9,El Nino,56.6,22.0,20.6,87.4
NOFLOOD_00420,-23.570775,-46.423278,2019-06-03,2019,6,0.0,Ponto de Controle Pseudo-Ausencia SP,0,838.0,7.4,12.99,417.7,0.6,El Nino,12.4,4.2,17.3,87.4
FLOOD_00494,-23.52711,-46.74734,2019-03-02,2019,3,1.37,AV DAS NACOES UNIDAS,1,726.0,2.8,4.89,338.3,0.9,El Nino,18.7,20.6,22.1,83.4
NOFLOOD_00976,-23.576663,-46.53322,2019-03-11,2019,3,0.0,Ponto de Controle Pseudo-Ausencia SP,0,818.0,3.59,6.27,760.1,0.9,El Nino,56.6,22.0,20.6,87.4
NOFLOOD_00048,-23.424213,-46.544569,2019-01-02,2019,1,0.0,Ponto de Controle Pseudo-Ausencia SP,0,830.0,16.65,29.91,2043.5,1.0,El Nino,22.2,41.2,25.4,74.2
FLOOD_01105,-23.519358,-46.674654,2019-12-14,2019,12,0.42,PC PASCOAL MARTINS,1,725.0,1.8,3.14,740.1,0.8,El Nino,25.4,26.0,21.7,82.2
NOFLOOD_01128,-23.716981,-46.53696,2019-03-10,2019,3,0.0,Ponto de Controle Pseudo-Ausencia SP,0,813.0,5.03,8.81,7065.8,0.9,El Nino,5.7,7.8,22.9,80.5
FLOOD_00047,-23.61742,-46.6277,2019-01-10,2019,1,0.75,AV PROF ABRAAO DE MORAIS,1,753.0,3.11,5.44,148.6,1.0,El Nino,0.0,0.0,26.4,64.0
FLOOD_00327,-23.5203,-46.74608,2019-02-16,2019,2,0.4,AV EMB MACEDO SOARES,1,728.0,6.27,10.99,621.4,0.9,El Nino,57.8,16.4,20.5,90.4
NOFLOOD_00136,-23.499397,-46.465942,2019-01-06,2019,1,0.0,Ponto de Controle Pseudo-Ausencia SP,0,769.0,7.17,12.57,570.7,1.0,El Nino,24.0,14.6,23.2,80.8
NOFLOOD_00385,-23.496686,-46.77031,2019-12-10,2019,12,0.0,Ponto de Controle Pseudo-Ausencia SP,0,766.0,6.35,11.13,1251.4,0.8,El Nino,32.3,18.2,20.8,85.5
FLOOD_00697,-23.62538,-46.62875,2019-03-14,2019,3,0.35,AV PROF ABRAAO DE MORAIS,1,756.0,3.57,6.23,70.4,0.9,El Nino,3.3,4.6,24.1,72.8
NOFLOOD_01158,-23.456219,-46.450279,2019-11-09,2019,11,0.0,Ponto de Controle Pseudo-Ausencia SP,0,789.0,4.42,7.72,2596.8,0.7,El Nino,1.5,1.6,21.3,84.2
FLOOD_00639,-23.5116,-46.6249,2019-03-11,2019,3,6.7,AV ZAKI NARCHI,1,727.0,0.34,0.6,376.5,0.9,El Nino,56.6,22.0,20.6,87.4
FLOOD_01130,-23.528865,-46.4572,2019-12-17,2019,12,0.87,AV JACU PESSEGO,1,743.0,2.85,4.98,7.6,0.8,El Nino,5.1,4.4,23.5,70.5
FLOOD_01047,-23.547481,-46.631848,2019-12-09,2019,12,2.18,R DR BITTENCOURT RODRIGUES,1,743.0,12.38,21.95,317.6,0.8,El Nino,3.6,5.2,20.3,78.2
FLOOD_00190,-23.51887,-46.66701,2019-01-30,2019,1,0.5,AV ORDEM E PROGRESSO,1,731.0,1.78,3.12,310.0,1.0,El Nino,24.1,38.2,26.2,63.4
FLOOD_00437,-23.525579,-46.556499,2019-02-26,2019,2,2.28,AV AIRTON PRETINI,1,731.0,2.03,3.55,199.1,0.9,El Nino,52.9,14.0,20.8,86.1
FLOOD_00581,-23.51548,-46.66923,2019-03-09,2019,3,2.17,AV PRES CASTELO BRANCO,1,728.0,3.67,6.41,267.3,0.9,El Nino,19.0,31.4,25.7,69.0
FLOOD_01107,-23.54979,-46.63891,2019-12-14,2019,12,0.12,PC DA BANDEIRA,1,749.0,14.41,25.69,556.5,0.8,El Nino,25.4,26.0,21.7,82.2
NOFLOOD_01028,-23.71766,-46.601697,2019-01-16,2019,1,0.0,Ponto de Controle Pseudo-Ausencia SP,0,800.0,5.47,9.58,509.5,1.0,El Nino,5.4,8.4,25.5,69.2
FLOOD_00258,-23.53593,-46.49079,2019-02-06,2019,2,0.75,R DR LUIZ AYRES,1,794.0,4.24,7.41,499.0,0.9,El Nino,50.5,13.4,17.8,87.6
NOFLOOD_00350,-23.44153,-46.571509,2019-04-07,2019,4,0.0,Ponto de Controle Pseudo-Ausencia SP,0,786.0,8.89,15.65,504.2,0.8,El Nino,3.6,2.2,23.1,83.1
NOFLOOD_00307,-23.420933,-46.637082,2019-04-26,2019,4,0.0,Ponto de Controle Pseudo-Ausencia SP,0,1047.0,19.81,36.01,993.1,0.8,El Nino,13.8,10.2,22.3,82.6
NOFLOOD_00320,-23.648754,-46.63405,2019-04-28,2019,4,0.0,Ponto de Controle Pseudo-Ausencia SP,0,790.0,6.22,10.9,584.3,0.8,El Nino,24.4,10.2,23.2,69.4
FLOOD_00798,-23.54189,-46.63011,2019-04-26,2019,4,0.38,R DA CANTAREIRA,1,742.0,2.54,4.43,156.3,0.8,El Nino,13.8,10.2,22.3,82.6
NOFLOOD_00589,-23.578298,-46.555793,2019-11-30,2019,11,0.0,Ponto de Controle Pseudo-Ausencia SP,0,765.0,3.18,5.56,596.0,0.7,El Nino,0.5,0.6,21.4,78.2
FLOOD_01100,-23.555724,-46.577416,2019-12-11,2019,12,0.73,AV SALIM FARAH MALUF,1,746.0,6.01,10.53,138.8,0.8,El Nino,5.6,3.6,20.8,84.4
NOFLOOD_00524,-23.687305,-46.529009,2019-12-09,2019,12,0.0,Ponto de Controle Pseudo-Ausencia SP,0,788.0,9.26,16.31,7243.2,0.8,El Nino,3.6,5.2,20.3,78.2
FLOOD_00172,-23.48969,-46.60981,2019-01-30,2019,1,0.8,AV GAL ATALIBA LEONEL,1,742.0,2.9,5.06,166.0,1.0,El Nino,24.1,38.2,26.2,63.4
FLOOD_00617,-23.559125,-46.624394,2019-03-10,2019,3,18.48,R OTTO DE ALENCAR,1,733.0,2.46,4.3,641.4,0.9,El Nino,5.7,7.8,22.9,80.5
FLOOD_00404,-23.53836,-46.546085,2019-02-21,2019,2,0.35,VD ENG ALBERTO BADRA,1,733.0,1.59,2.78,786.9,0.9,El Nino,27.5,13.6,22.1,83.6
NOFLOOD_00423,-23.63497,-46.485978,2019-04-10,2019,4,0.0,Ponto de Controle Pseudo-Ausencia SP,0,817.0,3.18,5.56,1078.4,0.8,El Nino,3.7,2.2,18.4,85.8
FLOOD_00828,-23.515283,-46.691166,2019-06-03,2019,6,1.5,PC DR PEDRO CORAZZA,1,727.0,2.07,3.61,20.2,0.6,El Nino,12.4,4.2,17.3,87.4
NOFLOOD_00823,-23.700639,-46.599135,2019-02-20,2019,2,0.0,Ponto de Controle Pseudo-Ausencia SP,0,825.0,8.51,14.97,2102.3,0.9,El Nino,20.8,25.8,24.5,68.4
NOFLOOD_00618,-23.56443,-46.544345,2019-04-14,2019,4,0.0,Ponto de Controle Pseudo-Ausencia SP,0,799.0,4.5,7.86,361.1,0.8,El Nino,12.7,5.4,20.2,84.4
FLOOD_00707,-23.53796,-46.456116,2019-03-17,2019,3,4.28,AV JOSE PINHEIRO BORGES,1,757.0,6.21,10.87,229.4,0.9,El Nino,18.8,18.4,22.4,84.9
NOFLOOD_00731,-23.692239,-46.597754,2019-07-05,2019,7,0.0,Ponto de Controle Pseudo-Ausencia SP,0,797.0,11.01,19.46,2715.9,0.4,Nao El Nino,56.4,8.6,13.1,90.0
FLOOD_00905,-23.57966,-46.67716,2019-07-05,2019,7,5.9,AV NOVE DE JULHO,1,741.0,10.09,17.79,710.4,0.4,Nao El Nino,56.4,8.6,13.1,90.0
NOFLOOD_00170,-23.546835,-46.441941,2019-02-28,2019,2,0.0,Ponto de Controle Pseudo-Ausencia SP,0,773.0,7.1,12.46,618.6,0.9,El Nino,27.9,14.2,20.5,90.2
NOFLOOD_00851,-23.705367,-46.421553,2019-12-18,2019,12,0.0,Ponto de Controle Pseudo-Ausencia SP,0,797.0,14.59,26.03,3411.0,0.8,El Nino,5.4,3.2,20.4,86.6
NOFLOOD_00992,-23.731786,-46.421074,2019-11-12,2019,11,0.0,Ponto de Controle Pseudo-Ausencia SP,0,786.0,13.42,23.86,6335.3,0.7,El Nino,0.5,0.4,19.0,82.6
NOFLOOD_00113,-23.717253,-46.505415,2019-11-09,2019,11,0.0,Ponto de Controle Pseudo-Ausencia SP,0,890.0,7.18,12.59,9351.3,0.7,El Nino,1.5,1.6,21.3,84.2
FLOOD_01114,-23.519358,-46.674654,2019-12-17,2019,12,0.95,PC PASCOAL MARTINS,1,725.0,1.8,3.14,740.1,0.8,El Nino,5.1,4.4,23.5,70.5
NOFLOOD_00604,-23.690184,-46.64329,2019-03-12,2019,3,0.0,Ponto de Controle Pseudo-Ausencia SP,0,790.0,14.69,26.21,459.4,0.9,El Nino,10.0,18.8,22.6,79.9
NOFLOOD_00153,-23.449496,-46.511738,2019-03-02,2019,3,0.0,Ponto de Controle Pseudo-Ausencia SP,0,773.0,9.73,17.15,2077.7,0.9,El Nino,18.7,20.6,22.1,83.4
FLOOD_00913,-23.53791,-46.64167,2019-09-01,2019,9,9.77,AV RIO BRANCO,1,754.0,5.81,10.18,221.7,0.3,Nao El Nino,26.0,6.6,17.2,86.5
FLOOD_00827,-23.5271,-46.74738,2019-06-03,2019,6,5.6,MARGINAL PINHEIROS,1,723.0,6.14,10.76,334.7,0.6,El Nino,12.4,4.2,17.3,87.4
NOFLOOD_00269,-23.682672,-46.561602,2019-03-06,2019,3,0.0,Ponto de Controle Pseudo-Ausencia SP,0,786.0,4.14,7.23,5060.9,0.9,El Nino,29.9,44.0,23.3,76.7
FLOOD_00300,-23.504145,-46.624797,2019-02-16,2019,2,7.57,R DARZAN,1,733.0,2.12,3.71,714.2,0.9,El Nino,57.8,16.4,20.5,90.4
NOFLOOD_01126,-23.742662,-46.666055,2019-09-02,2019,9,0.0,Ponto de Controle Pseudo-Ausencia SP,0,786.0,4.01,7.02,232.6,0.3,Nao El Nino,18.5,5.8,16.1,88.0
NOFLOOD_01045,-23.653799,-46.757338,2019-02-21,2019,2,0.0,Ponto de Controle Pseudo-Ausencia SP,0,778.0,2.56,4.48,243.7,0.9,El Nino,27.5,13.6,22.1,83.6
FLOOD_00572,-23.51151,-46.61045,2019-03-07,2019,3,1.72,R CEL MARQUES RIBEIRO,1,731.0,5.25,9.18,1074.8,0.9,El Nino,20.0,15.8,22.9,80.6
NOFLOOD_00782,-23.428259,-46.691022,2019-01-06,2019,1,0.0,Ponto de Controle Pseudo-Ausencia SP,0,1072.0,6.35,11.13,609.8,1.0,El Nino,24.0,14.6,23.2,80.8
NOFLOOD_00723,-23.694071,-46.767018,2019-02-22,2019,2,0.0,Ponto de Controle Pseudo-Ausencia SP,0,772.0,8.78,15.45,219.3,0.9,El Nino,6.3,5.4,23.0,81.4
FLOOD_00642,-23.59575,-46.69067,2019-03-11,2019,3,4.07,R FUNCHAL,1,732.0,4.12,7.21,151.5,0.9,El Nino,56.6,22.0,20.6,87.4
NOFLOOD_00356,-23.677823,-46.615837,2019-01-11,2019,1,0.0,Ponto de Controle Pseudo-Ausencia SP,0,802.0,2.67,4.66,2081.8,1.0,El Nino,15.2,23.4,24.4,68.9
NOFLOOD_00312,-23.659964,-46.488827,2019-03-09,2019,3,0.0,Ponto de Controle Pseudo-Ausencia SP,0,769.0,3.55,6.21,3100.0,0.9,El Nino,19.0,31.4,25.7,69.0
FLOOD_00623,-23.54415,-46.53108,2019-03-11,2019,3,0.37,AV ARICANDUVA,1,736.0,4.12,7.21,41.0,0.9,El Nino,56.6,22.0,20.6,87.4
NOFLOOD_00745,-23.558267,-46.662843,2019-11-05,2019,11,0.0,Ponto de Controle Pseudo-Ausencia SP,0,829.0,5.53,9.69,520.4,0.7,El Nino,17.9,12.4,24.2,71.0
NOFLOOD_00270,-23.423952,-46.655667,2019-03-28,2019,3,0.0,Ponto de Controle Pseudo-Ausencia SP,0,938.0,10.27,18.12,810.4,0.9,El Nino,2.4,1.8,20.4,81.2
NOFLOOD_00229,-23.700659,-46.441519,2019-10-28,2019,10,0.0,Ponto de Controle Pseudo-Ausencia SP,0,795.0,6.44,11.29,3627.9,0.5,El Nino,21.3,12.0,24.7,60.2
FLOOD_00823,-23.587801,-46.690597,2019-06-03,2019,6,4.75,AV DAS NACOES UNIDAS,1,723.0,3.02,5.28,298.0,0.6,El Nino,12.4,4.2,17.3,87.4
FLOOD_00858,-23.54332,-46.58701,2019-07-04,2019,7,3.95,AV ALCANTARA MACHADO,1,748.0,3.59,6.27,326.9,0.4,Nao El Nino,65.9,10.4,16.5,89.9
FLOOD_00605,-23.585871,-46.689241,2019-03-10,2019,3,0.0,R HUNGRIA,1,729.0,7.44,13.05,351.3,0.9,El Nino,5.7,7.8,22.9,80.5
FLOOD_01064,-23.53593,-46.456066,2019-12-10,2019,12,0.35,R PDE VIEGAS DE MENEZES,1,750.0,2.23,3.9,50.4,0.8,El Nino,32.3,18.2,20.8,85.5
NOFLOOD_00523,-23.455235,-46.526378,2019-04-09,2019,4,0.0,Ponto de Controle Pseudo-Ausencia SP,0,771.0,8.2,14.41,2014.3,0.8,El Nino,20.7,7.8,19.2,91.1
NOFLOOD_00638,-23.564448,-46.57019,2019-11-21,2019,11,0.0,Ponto de Controle Pseudo-Ausencia SP,0,781.0,3.83,6.7,363.6,0.7,El Nino,0.0,0.0,21.8,75.6
NOFLOOD_00778,-23.64718,-46.492194,2019-03-17,2019,3,0.0,Ponto de Controle Pseudo-Ausencia SP,0,791.0,3.85,6.73,2234.0,0.9,El Nino,18.8,18.4,22.4,84.9
NOFLOOD_00128,-23.582281,-46.463443,2019-01-13,2019,1,0.0,Ponto de Controle Pseudo-Ausencia SP,0,854.0,8.63,15.18,328.2,1.0,El Nino,8.3,16.4,24.1,73.3
NOFLOOD_00987,-23.691114,-46.602859,2019-01-25,2019,1,0.0,Ponto de Controle Pseudo-Ausencia SP,0,778.0,9.89,17.43,2436.3,1.0,El Nino,24.6,15.4,21.9,81.9
NOFLOOD_00011,-23.448665,-46.575815,2019-12-05,2019,12,0.0,Ponto de Controle Pseudo-Ausencia SP,0,809.0,9.02,15.87,236.0,0.8,El Nino,14.2,22.6,23.1,80.1
NOFLOOD_00635,-23.704401,-46.563091,2019-12-13,2019,12,0.0,Ponto de Controle Pseudo-Ausencia SP,0,811.0,3.11,5.44,4709.9,0.8,El Nino,25.1,20.2,22.5,81.1
NOFLOOD_00148,-23.43253,-46.531487,2019-04-14,2019,4,0.0,Ponto de Controle Pseudo-Ausencia SP,0,778.0,3.77,6.59,3481.4,0.8,El Nino,12.7,5.4,20.2,84.4
NOFLOOD_00187,-23.551865,-46.653407,2019-09-02,2019,9,0.0,Ponto de Controle Pseudo-Ausencia SP,0,801.0,15.54,27.82,563.2,0.3,Nao El Nino,18.5,5.8,16.1,88.0
NOFLOOD_00767,-23.691578,-46.56487,2019-11-09,2019,11,0.0,Ponto de Controle Pseudo-Ausencia SP,0,786.0,6.44,11.29,5240.3,0.7,El Nino,1.5,1.6,21.3,84.2
NOFLOOD_00389,-23.557859,-46.587628,2019-11-28,2019,11,0.0,Ponto de Controle Pseudo-Ausencia SP,0,774.0,4.3,7.52,1077.6,0.7,El Nino,7.7,4.8,19.0,89.5
FLOOD_00805,-23.516995,-46.725858,2019-04-28,2019,4,1.88,R MONTE PASCAL,1,725.0,7.77,13.65,942.9,0.8,El Nino,24.4,10.2,23.2,69.4
FLOOD_00125,-23.55824,-46.62906,2019-01-24,2019,1,1.12,R TEIXEIRA LEITE,1,733.0,2.46,4.3,341.0,1.0,El Nino,21.0,29.8,23.7,78.6
NOFLOOD_00872,-23.648339,-46.517142,2019-04-11,2019,4,0.0,Ponto de Controle Pseudo-Ausencia SP,0,779.0,6.95,12.18,2787.1,0.8,El Nino,0.2,0.2,20.3,80.9
FLOOD_00336,-23.6109,-46.66453,2019-02-20,2019,2,1.72,R MARACATINS,1,757.0,0.74,1.3,581.2,0.9,El Nino,20.8,25.8,24.5,68.4
NOFLOOD_00416,-23.564678,-46.544895,2019-04-06,2019,4,0.0,Ponto de Controle Pseudo-Ausencia SP,0,797.0,2.85,4.98,370.1,0.8,El Nino,3.1,3.8,24.1,78.2
FLOOD_00822,-23.49465,-46.74641,2019-06-03,2019,6,2.58,AV ELISIO CORDEIRO DE SIQUEIRA,1,741.0,2.79,4.87,21.1,0.6,El Nino,12.4,4.2,17.3,87.4
FLOOD_00644,-23.51835,-46.61876,2019-03-11,2019,3,6.87,AV MORVAN DIAS DE FIGUEIREDO,1,726.0,1.86,3.25,50.2,0.9,El Nino,56.6,22.0,20.6,87.4
FLOOD_00692,-23.605094,-46.699032,2019-03-12,2019,3,23.55,AV MAGALHAES DE CASTRO,1,731.0,3.5,6.12,421.9,0.9,El Nino,10.0,18.8,22.6,79.9
FLOOD_00173,-23.49252,-46.61059,2019-01-30,2019,1,1.12,R ESTEFANIA LOURO,1,743.0,2.8,4.89,402.4,1.0,El Nino,24.1,38.2,26.2,63.4
FLOOD_00142,-23.63661,-46.6927,2019-01-25,2019,1,2.07,R AMERICO BRASILIENSE,1,783.0,6.22,10.9,957.0,1.0,El Nino,24.6,15.4,21.9,81.9
FLOOD_01059,-23.53722,-46.628154,2019-12-10,2019,12,0.7,R DA CANTAREIRA,1,732.0,4.79,8.38,415.2,0.8,El Nino,32.3,18.2,20.8,85.5
NOFLOOD_00486,-23.720161,-46.489265,2019-03-04,2019,3,0.0,Ponto de Controle Pseudo-Ausencia SP,0,833.0,26.28,49.37,8334.6,0.9,El Nino,4.0,4.6,22.2,77.6
NOFLOOD_00304,-23.644015,-46.547477,2019-12-18,2019,12,0.0,Ponto de Controle Pseudo-Ausencia SP,0,797.0,4.24,7.41,3655.8,0.8,El Nino,5.4,3.2,20.4,86.6
FLOOD_00020,-23.61996,-46.62756,2019-01-04,2019,1,0.73,PC LEONOR KAUPA,1,766.0,15.6,27.93,347.8,1.0,El Nino,26.7,18.4,23.4,79.6
NOFLOOD_00666,-23.556749,-46.527682,2019-01-14,2019,1,0.0,Ponto de Controle Pseudo-Ausencia SP,0,767.0,7.52,13.2,392.2,1.0,El Nino,11.1,21.2,24.4,73.6
FLOOD_00298,-23.587799,-46.690269,2019-02-16,2019,2,0.62,AV DAS NACOES UNIDAS,1,726.0,5.44,9.53,267.8,0.9,El Nino,57.8,16.4,20.5,90.4
FLOOD_00906,-23.577303,-46.680232,2019-07-05,2019,7,4.73,R TURQUIA,1,737.0,3.44,6.01,651.3,0.4,Nao El Nino,56.4,8.6,13.1,90.0
FLOOD_00060,-23.681564,-46.693854,2019-01-14,2019,1,1.02,AV DAS NACOES UNIDAS,1,730.0,2.3,4.01,685.4,1.0,El Nino,11.1,21.2,24.4,73.6
NOFLOOD_00603,-23.715775,-46.451958,2019-04-23,2019,4,0.0,Ponto de Controle Pseudo-Ausencia SP,0,787.0,12.4,21.98,5608.0,0.8,El Nino,0.0,0.0,21.9,81.9
NOFLOOD_00232,-23.70262,-46.625474,2019-11-05,2019,11,0.0,Ponto de Controle Pseudo-Ausencia SP,0,836.0,3.03,5.29,216.9,0.7,El Nino,17.9,12.4,24.2,71.0
NOFLOOD_00462,-23.635587,-46.5938,2019-12-09,2019,12,0.0,Ponto de Controle Pseudo-Ausencia SP,0,766.0,7.06,12.38,260.2,0.8,El Nino,3.6,5.2,20.3,78.2
FLOOD_01057,-23.65387,-46.720622,2019-12-10,2019,12,0.58,AV DAS NACOES UNIDAS,1,730.0,0.0,0.0,763.5,0.8,El Nino,32.3,18.2,20.8,85.5
FLOOD_00939,-23.544436,-46.593349,2019-11-05,2019,11,0.95,AV ALCANTARA MACHADO,1,744.0,4.75,8.31,210.2,0.7,El Nino,17.9,12.4,24.2,71.0
FLOOD_00838,-23.53806,-46.59838,2019-06-03,2019,6,0.4,AV CELSO GARCIA,1,745.0,1.78,3.12,1083.3,0.6,El Nino,12.4,4.2,17.3,87.4
NOFLOOD_01113,-23.727485,-46.535881,2019-02-04,2019,2,0.0,Ponto de Controle Pseudo-Ausencia SP,0,837.0,21.35,39.1,7221.0,0.9,El Nino,79.5,56.0,19.9,86.9
FLOOD_00878,-23.528865,-46.4572,2019-07-04,2019,7,3.73,AV JACU PESSEGO,1,743.0,2.85,4.98,7.6,0.4,Nao El Nino,65.9,10.4,16.5,89.9
NOFLOOD_01136,-23.440426,-46.683543,2019-11-10,2019,11,0.0,Ponto de Controle Pseudo-Ausencia SP,0,885.0,28.71,54.77,278.0,0.7,El Nino,2.3,3.6,21.7,82.0
NOFLOOD_00587,-23.603376,-46.735506,2019-02-25,2019,2,0.0,Ponto de Controle Pseudo-Ausencia SP,0,780.0,7.91,13.89,285.0,0.9,El Nino,6.6,13.2,26.0,63.1
FLOOD_00467,-23.50392,-46.68472,2019-02-27,2019,2,0.52,AV ANTONIO MUNHOZ BONILHA,1,726.0,7.13,12.51,525.0,0.9,El Nino,5.9,7.6,22.2,77.3
NOFLOOD_00447,-23.454124,-46.729595,2019-01-22,2019,1,0.0,Ponto de Controle Pseudo-Ausencia SP,0,893.0,13.33,23.69,779.0,1.0,El Nino,15.2,20.4,24.9,78.2
FLOOD_00863,-23.53594,-46.490492,2019-07-04,2019,7,0.1,R DR LUIZ AYRES,1,792.0,4.6,8.05,473.2,0.4,Nao El Nino,65.9,10.4,16.5,89.9
FLOOD_01084,-23.548047,-46.526176,2019-12-11,2019,12,1.23,AV ARICANDUVA,1,736.0,1.02,1.77,174.0,0.8,El Nino,5.6,3.6,20.8,84.4
NOFLOOD_00378,-23.724616,-46.689388,2019-02-24,2019,2,0.0,Ponto de Controle Pseudo-Ausencia SP,0,780.0,6.65,11.66,377.4,0.9,El Nino,1.9,3.4,26.4,61.5
NOFLOOD_00377,-23.658933,-46.672089,2019-12-31,2019,12,0.0,Ponto de Controle Pseudo-Ausencia SP,0,785.0,6.18,10.83,832.0,0.8,El Nino,0.1,0.2,23.7,69.7
FLOOD_00310,-23.519358,-46.674654,2019-02-16,2019,2,0.18,PC PASCOAL MARTINS,1,725.0,1.8,3.14,740.1,0.9,El Nino,57.8,16.4,20.5,90.4
NOFLOOD_00578,-23.50024,-46.588828,2019-01-03,2019,1,0.0,Ponto de Controle Pseudo-Ausencia SP,0,796.0,8.54,15.02,297.6,1.0,El Nino,15.5,18.0,26.7,65.8
NOFLOOD_00196,-23.606048,-46.614488,2019-01-14,2019,1,0.0,Ponto de Controle Pseudo-Ausencia SP,0,787.0,4.82,8.43,534.7,1.0,El Nino,11.1,21.2,24.4,73.6
NOFLOOD_00124,-23.578915,-46.555852,2019-04-26,2019,4,0.0,Ponto de Controle Pseudo-Ausencia SP,0,765.0,3.67,6.41,598.1,0.8,El Nino,13.8,10.2,22.3,82.6
NOFLOOD_01039,-23.709506,-46.524463,2019-11-22,2019,11,0.0,Ponto de Controle Pseudo-Ausencia SP,0,793.0,8.53,15.0,8410.4,0.7,El Nino,1.0,2.0,23.5,70.3
FLOOD_00849,-23.51427,-46.66661,2019-07-04,2019,7,2.88,MARGINAL TIETE,1,726.0,4.85,8.49,90.8,0.4,Nao El Nino,65.9,10.4,16.5,89.9
NOFLOOD_01148,-23.494212,-46.590906,2019-04-26,2019,4,0.0,Ponto de Controle Pseudo-Ausencia SP,0,771.0,8.39,14.75,389.2,0.8,El Nino,13.8,10.2,22.3,82.6
NOFLOOD_01098,-23.69032,-46.652264,2019-03-19,2019,3,0.0,Ponto de Controle Pseudo-Ausencia SP,0,783.0,10.59,18.7,335.4,0.9,El Nino,18.6,18.0,24.8,75.3
FLOOD_00762,-23.538101,-46.598964,2019-04-08,2019,4,0.57,AV CELSO GARCIA,1,744.0,1.39,2.44,1115.7,0.8,El Nino,58.3,20.8,20.6,90.3
FLOOD_00544,-23.66136,-46.70693,2019-03-05,2019,3,1.28,AV VITOR MANZINI,1,735.0,7.63,13.4,175.0,0.9,El Nino,3.6,2.4,23.5,73.4
FLOOD_00174,-23.53795,-46.64164,2019-01-30,2019,1,1.42,AV RIO BRANCO,1,759.0,4.47,7.82,218.3,1.0,El Nino,24.1,38.2,26.2,63.4
FLOOD_00350,-23.58297,-46.59054,2019-02-20,2019,2,0.62,R DIANOPOLIS,1,743.0,2.32,4.06,815.1,0.9,El Nino,20.8,25.8,24.5,68.4
FLOOD_01034,-23.507871,-46.747699,2019-12-09,2019,12,1.32,AV CANDIDO PORTINARI,1,733.0,2.08,3.64,411.0,0.8,El Nino,3.6,5.2,20.3,78.2
FLOOD_00587,-23.45284,-46.59387,2019-03-09,2019,3,0.0,TUN MAX FEFFER,1,784.0,2.54,4.43,306.1,0.9,El Nino,19.0,31.4,25.7,69.0
FLOOD_00699,-23.516721,-46.65397,2019-03-17,2019,3,3.68,MARGINAL TIETE,1,725.0,4.06,7.09,379.8,0.9,El Nino,18.8,18.4,22.4,84.9
NOFLOOD_00844,-23.668361,-46.58941,2019-03-09,2019,3,0.0,Ponto de Controle Pseudo-Ausencia SP,0,769.0,6.23,10.91,1965.6,0.9,El Nino,19.0,31.4,25.7,69.0
NOFLOOD_00492,-23.684616,-46.635791,2019-11-27,2019,11,0.0,Ponto de Controle Pseudo-Ausencia SP,0,823.0,8.09,14.21,391.5,0.7,El Nino,25.6,22.0,22.0,75.6
NOFLOOD_00544,-23.603773,-46.482704,2019-02-27,2019,2,0.0,Ponto de Controle Pseudo-Ausencia SP,0,818.0,3.08,5.38,796.4,0.9,El Nino,5.9,7.6,22.2,77.3
FLOOD_00502,-23.586651,-46.724337,2019-03-02,2019,3,3.35,AV PROF FRANCISCO MORATO,1,738.0,4.64,8.12,375.5,0.9,El Nino,18.7,20.6,22.1,83.4
FLOOD_00013,-23.55033,-46.63824,2019-01-03,2019,1,0.58,AV VINTE E TRES DE MAIO,1,758.0,17.01,30.59,477.4,1.0,El Nino,15.5,18.0,26.7,65.8
NOFLOOD_00409,-23.575854,-46.549921,2019-10-17,2019,10,0.0,Ponto de Controle Pseudo-Ausencia SP,0,798.0,2.56,4.48,475.7,0.5,El Nino,0.1,0.2,21.7,76.4
NOFLOOD_00641,-23.571413,-46.650874,2019-04-11,2019,4,0.0,Ponto de Controle Pseudo-Ausencia SP,0,824.0,3.57,6.23,1009.3,0.8,El Nino,0.2,0.2,20.3,80.9
NOFLOOD_00675,-23.435992,-46.65143,2019-11-21,2019,11,0.0,Ponto de Controle Pseudo-Ausencia SP,0,943.0,7.85,13.78,265.0,0.7,El Nino,0.0,0.0,21.8,75.6
FLOOD_00899,-23.520786,-46.655594,2019-07-05,2019,7,3.32,R DOS AMERICANOS,1,729.0,0.8,1.39,218.6,0.4,Nao El Nino,56.4,8.6,13.1,90.0
FLOOD_00413,-23.587799,-46.690269,2019-02-22,2019,2,4.42,AV DAS NACOES UNIDAS,1,726.0,5.44,9.53,267.8,0.9,El Nino,6.3,5.4,23.0,81.4
NOFLOOD_00775,-23.713582,-46.616077,2019-04-11,2019,4,0.0,Ponto de Controle Pseudo-Ausencia SP,0,791.0,17.38,31.3,286.0,0.8,El Nino,0.2,0.2,20.3,80.9
FLOOD_00251,-23.40491,-46.75123,2019-02-06,2019,2,0.33,R FIORELLI PECCICACCO,1,742.0,4.12,7.21,70.1,0.9,El Nino,50.5,13.4,17.8,87.6
FLOOD_00282,-23.63606,-46.71972,2019-02-15,2019,2,0.57,AV DAS NACOES UNIDAS,1,727.0,3.57,6.23,263.3,0.9,El Nino,20.9,13.8,19.9,84.7
NOFLOOD_00512,-23.676332,-46.567978,2019-02-04,2019,2,0.0,Ponto de Controle Pseudo-Ausencia SP,0,798.0,9.1,16.02,4112.0,0.9,El Nino,79.5,56.0,19.9,86.9
FLOOD_00685,-23.54205,-46.41117,2019-03-12,2019,3,1.03,R GETULINA LAJEADO,1,757.0,1.48,2.59,185.4,0.9,El Nino,10.0,18.8,22.6,79.9
FLOOD_00744,-23.58562,-46.66867,2019-04-06,2019,4,3.15,AV ANTONIO J DE MOURA ANDRADE,1,739.0,4.34,7.59,809.7,0.8,El Nino,3.1,3.8,24.1,78.2
NOFLOOD_01003,-23.447054,-46.763511,2019-11-30,2019,11,0.0,Ponto de Controle Pseudo-Ausencia SP,0,865.0,22.82,42.07,252.2,0.7,El Nino,0.5,0.6,21.4,78.2
FLOOD_00315,-23.58417,-46.57588,2019-02-16,2019,2,1.5,AV PROF LUIZ IGNACIO ANHAIA MELLO,1,741.0,4.58,8.01,901.3,0.9,El Nino,57.8,16.4,20.5,90.4
NOFLOOD_01137,-23.496191,-46.623859,2019-09-01,2019,9,0.0,Ponto de Controle Pseudo-Ausencia SP,0,771.0,18.99,34.42,679.7,0.3,Nao El Nino,26.0,6.6,17.2,86.5
NOFLOOD_00335,-23.733937,-46.513405,2019-03-28,2019,3,0.0,Ponto de Controle Pseudo-Ausencia SP,0,829.0,26.38,49.6,9592.4,0.9,El Nino,2.4,1.8,20.4,81.2
FLOOD_01020,-23.52842,-46.679503,2019-11-28,2019,11,0.2,R PALESTRA ITALIA,1,741.0,0.0,0.0,684.5,0.7,El Nino,7.7,4.8,19.0,89.5
FLOOD_01036,-23.51923,-46.67516,2019-12-09,2019,12,0.37,AV MARQ DE SAO VICENTE,1,730.0,5.87,10.29,756.3,0.8,El Nino,3.6,5.2,20.3,78.2
NOFLOOD_01075,-23.730692,-46.664915,2019-11-28,2019,11,0.0,Ponto de Controle Pseudo-Ausencia SP,0,778.0,11.08,19.58,283.2,0.7,El Nino,7.7,4.8,19.0,89.5
FLOOD_00904,-23.57425,-46.66775,2019-07-05,2019,7,6.02,AV NOVE DE JULHO,1,744.0,1.78,3.12,241.6,0.4,Nao El Nino,56.4,8.6,13.1,90.0
NOFLOOD_00285,-23.733053,-46.607038,2019-05-19,2019,5,0.0,Ponto de Controle Pseudo-Ausencia SP,0,845.0,4.75,8.31,1307.4,0.7,El Nino,1.8,2.8,18.4,84.7
FLOOD_00598,-23.62235,-46.62787,2019-03-10,2019,3,8.5,AV PROF ABRAAO DE MORAIS,1,755.0,2.74,4.79,147.8,0.9,El Nino,5.7,7.8,22.9,80.5
NOFLOOD_00326,-23.559157,-46.763696,2019-03-11,2019,3,0.0,Ponto de Controle Pseudo-Ausencia SP,0,802.0,4.08,7.14,255.7,0.9,El Nino,56.6,22.0,20.6,87.4
FLOOD_00321,-23.53731,-46.457019,2019-02-16,2019,2,0.63,R PDE VIEGAS DE MENEZES,1,749.0,2.54,4.43,127.9,0.9,El Nino,57.8,16.4,20.5,90.4
FLOOD_00740,-23.54898,-46.52662,2019-04-06,2019,4,1.23,R MANILHA CARRAO,1,741.0,1.29,2.25,177.2,0.8,El Nino,3.1,3.8,24.1,78.2
FLOOD_00420,-23.528109,-46.597376,2019-02-25,2019,2,1.25,MARGINAL TIETE,1,725.0,8.44,14.83,923.2,0.9,El Nino,6.6,13.2,26.0,63.1
FLOOD_00241,-23.520865,-46.559864,2019-02-04,2019,2,1.3,AV EDUCADOR PAULO FREIRE,1,729.0,2.23,3.9,299.0,0.9,El Nino,79.5,56.0,19.9,86.9
NOFLOOD_00125,-23.428862,-46.560806,2019-02-22,2019,2,0.0,Ponto de Controle Pseudo-Ausencia SP,0,772.0,9.07,15.96,529.3,0.9,El Nino,6.3,5.4,23.0,81.4
FLOOD_00342,-23.528109,-46.597376,2019-02-20,2019,2,1.8,MARGINAL TIETE,1,725.0,8.44,14.83,923.2,0.9,El Nino,20.8,25.8,24.5,68.4
FLOOD_00215,-23.538101,-46.598964,2019-02-04,2019,2,5.15,AV CELSO GARCIA,1,744.0,1.39,2.44,1115.7,0.9,El Nino,79.5,56.0,19.9,86.9
NOFLOOD_01077,-23.686041,-46.553909,2019-12-17,2019,12,0.0,Ponto de Controle Pseudo-Ausencia SP,0,766.0,3.68,6.42,5904.8,0.8,El Nino,5.1,4.4,23.5,70.5
FLOOD_00085,-23.554122,-46.70811,2019-01-17,2019,1,1.87,PC PANAMERICANA,1,729.0,1.52,2.66,69.9,1.0,El Nino,6.5,7.8,24.9,66.0
FLOOD_01151,-23.511495,-46.624888,2019-12-23,2019,12,3.77,AV ZAKI NARCHI,1,727.0,0.74,1.3,373.4,0.8,El Nino,60.4,67.6,21.9,79.9
NOFLOOD_00521,-23.693865,-46.644835,2019-12-10,2019,12,0.0,Ponto de Controle Pseudo-Ausencia SP,0,765.0,5.36,9.39,385.5,0.8,El Nino,32.3,18.2,20.8,85.5
FLOOD_00208,-23.515237,-46.666753,2019-02-04,2019,2,6.08,MARGINAL TIETE,1,721.0,6.96,12.21,46.9,0.9,El Nino,79.5,56.0,19.9,86.9
NOFLOOD_00816,-23.602325,-46.637047,2019-12-09,2019,12,0.0,Ponto de Controle Pseudo-Ausencia SP,0,798.0,2.58,4.51,572.0,0.8,El Nino,3.6,5.2,20.3,78.2
NOFLOOD_00436,-23.729101,-46.587607,2019-02-16,2019,2,0.0,Ponto de Controle Pseudo-Ausencia SP,0,796.0,4.47,7.82,2160.5,0.9,El Nino,57.8,16.4,20.5,90.4
NOFLOOD_00083,-23.673684,-46.530178,2019-12-04,2019,12,0.0,Ponto de Controle Pseudo-Ausencia SP,0,786.0,6.44,11.29,5894.1,0.8,El Nino,4.0,6.2,20.7,79.3
NOFLOOD_00085,-23.497354,-46.643063,2019-01-01,2019,1,0.0,Ponto de Controle Pseudo-Ausencia SP,0,794.0,3.85,6.73,717.2,1.0,El Nino,3.3,2.4,23.4,76.8
NOFLOOD_00435,-23.719263,-46.430026,2019-11-10,2019,11,0.0,Ponto de Controle Pseudo-Ausencia SP,0,766.0,9.55,16.83,5052.3,0.7,El Nino,2.3,3.6,21.7,82.0
FLOOD_00216,-23.606507,-46.696939,2019-02-04,2019,2,3.4,AV DAS NACOES UNIDAS,1,727.0,12.5,22.16,350.0,0.9,El Nino,79.5,56.0,19.9,86.9
NOFLOOD_00971,-23.601889,-46.535742,2019-05-19,2019,5,0.0,Ponto de Controle Pseudo-Ausencia SP,0,797.0,2.58,4.51,729.0,0.7,El Nino,1.8,2.8,18.4,84.7
NOFLOOD_00382,-23.430321,-46.675079,2019-11-28,2019,11,0.0,Ponto de Controle Pseudo-Ausencia SP,0,991.0,15.31,27.38,253.6,0.7,El Nino,7.7,4.8,19.0,89.5
NOFLOOD_00558,-23.659125,-46.457626,2019-03-11,2019,3,0.0,Ponto de Controle Pseudo-Ausencia SP,0,788.0,7.28,12.77,1750.4,0.9,El Nino,56.6,22.0,20.6,87.4
NOFLOOD_01143,-23.731742,-46.457258,2019-03-06,2019,3,0.0,Ponto de Controle Pseudo-Ausencia SP,0,795.0,2.57,4.49,7384.9,0.9,El Nino,29.9,44.0,23.3,76.7
NOFLOOD_00471,-23.676349,-46.594321,2019-01-08,2019,1,0.0,Ponto de Controle Pseudo-Ausencia SP,0,779.0,10.24,18.07,2558.8,1.0,El Nino,0.4,0.6,26.6,60.3
FLOOD_00896,-23.52289,-46.74128,2019-07-05,2019,7,5.7,AV ENG ROBERTO ZUCCOLO,1,725.0,2.85,4.98,607.9,0.4,Nao El Nino,56.4,8.6,13.1,90.0
FLOOD_00103,-23.60326,-46.69203,2019-01-22,2019,1,1.75,AV ENG LUIZ CARLOS BERRINI,1,730.0,8.74,15.38,11.4,1.0,El Nino,15.2,20.4,24.9,78.2
NOFLOOD_00281,-23.455267,-46.729679,2019-11-05,2019,11,0.0,Ponto de Controle Pseudo-Ausencia SP,0,902.0,7.5,13.16,699.3,0.7,El Nino,17.9,12.4,24.2,71.0
NOFLOOD_01084,-23.518253,-46.491071,2019-04-07,2019,4,0.0,Ponto de Controle Pseudo-Ausencia SP,0,789.0,5.28,9.25,366.8,0.8,El Nino,3.6,2.2,23.1,83.1
NOFLOOD_00206,-23.715844,-46.456314,2019-03-10,2019,3,0.0,Ponto de Controle Pseudo-Ausencia SP,0,787.0,20.97,38.33,5883.7,0.9,El Nino,5.7,7.8,22.9,80.5
NOFLOOD_00877,-23.54255,-46.484756,2019-02-15,2019,2,0.0,Ponto de Controle Pseudo-Ausencia SP,0,803.0,4.86,8.51,208.1,0.9,El Nino,20.9,13.8,19.9,84.7
FLOOD_01055,-23.5195,-46.67536,2019-12-10,2019,12,0.53,PC PASCOAL MARTINS,1,727.0,4.17,7.29,792.5,0.8,El Nino,32.3,18.2,20.8,85.5
NOFLOOD_00624,-23.703652,-46.521932,2019-12-09,2019,12,0.0,Ponto de Controle Pseudo-Ausencia SP,0,827.0,8.67,15.24,8774.5,0.8,El Nino,3.6,5.2,20.3,78.2
NOFLOOD_00843,-23.564973,-46.523511,2019-01-08,2019,1,0.0,Ponto de Controle Pseudo-Ausencia SP,0,781.0,6.33,11.1,890.7,1.0,El Nino,0.4,0.6,26.6,60.3
NOFLOOD_00713,-23.422706,-46.636917,2019-02-15,2019,2,0.0,Ponto de Controle Pseudo-Ausencia SP,0,1061.0,19.21,34.85,835.2,0.9,El Nino,20.9,13.8,19.9,84.7
FLOOD_00309,-23.51548,-46.66923,2019-02-16,2019,2,6.37,AV PRES CASTELO BRANCO,1,728.0,3.67,6.41,267.3,0.9,El Nino,57.8,16.4,20.5,90.4
FLOOD_00547,-23.69477,-46.65575,2019-03-06,2019,3,4.28,ES DO ALVARENGA,1,781.0,6.87,12.05,274.1,0.9,El Nino,29.9,44.0,23.3,76.7
NOFLOOD_00670,-23.702455,-46.536176,2019-12-10,2019,12,0.0,Ponto de Controle Pseudo-Ausencia SP,0,791.0,9.4,16.56,7390.8,0.8,El Nino,32.3,18.2,20.8,85.5
NOFLOOD_00632,-23.622156,-46.563803,2019-03-07,2019,3,0.0,Ponto de Controle Pseudo-Ausencia SP,0,794.0,6.26,10.97,1703.9,0.9,El Nino,20.0,15.8,22.9,80.6
NOFLOOD_00412,-23.555244,-46.53804,2019-03-06,2019,3,0.0,Ponto de Controle Pseudo-Ausencia SP,0,778.0,4.32,7.55,456.8,0.9,El Nino,29.9,44.0,23.3,76.7
FLOOD_00095,-23.611754,-46.754312,2019-01-19,2019,1,1.43,R ALVES DOS SANTOS,1,746.0,2.8,4.9,228.8,1.0,El Nino,0.9,1.8,26.2,67.7
NOFLOOD_00410,-23.621749,-46.638684,2019-01-20,2019,1,0.0,Ponto de Controle Pseudo-Ausencia SP,0,810.0,3.83,6.69,377.2,1.0,El Nino,13.2,9.4,24.3,77.5
FLOOD_00727,-23.53758,-46.64177,2019-04-06,2019,4,1.5,AV RIO BRANCO,1,752.0,7.07,12.41,254.9,0.8,El Nino,3.1,3.8,24.1,78.2
NOFLOOD_00442,-23.610636,-46.732417,2019-01-14,2019,1,0.0,Ponto de Controle Pseudo-Ausencia SP,0,815.0,14.02,24.97,682.8,1.0,El Nino,11.1,21.2,24.4,73.6
NOFLOOD_01130,-23.734315,-46.421358,2019-03-28,2019,3,0.0,Ponto de Controle Pseudo-Ausencia SP,0,768.0,15.86,28.41,6616.0,0.9,El Nino,2.4,1.8,20.4,81.2
FLOOD_00528,-23.54804,-46.5262,2019-03-03,2019,3,0.25,R MANILHA CARRAO,1,736.0,1.02,1.77,176.4,0.9,El Nino,22.9,27.8,21.6,83.6
NOFLOOD_01065,-23.678821,-46.46039,2019-12-11,2019,12,0.0,Ponto de Controle Pseudo-Ausencia SP,0,788.0,3.18,5.56,3171.3,0.8,El Nino,5.6,3.6,20.8,84.4
FLOOD_00458,-23.54943,-46.64456,2019-02-26,2019,2,8.55,PC DESEM MARIO PIRES,1,777.0,7.28,12.77,872.8,0.9,El Nino,52.9,14.0,20.8,86.1
NOFLOOD_01050,-23.656154,-46.435763,2019-11-06,2019,11,0.0,Ponto de Controle Pseudo-Ausencia SP,0,841.0,9.7,17.09,1131.2,0.7,El Nino,11.0,6.2,18.7,87.3
FLOOD_00247,-23.53247,-46.53595,2019-02-06,2019,2,1.57,R PROF MARTIM DAMY,1,741.0,2.85,4.98,101.8,0.9,El Nino,50.5,13.4,17.8,87.6
FLOOD_00464,-23.522908,-46.630293,2019-02-26,2019,2,2.83,AV SANTOS DUMONT,1,731.0,2.3,4.01,439.6,0.9,El Nino,52.9,14.0,20.8,86.1
NOFLOOD_00099,-23.643639,-46.691622,2019-01-17,2019,1,0.0,Ponto de Controle Pseudo-Ausencia SP,0,787.0,3.78,6.61,562.5,1.0,El Nino,6.5,7.8,24.9,66.0
FLOOD_00233,-23.42699,-46.72461,2019-02-06,2019,2,5.35,AV RAIMUNDO PEREIRA DE MAGALHAES,1,841.0,3.08,5.38,508.7,0.9,El Nino,50.5,13.4,17.8,87.6
FLOOD_00881,-23.51548,-46.66923,2019-07-04,2019,7,0.57,AV PRES CASTELO BRANCO,1,728.0,3.67,6.41,267.3,0.4,Nao El Nino,65.9,10.4,16.5,89.9
NOFLOOD_01138,-23.683786,-46.613505,2019-02-22,2019,2,0.0,Ponto de Controle Pseudo-Ausencia SP,0,790.0,12.0,21.26,2471.3,0.9,El Nino,6.3,5.4,23.0,81.4
NOFLOOD_00744,-23.747222,-46.537323,2019-03-19,2019,3,0.0,Ponto de Controle Pseudo-Ausencia SP,0,797.0,2.88,5.03,7655.5,0.9,El Nino,18.6,18.0,24.8,75.3
NOFLOOD_00487,-23.736691,-46.479067,2019-03-07,2019,3,0.0,Ponto de Controle Pseudo-Ausencia SP,0,793.0,5.84,10.23,9146.2,0.9,El Nino,20.0,15.8,22.9,80.6
FLOOD_00065,-23.538461,-46.456161,2019-01-14,2019,1,0.28,AV ITAQUERA,1,761.0,3.31,5.78,276.7,1.0,El Nino,11.1,21.2,24.4,73.6
FLOOD_01031,-23.526397,-46.682273,2019-12-05,2019,12,0.53,AV POMPEIA,1,733.0,2.75,4.81,586.8,0.8,El Nino,14.2,22.6,23.1,80.1
NOFLOOD_01160,-23.615925,-46.767803,2019-01-16,2019,1,0.0,Ponto de Controle Pseudo-Ausencia SP,0,774.0,8.94,15.72,625.3,1.0,El Nino,5.4,8.4,25.5,69.2
NOFLOOD_00530,-23.735276,-46.621693,2019-02-26,2019,2,0.0,Ponto de Controle Pseudo-Ausencia SP,0,809.0,4.58,8.01,1966.1,0.9,El Nino,52.9,14.0,20.8,86.1
FLOOD_00357,-23.54415,-46.53108,2019-02-20,2019,2,1.07,AV ARICANDUVA,1,736.0,4.12,7.21,41.0,0.9,El Nino,20.8,25.8,24.5,68.4
NOFLOOD_00920,-23.465838,-46.557901,2019-03-14,2019,3,0.0,Ponto de Controle Pseudo-Ausencia SP,0,773.0,2.78,4.85,767.9,0.9,El Nino,3.3,4.6,24.1,72.8
NOFLOOD_00221,-23.493219,-46.598954,2019-04-07,2019,4,0.0,Ponto de Controle Pseudo-Ausencia SP,0,791.0,3.03,5.29,294.7,0.8,El Nino,3.6,2.2,23.1,83.1
FLOOD_00731,-23.54164,-46.53537,2019-04-06,2019,4,1.1,AV ARICANDUVA,1,734.0,5.48,9.59,19.8,0.8,El Nino,3.1,3.8,24.1,78.2
FLOOD_00534,-23.54447,-46.59285,2019-03-05,2019,3,2.3,AV ALCANTARA MACHADO,1,747.0,5.53,9.69,182.1,0.9,El Nino,3.6,2.4,23.5,73.4
NOFLOOD_00639,-23.73132,-46.683888,2019-12-31,2019,12,0.0,Ponto de Controle Pseudo-Ausencia SP,0,779.0,9.43,16.62,275.6,0.8,El Nino,0.1,0.2,23.7,69.7
NOFLOOD_01069,-23.515618,-46.508112,2019-01-24,2019,1,0.0,Ponto de Controle Pseudo-Ausencia SP,0,784.0,2.58,4.51,249.2,1.0,El Nino,21.0,29.8,23.7,78.6
FLOOD_00037,-23.5841,-46.58441,2019-01-08,2019,1,1.97,AV PROF LUIZ IGNACIO ANHAIA MELLO,1,740.0,3.11,5.44,352.6,1.0,El Nino,0.4,0.6,26.6,60.3
FLOOD_00096,-23.629153,-46.629691,2019-01-20,2019,1,6.48,AV PROF ABRAAO DE MORAIS,1,762.0,3.03,5.29,212.4,1.0,El Nino,13.2,9.4,24.3,77.5
FLOOD_01140,-23.681564,-46.693854,2019-12-23,2019,12,2.37,AV DAS NACOES UNIDAS,1,730.0,2.3,4.01,685.4,0.8,El Nino,60.4,67.6,21.9,79.9
NOFLOOD_00825,-23.607461,-46.496907,2019-01-25,2019,1,0.0,Ponto de Controle Pseudo-Ausencia SP,0,824.0,7.06,12.38,270.8,1.0,El Nino,24.6,15.4,21.9,81.9
NOFLOOD_01129,-23.651158,-46.431006,2019-02-13,2019,2,0.0,Ponto de Controle Pseudo-Ausencia SP,0,866.0,23.79,44.08,1403.5,0.9,El Nino,5.3,2.0,19.8,85.8
FLOOD_00621,-23.519022,-46.63012,2019-03-10,2019,3,12.35,MARGINAL TIETE,1,728.0,4.59,8.02,75.3,0.9,El Nino,5.7,7.8,22.9,80.5
FLOOD_01011,-23.57127,-46.70017,2019-11-27,2019,11,0.52,AV DAS NACOES UNIDAS,1,725.0,4.65,8.14,986.7,0.7,El Nino,25.6,22.0,22.0,75.6
NOFLOOD_00776,-23.733621,-46.587411,2019-02-06,2019,2,0.0,Ponto de Controle Pseudo-Ausencia SP,0,787.0,6.49,11.38,2457.2,0.9,El Nino,50.5,13.4,17.8,87.6
NOFLOOD_00460,-23.547942,-46.76019,2019-11-21,2019,11,0.0,Ponto de Controle Pseudo-Ausencia SP,0,783.0,3.29,5.75,1333.6,0.7,El Nino,0.0,0.0,21.8,75.6
FLOOD_00206,-23.625838,-46.691575,2019-02-04,2019,2,0.85,AV ROQUE PETRONI JUNIOR,1,732.0,5.32,9.32,64.8,0.9,El Nino,79.5,56.0,19.9,86.9
FLOOD_01007,-23.568233,-46.607634,2019-11-27,2019,11,1.05,R PRES BATISTA PEREIRA,1,736.0,2.23,3.9,92.4,0.7,El Nino,25.6,22.0,22.0,75.6
NOFLOOD_00075,-23.685836,-46.529312,2019-04-26,2019,4,0.0,Ponto de Controle Pseudo-Ausencia SP,0,812.0,9.34,16.45,7100.8,0.8,El Nino,13.8,10.2,22.3,82.6
FLOOD_00320,-23.548047,-46.526176,2019-02-16,2019,2,4.47,AV ARICANDUVA,1,736.0,1.02,1.77,174.0,0.9,El Nino,57.8,16.4,20.5,90.4
FLOOD_00408,-23.57218,-46.69991,2019-02-22,2019,2,2.9,MARGINAL PINHEIROS,1,729.0,6.06,10.61,1052.5,0.9,El Nino,6.3,5.4,23.0,81.4
FLOOD_00354,-23.58474,-46.58102,2019-02-20,2019,2,0.5,AV PROF LUIZ IGNACIO ANHAIA MELLO,1,741.0,3.37,5.89,417.0,0.9,El Nino,20.8,25.8,24.5,68.4
FLOOD_00264,-23.581927,-46.490785,2019-02-06,2019,2,0.45,AV AFONSO DE SAMPAIO E SOUSA,1,749.0,5.78,10.11,316.8,0.9,El Nino,50.5,13.4,17.8,87.6
FLOOD_00988,-23.660375,-46.704839,2019-11-15,2019,11,0.0,R JOAO ALFREDO,1,734.0,1.38,2.4,146.2,0.7,El Nino,7.7,3.0,19.1,86.4
NOFLOOD_00201,-23.6849,-46.563136,2019-12-17,2019,12,0.0,Ponto de Controle Pseudo-Ausencia SP,0,798.0,11.08,19.59,5109.8,0.8,El Nino,5.1,4.4,23.5,70.5
NOFLOOD_00857,-23.444056,-46.425174,2019-11-05,2019,11,0.0,Ponto de Controle Pseudo-Ausencia SP,0,792.0,6.77,11.87,3593.2,0.7,El Nino,17.9,12.4,24.2,71.0
NOFLOOD_00369,-23.724914,-46.562139,2019-11-05,2019,11,0.0,Ponto de Controle Pseudo-Ausencia SP,0,798.0,11.31,20.0,4528.0,0.7,El Nino,17.9,12.4,24.2,71.0
NOFLOOD_00878,-23.468236,-46.539881,2019-10-28,2019,10,0.0,Ponto de Controle Pseudo-Ausencia SP,0,783.0,5.39,9.44,1846.3,0.5,El Nino,21.3,12.0,24.7,60.2
FLOOD_00578,-23.53791,-46.64167,2019-03-07,2019,3,1.38,AV RIO BRANCO,1,754.0,5.81,10.18,221.7,0.9,El Nino,20.0,15.8,22.9,80.6
FLOOD_00424,-23.519358,-46.674654,2019-02-26,2019,2,0.37,PC PASCOAL MARTINS,1,725.0,1.8,3.14,740.1,0.9,El Nino,52.9,14.0,20.8,86.1
NOFLOOD_00108,-23.732006,-46.674831,2019-01-23,2019,1,0.0,Ponto de Controle Pseudo-Ausencia SP,0,768.0,13.82,24.6,267.5,1.0,El Nino,3.0,6.0,24.9,76.9
FLOOD_00331,-23.527342,-46.740367,2019-02-16,2019,2,1.55,AV MOFARREJ,1,724.0,3.77,6.59,490.2,0.9,El Nino,57.8,16.4,20.5,90.4
NOFLOOD_00564,-23.57357,-46.497437,2019-11-21,2019,11,0.0,Ponto de Controle Pseudo-Ausencia SP,0,793.0,8.51,14.97,557.5,0.7,El Nino,0.0,0.0,21.8,75.6
NOFLOOD_00472,-23.435154,-46.755186,2019-04-16,2019,4,0.0,Ponto de Controle Pseudo-Ausencia SP,0,825.0,8.68,15.27,313.0,0.8,El Nino,4.3,8.2,22.7,77.6
FLOOD_00967,-23.52236,-46.66129,2019-11-06,2019,11,1.03,AV MARQ DE SAO VICENTE,1,727.0,4.88,8.54,186.5,0.7,El Nino,11.0,6.2,18.7,87.3
NOFLOOD_00465,-23.428233,-46.554088,2019-04-26,2019,4,0.0,Ponto de Controle Pseudo-Ausencia SP,0,855.0,10.76,19.01,1134.0,0.8,El Nino,13.8,10.2,22.3,82.6
FLOOD_00737,-23.58433,-46.57692,2019-04-06,2019,4,0.58,AV PROF LUIZ IGNACIO ANHAIA MELLO,1,745.0,4.32,7.55,796.8,0.8,El Nino,3.1,3.8,24.1,78.2
NOFLOOD_00339,-23.576927,-46.529329,2019-04-06,2019,4,0.0,Ponto de Controle Pseudo-Ausencia SP,0,779.0,6.66,11.67,368.7,0.8,El Nino,3.1,3.8,24.1,78.2
NOFLOOD_00171,-23.467701,-46.744232,2019-11-27,2019,11,0.0,Ponto de Controle Pseudo-Ausencia SP,0,813.0,11.74,20.78,237.6,0.7,El Nino,25.6,22.0,22.0,75.6
NOFLOOD_00213,-23.634559,-46.431629,2019-11-30,2019,11,0.0,Ponto de Controle Pseudo-Ausencia SP,0,899.0,26.68,50.26,316.4,0.7,El Nino,0.5,0.6,21.4,78.2
NOFLOOD_00541,-23.627095,-46.658368,2019-03-04,2019,3,0.0,Ponto de Controle Pseudo-Ausencia SP,0,794.0,4.24,7.41,604.1,0.9,El Nino,4.0,4.6,22.2,77.6
FLOOD_00853,-23.56878,-46.723776,2019-07-04,2019,7,0.15,AV DAS NACOES UNIDAS,1,782.0,5.09,8.9,207.5,0.4,Nao El Nino,65.9,10.4,16.5,89.9
FLOOD_00799,-23.53758,-46.64177,2019-04-26,2019,4,0.88,AV RIO BRANCO,1,752.0,7.07,12.41,254.9,0.8,El Nino,13.8,10.2,22.3,82.6
NOFLOOD_00291,-23.66276,-46.605695,2019-02-24,2019,2,0.0,Ponto de Controle Pseudo-Ausencia SP,0,784.0,3.18,5.55,1002.9,0.9,El Nino,1.9,3.4,26.4,61.5
NOFLOOD_00315,-23.477093,-46.594499,2019-01-17,2019,1,0.0,Ponto de Controle Pseudo-Ausencia SP,0,798.0,10.57,18.66,204.0,1.0,El Nino,6.5,7.8,24.9,66.0
FLOOD_00600,-23.585918,-46.589155,2019-03-10,2019,3,14.85,AV PROF LUIZ IGNACIO ANHAIA MELLO,1,736.0,2.08,3.64,541.5,0.9,El Nino,5.7,7.8,22.9,80.5
NOFLOOD_01021,-23.704986,-46.520864,2019-11-09,2019,11,0.0,Ponto de Controle Pseudo-Ausencia SP,0,804.0,6.53,11.45,8852.7,0.7,El Nino,1.5,1.6,21.3,84.2
FLOOD_00268,-23.51548,-46.66923,2019-02-06,2019,2,1.25,AV PRES CASTELO BRANCO,1,728.0,3.67,6.41,267.3,0.9,El Nino,50.5,13.4,17.8,87.6
FLOOD_00959,-23.568233,-46.607634,2019-11-05,2019,11,1.3,R PRES BATISTA PEREIRA,1,736.0,2.23,3.9,92.4,0.7,El Nino,17.9,12.4,24.2,71.0
NOFLOOD_00180,-23.552861,-46.673837,2019-04-28,2019,4,0.0,Ponto de Controle Pseudo-Ausencia SP,0,821.0,3.9,6.82,1161.2,0.8,El Nino,24.4,10.2,23.2,69.4
NOFLOOD_00299,-23.713955,-46.513279,2019-02-22,2019,2,0.0,Ponto de Controle Pseudo-Ausencia SP,0,794.0,3.78,6.61,9478.2,0.9,El Nino,6.3,5.4,23.0,81.4
NOFLOOD_00560,-23.728934,-46.42419,2019-11-10,2019,11,0.0,Ponto de Controle Pseudo-Ausencia SP,0,791.0,10.58,18.68,6033.8,0.7,El Nino,2.3,3.6,21.7,82.0
NOFLOOD_00582,-23.743689,-46.699244,2019-01-23,2019,1,0.0,Ponto de Controle Pseudo-Ausencia SP,0,780.0,5.18,9.07,235.2,1.0,El Nino,3.0,6.0,24.9,76.9
NOFLOOD_00068,-23.512588,-46.512898,2019-11-21,2019,11,0.0,Ponto de Controle Pseudo-Ausencia SP,0,770.0,4.16,7.28,275.8,0.7,El Nino,0.0,0.0,21.8,75.6
FLOOD_00694,-23.62643,-46.6875,2019-03-14,2019,3,0.6,AV SANTO AMARO,1,736.0,0.47,0.81,263.9,0.9,El Nino,3.3,4.6,24.1,72.8
NOFLOOD_00237,-23.640269,-46.764039,2019-06-03,2019,6,0.0,Ponto de Controle Pseudo-Ausencia SP,0,781.0,3.49,6.1,234.3,0.6,El Nino,12.4,4.2,17.3,87.4
NOFLOOD_00696,-23.698072,-46.563273,2019-01-22,2019,1,0.0,Ponto de Controle Pseudo-Ausencia SP,0,794.0,2.9,5.06,4989.1,1.0,El Nino,15.2,20.4,24.9,78.2
NOFLOOD_00038,-23.652086,-46.431265,2019-09-03,2019,9,0.0,Ponto de Controle Pseudo-Ausencia SP,0,903.0,12.11,21.45,1481.4,0.3,Nao El Nino,12.4,7.4,16.9,89.3
FLOOD_00449,-23.5366,-46.64249,2019-02-26,2019,2,9.72,AV RIO BRANCO,1,750.0,4.45,7.78,359.3,0.9,El Nino,52.9,14.0,20.8,86.1
FLOOD_01039,-23.550375,-46.686213,2019-12-09,2019,12,4.2,R JOAO MOURA,1,774.0,2.08,3.64,982.4,0.8,El Nino,3.6,5.2,20.3,78.2
NOFLOOD_01024,-23.61414,-46.592163,2019-02-16,2019,2,0.0,Ponto de Controle Pseudo-Ausencia SP,0,779.0,3.49,6.1,634.7,0.9,El Nino,57.8,16.4,20.5,90.4
FLOOD_00897,-23.519022,-46.63012,2019-07-05,2019,7,5.32,MARGINAL TIETE,1,728.0,4.59,8.02,75.3,0.4,Nao El Nino,56.4,8.6,13.1,90.0
FLOOD_00704,-23.66149,-46.67936,2019-03-17,2019,3,0.23,AV INTERLAGOS,1,755.0,8.74,15.38,170.1,0.9,El Nino,18.8,18.4,22.4,84.9
NOFLOOD_01082,-23.492993,-46.631682,2019-01-29,2019,1,0.0,Ponto de Controle Pseudo-Ausencia SP,0,780.0,9.22,16.23,418.5,1.0,El Nino,0.8,1.4,26.3,64.8
NOFLOOD_00947,-23.705194,-46.730601,2019-04-07,2019,4,0.0,Ponto de Controle Pseudo-Ausencia SP,0,778.0,3.18,5.55,906.9,0.8,El Nino,3.6,2.2,23.1,83.1
NOFLOOD_00322,-23.602573,-46.526644,2019-01-14,2019,1,0.0,Ponto de Controle Pseudo-Ausencia SP,0,789.0,5.15,9.01,887.1,1.0,El Nino,11.1,21.2,24.4,73.6
FLOOD_00589,-23.61077,-46.70196,2019-03-09,2019,3,0.0,AV MAGALHAES DE CASTRO,1,732.0,3.45,6.02,691.4,0.9,El Nino,19.0,31.4,25.7,69.0
FLOOD_00330,-23.544436,-46.593349,2019-02-16,2019,2,0.37,AV ALCANTARA MACHADO,1,744.0,4.75,8.31,210.2,0.9,El Nino,57.8,16.4,20.5,90.4
NOFLOOD_01096,-23.445003,-46.448628,2019-12-04,2019,12,0.0,Ponto de Controle Pseudo-Ausencia SP,0,779.0,4.79,8.37,3636.9,0.8,El Nino,4.0,6.2,20.7,79.3
FLOOD_00893,-23.51969,-46.65562,2019-07-05,2019,7,4.83,R DOS AMERICANOS,1,729.0,8.99,15.82,223.6,0.4,Nao El Nino,56.4,8.6,13.1,90.0
NOFLOOD_00263,-23.437331,-46.593197,2019-03-02,2019,3,0.0,Ponto de Controle Pseudo-Ausencia SP,0,807.0,14.39,25.66,289.3,0.9,El Nino,18.7,20.6,22.1,83.4
NOFLOOD_00927,-23.712273,-46.565413,2019-03-07,2019,3,0.0,Ponto de Controle Pseudo-Ausencia SP,0,793.0,4.45,7.77,4238.0,0.9,El Nino,20.0,15.8,22.9,80.6
NOFLOOD_01157,-23.650707,-46.442924,2019-12-14,2019,12,0.0,Ponto de Controle Pseudo-Ausencia SP,0,781.0,9.0,15.83,1032.8,0.8,El Nino,25.4,26.0,21.7,82.2
NOFLOOD_00972,-23.447155,-46.550527,2019-04-09,2019,4,0.0,Ponto de Controle Pseudo-Ausencia SP,0,784.0,7.57,13.29,1761.8,0.8,El Nino,20.7,7.8,19.2,91.1
NOFLOOD_00110,-23.68916,-46.761504,2019-04-23,2019,4,0.0,Ponto de Controle Pseudo-Ausencia SP,0,804.0,9.86,17.38,581.3,0.8,El Nino,0.0,0.0,21.9,81.9
FLOOD_01013,-23.528865,-46.4572,2019-11-27,2019,11,2.23,AV JACU PESSEGO,1,743.0,2.85,4.98,7.6,0.7,El Nino,25.6,22.0,22.0,75.6
FLOOD_00239,-23.55391,-46.71883,2019-02-06,2019,2,2.02,AV DAS NACOES UNIDAS,1,724.0,4.11,7.18,852.5,0.9,El Nino,50.5,13.4,17.8,87.6
FLOOD_00969,-23.54755,-46.57896,2019-11-06,2019,11,0.93,AV SALIM FARAH MALUF,1,742.0,3.98,6.95,774.7,0.7,El Nino,11.0,6.2,18.7,87.3
NOFLOOD_00655,-23.670685,-46.548785,2019-11-06,2019,11,0.0,Ponto de Controle Pseudo-Ausencia SP,0,770.0,2.78,4.85,5519.4,0.7,El Nino,11.0,6.2,18.7,87.3
FLOOD_00854,-23.5651,-46.70308,2019-07-04,2019,7,0.35,AV DAS NACOES UNIDAS,1,730.0,3.67,6.41,245.8,0.4,Nao El Nino,65.9,10.4,16.5,89.9
NOFLOOD_00162,-23.628367,-46.510356,2019-02-26,2019,2,0.0,Ponto de Controle Pseudo-Ausencia SP,0,792.0,6.11,10.7,603.7,0.9,El Nino,52.9,14.0,20.8,86.1
NOFLOOD_00663,-23.721118,-46.760463,2019-02-25,2019,2,0.0,Ponto de Controle Pseudo-Ausencia SP,0,770.0,6.26,10.97,1338.6,0.9,El Nino,6.6,13.2,26.0,63.1
FLOOD_00548,-23.633463,-46.669228,2019-03-06,2019,3,3.15,AV WASHINGTON LUIS,1,749.0,5.32,9.32,332.5,0.9,El Nino,29.9,44.0,23.3,76.7
FLOOD_00130,-23.51657,-46.66047,2019-01-24,2019,1,0.5,AV PRES CASTELO BRANCO,1,717.0,2.9,5.06,305.4,1.0,El Nino,21.0,29.8,23.7,78.6
FLOOD_01133,-23.54713,-46.637146,2019-12-18,2019,12,0.55,VD DO CHA,1,760.0,23.87,44.25,417.3,0.8,El Nino,5.4,3.2,20.4,86.6
FLOOD_00646,-23.519022,-46.63012,2019-03-11,2019,3,5.63,MARGINAL TIETE,1,728.0,4.59,8.02,75.3,0.9,El Nino,56.6,22.0,20.6,87.4
NOFLOOD_00015,-23.704351,-46.602334,2019-12-14,2019,12,0.0,Ponto de Controle Pseudo-Ausencia SP,0,807.0,5.54,9.7,1638.4,0.8,El Nino,25.4,26.0,21.7,82.2
NOFLOOD_00806,-23.723614,-46.491633,2019-01-11,2019,1,0.0,Ponto de Controle Pseudo-Ausencia SP,0,796.0,10.2,17.99,8778.3,1.0,El Nino,15.2,23.4,24.4,68.9
FLOOD_00038,-23.57255,-46.50394,2019-01-08,2019,1,1.52,AV ARICANDUVA,1,744.0,3.35,5.85,338.0,1.0,El Nino,0.4,0.6,26.6,60.3
FLOOD_01081,-23.51306,-46.681009,2019-12-10,2019,12,0.57,R NORMA DE LUCA,1,728.0,7.63,13.4,954.5,0.8,El Nino,32.3,18.2,20.8,85.5
FLOOD_00124,-23.526397,-46.682273,2019-01-24,2019,1,0.15,AV POMPEIA,1,733.0,2.75,4.81,586.8,1.0,El Nino,21.0,29.8,23.7,78.6
NOFLOOD_00297,-23.72392,-46.447357,2019-11-14,2019,11,0.0,Ponto de Controle Pseudo-Ausencia SP,0,784.0,8.48,14.9,6136.1,0.7,El Nino,16.3,15.2,22.0,80.2
FLOOD_00474,-23.516721,-46.65397,2019-02-28,2019,2,3.57,MARGINAL TIETE,1,725.0,4.06,7.09,379.8,0.9,El Nino,27.9,14.2,20.5,90.2
FLOOD_00999,-23.592158,-46.731755,2019-11-27,2019,11,2.05,AV PROF FRANCISCO MORATO,1,745.0,3.11,5.44,649.9,0.7,El Nino,25.6,22.0,22.0,75.6
NOFLOOD_00611,-23.733384,-46.699826,2019-11-12,2019,11,0.0,Ponto de Controle Pseudo-Ausencia SP,0,795.0,9.46,16.67,378.4,0.7,El Nino,0.5,0.4,19.0,82.6
NOFLOOD_00507,-23.551451,-46.772826,2019-04-23,2019,4,0.0,Ponto de Controle Pseudo-Ausencia SP,0,772.0,5.54,9.7,1502.3,0.8,El Nino,0.0,0.0,21.9,81.9
NOFLOOD_00688,-23.736661,-46.50587,2019-02-21,2019,2,0.0,Ponto de Controle Pseudo-Ausencia SP,0,788.0,5.28,9.25,10401.6,0.9,El Nino,27.5,13.6,22.1,83.6
NOFLOOD_01064,-23.628022,-46.645781,2019-03-02,2019,3,0.0,Ponto de Controle Pseudo-Ausencia SP,0,824.0,4.46,7.8,457.3,0.9,El Nino,18.7,20.6,22.1,83.4
NOFLOOD_00750,-23.593914,-46.776493,2019-04-07,2019,4,0.0,Ponto de Controle Pseudo-Ausencia SP,0,768.0,14.13,25.18,222.4,0.8,El Nino,3.6,2.2,23.1,83.1
NOFLOOD_00087,-23.498794,-46.643515,2019-12-14,2019,12,0.0,Ponto de Controle Pseudo-Ausencia SP,0,784.0,9.35,16.47,850.0,0.8,El Nino,25.4,26.0,21.7,82.2
NOFLOOD_00319,-23.67202,-46.539597,2019-04-16,2019,4,0.0,Ponto de Controle Pseudo-Ausencia SP,0,810.0,3.35,5.85,6215.9,0.8,El Nino,4.3,8.2,22.7,77.6
NOFLOOD_00912,-23.73326,-46.769563,2019-11-22,2019,11,0.0,Ponto de Controle Pseudo-Ausencia SP,0,820.0,6.83,11.98,1497.4,0.7,El Nino,1.0,2.0,23.5,70.3
FLOOD_01051,-23.554,-46.62826,2019-12-10,2019,12,0.23,R GLICERIO,1,739.0,6.02,10.55,94.2,0.8,El Nino,32.3,18.2,20.8,85.5
FLOOD_00995,-23.491819,-46.45334,2019-11-22,2019,11,23.78,R ASDRUBAL,1,733.0,0.93,1.62,70.7,0.7,El Nino,1.0,2.0,23.5,70.3
NOFLOOD_00944,-23.472812,-46.724464,2019-11-21,2019,11,0.0,Ponto de Controle Pseudo-Ausencia SP,0,787.0,9.54,16.8,266.5,0.7,El Nino,0.0,0.0,21.8,75.6
FLOOD_00998,-23.660375,-46.704839,2019-11-27,2019,11,3.27,R JOAO ALFREDO,1,734.0,1.38,2.4,146.2,0.7,El Nino,25.6,22.0,22.0,75.6
FLOOD_00075,-23.526943,-46.684077,2019-01-17,2019,1,1.12,R BR DO BANANAL,1,734.0,2.39,4.17,500.0,1.0,El Nino,6.5,7.8,24.9,66.0
FLOOD_00595,-23.61585,-46.627199,2019-03-10,2019,3,9.0,AV PROF ABRAAO DE MORAIS,1,756.0,4.51,7.89,29.2,0.9,El Nino,5.7,7.8,22.9,80.5
FLOOD_01135,-23.72117,-46.69665,2019-12-23,2019,12,0.82,VEL PRES JOAO GOULART,1,769.0,10.59,18.69,637.0,0.8,El Nino,60.4,67.6,21.9,79.9
NOFLOOD_00332,-23.427098,-46.613319,2019-12-09,2019,12,0.0,Ponto de Controle Pseudo-Ausencia SP,0,979.0,13.36,23.75,375.0,0.8,El Nino,3.6,5.2,20.3,78.2
NOFLOOD_00055,-23.444498,-46.694775,2019-01-29,2019,1,0.0,Ponto de Controle Pseudo-Ausencia SP,0,784.0,15.62,27.95,418.5,1.0,El Nino,0.8,1.4,26.3,64.8
NOFLOOD_00020,-23.691045,-46.451454,2019-11-09,2019,11,0.0,Ponto de Controle Pseudo-Ausencia SP,0,816.0,6.23,10.91,3379.9,0.7,El Nino,1.5,1.6,21.3,84.2
NOFLOOD_00344,-23.725981,-46.490326,2019-09-05,2019,9,0.0,Ponto de Controle Pseudo-Ausencia SP,0,817.0,11.62,20.56,8882.1,0.3,Nao El Nino,1.0,0.6,13.6,90.1
FLOOD_01015,-23.543123,-46.627042,2019-11-27,2019,11,1.55,AV MERCURIO,1,735.0,1.12,1.95,261.5,0.7,El Nino,25.6,22.0,22.0,75.6
NOFLOOD_00572,-23.455361,-46.424806,2019-01-25,2019,1,0.0,Ponto de Controle Pseudo-Ausencia SP,0,809.0,7.77,13.65,2366.1,1.0,El Nino,24.6,15.4,21.9,81.9
FLOOD_00851,-23.55391,-46.71884,2019-07-04,2019,7,9.47,AV DAS NACOES UNIDAS,1,724.0,4.11,7.18,853.4,0.4,Nao El Nino,65.9,10.4,16.5,89.9
FLOOD_00884,-23.51548,-46.66923,2019-07-04,2019,7,12.55,AV PRES CASTELO BRANCO,1,728.0,3.67,6.41,267.3,0.4,Nao El Nino,65.9,10.4,16.5,89.9
NOFLOOD_01020,-23.456139,-46.727821,2019-11-05,2019,11,0.0,Ponto de Controle Pseudo-Ausencia SP,0,891.0,18.22,32.92,546.1,0.7,El Nino,17.9,12.4,24.2,71.0
NOFLOOD_00570,-23.594168,-46.709964,2019-01-22,2019,1,0.0,Ponto de Controle Pseudo-Ausencia SP,0,795.0,4.11,7.18,234.1,1.0,El Nino,15.2,20.4,24.9,78.2
NOFLOOD_00126,-23.745487,-46.633123,2019-02-20,2019,2,0.0,Ponto de Controle Pseudo-Ausencia SP,0,778.0,11.98,21.22,2161.0,0.9,El Nino,20.8,25.8,24.5,68.4
FLOOD_00210,-23.68444,-46.69226,2019-02-04,2019,2,0.62,AV INTERLAGOS,1,732.0,2.12,3.71,487.8,0.9,El Nino,79.5,56.0,19.9,86.9
NOFLOOD_01004,-23.546843,-46.75728,2019-02-13,2019,2,0.0,Ponto de Controle Pseudo-Ausencia SP,0,781.0,16.29,29.22,1498.9,0.9,El Nino,5.3,2.0,19.8,85.8
FLOOD_00683,-23.600363,-46.576863,2019-03-11,2019,3,1.92,R IBITIRAMA,1,738.0,3.37,5.89,198.2,0.9,El Nino,56.6,22.0,20.6,87.4
FLOOD_00104,-23.527593,-46.596891,2019-01-22,2019,1,4.55,MARGINAL TIETE,1,721.0,2.75,4.81,884.1,1.0,El Nino,15.2,20.4,24.9,78.2
FLOOD_00802,-23.53806,-46.59838,2019-04-26,2019,4,0.65,AV CELSO GARCIA,1,745.0,1.78,3.12,1083.3,0.8,El Nino,13.8,10.2,22.3,82.6
NOFLOOD_00542,-23.647387,-46.476575,2019-11-30,2019,11,0.0,Ponto de Controle Pseudo-Ausencia SP,0,772.0,12.61,22.38,1347.5,0.7,El Nino,0.5,0.6,21.4,78.2
NOFLOOD_00533,-23.674921,-46.758046,2019-03-20,2019,3,0.0,Ponto de Controle Pseudo-Ausencia SP,0,805.0,8.63,15.18,391.2,0.9,El Nino,10.8,14.6,21.7,81.9
NOFLOOD_00001,-23.673222,-46.563273,2019-07-05,2019,7,0.0,Ponto de Controle Pseudo-Ausencia SP,0,779.0,8.02,14.1,4308.2,0.4,Nao El Nino,56.4,8.6,13.1,90.0
FLOOD_00603,-23.54979,-46.63891,2019-03-10,2019,3,2.43,PQ ANHANGABAU,1,749.0,14.41,25.69,556.5,0.9,El Nino,5.7,7.8,22.9,80.5
FLOOD_00412,-23.507365,-46.715699,2019-02-22,2019,2,2.85,MARGINAL TIETE,1,725.0,6.83,11.98,173.2,0.9,El Nino,6.3,5.4,23.0,81.4
FLOOD_00496,-23.591748,-46.693734,2019-03-02,2019,3,6.22,AV MAGALHAES DE CASTRO,1,722.0,9.83,17.33,526.6,0.9,El Nino,18.7,20.6,22.1,83.4
NOFLOOD_00033,-23.445322,-46.620473,2019-07-04,2019,7,0.0,Ponto de Controle Pseudo-Ausencia SP,0,918.0,6.95,12.18,306.0,0.4,Nao El Nino,65.9,10.4,16.5,89.9
FLOOD_00920,-23.55187,-46.57712,2019-09-03,2019,9,0.1,AV SALIM FARAH MALUF,1,740.0,1.78,3.12,299.4,0.3,Nao El Nino,12.4,7.4,16.9,89.3
NOFLOOD_00595,-23.692348,-46.7658,2019-03-03,2019,3,0.0,Ponto de Controle Pseudo-Ausencia SP,0,817.0,8.54,15.02,290.2,0.9,El Nino,22.9,27.8,21.6,83.6
FLOOD_00040,-23.55033,-46.63824,2019-01-08,2019,1,1.42,PC DA BANDEIRA,1,758.0,17.01,30.59,477.4,1.0,El Nino,0.4,0.6,26.6,60.3
FLOOD_00965,-23.587799,-46.690269,2019-11-05,2019,11,0.5,AV DAS NACOES UNIDAS,1,726.0,5.44,9.53,267.8,0.7,El Nino,17.9,12.4,24.2,71.0
FLOOD_00993,-23.612693,-46.699462,2019-11-22,2019,11,2.33,MARGINAL PINHEIROS,1,725.0,2.3,4.01,377.3,0.7,El Nino,1.0,2.0,23.5,70.3
FLOOD_00911,-23.529929,-46.641998,2019-09-01,2019,9,0.73,R ANHAIA,1,745.0,0.51,0.89,593.0,0.3,Nao El Nino,26.0,6.6,17.2,86.5
NOFLOOD_00273,-23.697417,-46.421451,2019-04-16,2019,4,0.0,Ponto de Controle Pseudo-Ausencia SP,0,779.0,12.4,21.99,2530.9,0.8,El Nino,4.3,8.2,22.7,77.6
NOFLOOD_00348,-23.717459,-46.426725,2019-04-22,2019,4,0.0,Ponto de Controle Pseudo-Ausencia SP,0,771.0,16.11,28.88,4796.9,0.8,El Nino,1.1,2.2,22.5,78.0
FLOOD_00312,-23.51898,-46.67682,2019-02-16,2019,2,0.7,AV MARQ DE SAO VICENTE,1,727.0,2.12,3.7,844.8,0.9,El Nino,57.8,16.4,20.5,90.4
NOFLOOD_00683,-23.737903,-46.686178,2019-06-03,2019,6,0.0,Ponto de Controle Pseudo-Ausencia SP,0,785.0,4.88,8.54,509.9,0.6,El Nino,12.4,4.2,17.3,87.4
FLOOD_00340,-23.518891,-46.637501,2019-02-20,2019,2,1.9,MARGINAL TIETE,1,723.0,2.12,3.7,99.0,0.9,El Nino,20.8,25.8,24.5,68.4
NOFLOOD_00867,-23.600285,-46.457218,2019-02-13,2019,2,0.0,Ponto de Controle Pseudo-Ausencia SP,0,791.0,9.46,16.67,256.4,0.9,El Nino,5.3,2.0,19.8,85.8
FLOOD_00044,-23.57719,-46.60913,2019-01-08,2019,1,0.67,AV TERESA CRISTINA,1,733.0,1.73,3.01,736.2,1.0,El Nino,0.4,0.6,26.6,60.3
NOFLOOD_00882,-23.643469,-46.456889,2019-01-13,2019,1,0.0,Ponto de Controle Pseudo-Ausencia SP,0,821.0,3.08,5.38,211.6,1.0,El Nino,8.3,16.4,24.1,73.3
FLOOD_00970,-23.522736,-46.558677,2019-11-06,2019,11,2.8,MARGINAL TIETE,1,726.0,0.47,0.81,179.6,0.7,El Nino,11.0,6.2,18.7,87.3
FLOOD_00303,-23.582701,-46.572179,2019-02-16,2019,2,2.85,AV PROF LUIZ IGNACIO ANHAIA MELLO,1,741.0,3.14,5.49,985.0,0.9,El Nino,57.8,16.4,20.5,90.4
FLOOD_00949,-23.668525,-46.739677,2019-11-05,2019,11,1.05,AV LUIZ GUSHIKEN,1,739.0,5.08,8.89,422.0,0.7,El Nino,17.9,12.4,24.2,71.0
NOFLOOD_00411,-23.54627,-46.487054,2019-12-04,2019,12,0.0,Ponto de Controle Pseudo-Ausencia SP,0,799.0,6.26,10.97,266.0,0.8,El Nino,4.0,6.2,20.7,79.3
FLOOD_00616,-23.62426,-46.69479,2019-03-10,2019,3,1.53,AV ROQUE PETRONI JUNIOR,1,732.0,1.02,1.77,107.2,0.9,El Nino,5.7,7.8,22.9,80.5
FLOOD_00176,-23.500831,-46.614764,2019-01-30,2019,1,0.93,AV LUIZ DUMONT VILLARES,1,734.0,4.58,8.01,1031.2,1.0,El Nino,24.1,38.2,26.2,63.4
NOFLOOD_00834,-23.743932,-46.570118,2019-11-15,2019,11,0.0,Ponto de Controle Pseudo-Ausencia SP,0,790.0,3.08,5.38,4552.6,0.7,El Nino,7.7,3.0,19.1,86.4
NOFLOOD_00982,-23.539202,-46.44783,2019-02-28,2019,2,0.0,Ponto de Controle Pseudo-Ausencia SP,0,770.0,3.35,5.85,360.2,0.9,El Nino,27.9,14.2,20.5,90.2
NOFLOOD_00452,-23.682203,-46.561506,2019-02-07,2019,2,0.0,Ponto de Controle Pseudo-Ausencia SP,0,784.0,6.43,11.27,5034.9,0.9,El Nino,0.6,1.0,20.1,79.7
NOFLOOD_00592,-23.749096,-46.538212,2019-01-20,2019,1,0.0,Ponto de Controle Pseudo-Ausencia SP,0,816.0,12.07,21.39,7658.4,1.0,El Nino,13.2,9.4,24.3,77.5
NOFLOOD_01043,-23.653254,-46.430953,2019-06-03,2019,6,0.0,Ponto de Controle Pseudo-Ausencia SP,0,883.0,22.76,41.96,1416.4,0.6,El Nino,12.4,4.2,17.3,87.4
NOFLOOD_00559,-23.656717,-46.533611,2019-04-23,2019,4,0.0,Ponto de Controle Pseudo-Ausencia SP,0,766.0,7.63,13.4,4494.7,0.8,El Nino,0.0,0.0,21.9,81.9
FLOOD_00892,-23.618062,-46.701142,2019-07-05,2019,7,5.92,MARGINAL PINHEIROS,1,731.0,3.81,6.66,412.5,0.4,Nao El Nino,56.4,8.6,13.1,90.0
FLOOD_00495,-23.55033,-46.63824,2019-03-02,2019,3,0.2,AV VINTE E TRES DE MAIO,1,758.0,17.01,30.59,477.4,0.9,El Nino,18.7,20.6,22.1,83.4
NOFLOOD_00977,-23.677593,-46.678013,2019-02-07,2019,2,0.0,Ponto de Controle Pseudo-Ausencia SP,0,768.0,8.4,14.77,334.1,0.9,El Nino,0.6,1.0,20.1,79.7
FLOOD_00297,-23.52117,-46.61547,2019-02-16,2019,2,1.22,AV PRES CASTELO BRANCO,1,730.0,1.52,2.66,100.1,0.9,El Nino,57.8,16.4,20.5,90.4
NOFLOOD_00163,-23.439704,-46.740995,2019-02-21,2019,2,0.0,Ponto de Controle Pseudo-Ausencia SP,0,813.0,4.8,8.39,376.9,0.9,El Nino,27.5,13.6,22.1,83.6
FLOOD_00985,-23.55187,-46.57712,2019-11-15,2019,11,3.15,AV SALIM FARAH MALUF,1,740.0,1.78,3.12,299.4,0.7,El Nino,7.7,3.0,19.1,86.4
FLOOD_00428,-23.58669,-46.690609,2019-02-26,2019,2,1.33,AV DAS NACOES UNIDAS,1,728.0,1.45,2.53,366.2,0.9,El Nino,52.9,14.0,20.8,86.1
FLOOD_00054,-23.585586,-46.688956,2019-01-11,2019,1,1.75,AV CIDADE JARDIM,1,732.0,4.46,7.8,368.7,1.0,El Nino,15.2,23.4,24.4,68.9
NOFLOOD_00594,-23.451423,-46.548039,2019-04-14,2019,4,0.0,Ponto de Controle Pseudo-Ausencia SP,0,806.0,7.79,13.69,2101.7,0.8,El Nino,12.7,5.4,20.2,84.4
FLOOD_00385,-23.52973,-46.59487,2019-02-21,2019,2,2.43,AV CDSSA ELISABETH DE ROBIANO,1,727.0,3.23,5.64,661.9,0.9,El Nino,27.5,13.6,22.1,83.6
NOFLOOD_01019,-23.717639,-46.514411,2019-02-13,2019,2,0.0,Ponto de Controle Pseudo-Ausencia SP,0,831.0,20.66,37.72,9362.2,0.9,El Nino,5.3,2.0,19.8,85.8
NOFLOOD_00260,-23.70765,-46.481541,2019-07-04,2019,7,0.0,Ponto de Controle Pseudo-Ausencia SP,0,795.0,7.5,13.16,6800.7,0.4,Nao El Nino,65.9,10.4,16.5,89.9
FLOOD_00032,-23.53974,-46.6305,2019-01-04,2019,1,1.63,AV SEN QUEIROS,1,742.0,6.35,11.12,63.5,1.0,El Nino,26.7,18.4,23.4,79.6
NOFLOOD_00506,-23.437306,-46.577102,2019-09-01,2019,9,0.0,Ponto de Controle Pseudo-Ausencia SP,0,822.0,6.35,11.13,499.6,0.3,Nao El Nino,26.0,6.6,17.2,86.5
FLOOD_00229,-23.537535,-46.641682,2019-02-04,2019,2,5.37,AV RIO BRANCO,1,752.0,7.07,12.41,261.7,0.9,El Nino,79.5,56.0,19.9,86.9
NOFLOOD_01086,-23.445275,-46.607373,2019-03-05,2019,3,0.0,Ponto de Controle Pseudo-Ausencia SP,0,830.0,12.98,23.05,247.9,0.9,El Nino,3.6,2.4,23.5,73.4
FLOOD_00028,-23.50878,-46.59986,2019-01-04,2019,1,0.72,R CHICO PONTES,1,730.0,2.45,4.27,683.8,1.0,El Nino,26.7,18.4,23.4,79.6
FLOOD_00276,-23.538101,-46.598964,2019-02-13,2019,2,2.1,AV CELSO GARCIA,1,744.0,1.39,2.44,1115.7,0.9,El Nino,5.3,2.0,19.8,85.8
FLOOD_00256,-23.594522,-46.693457,2019-02-06,2019,2,6.27,MARGINAL PINHEIROS,1,722.0,4.08,7.14,237.0,0.9,El Nino,50.5,13.4,17.8,87.6
NOFLOOD_00979,-23.539433,-46.525093,2019-01-22,2019,1,0.0,Ponto de Controle Pseudo-Ausencia SP,0,784.0,7.61,13.36,274.2,1.0,El Nino,15.2,20.4,24.9,78.2
NOFLOOD_01038,-23.571921,-46.546346,2019-12-11,2019,12,0.0,Ponto de Controle Pseudo-Ausencia SP,0,772.0,6.35,11.13,327.4,0.8,El Nino,5.6,3.6,20.8,84.4
NOFLOOD_00482,-23.642337,-46.617007,2019-02-21,2019,2,0.0,Ponto de Controle Pseudo-Ausencia SP,0,821.0,6.11,10.7,500.8,0.9,El Nino,27.5,13.6,22.1,83.6
NOFLOOD_00868,-23.643055,-46.546512,2019-12-05,2019,12,0.0,Ponto de Controle Pseudo-Ausencia SP,0,788.0,7.42,13.02,3518.2,0.8,El Nino,14.2,22.6,23.1,80.1
NOFLOOD_00217,-23.48992,-46.597232,2019-06-03,2019,6,0.0,Ponto de Controle Pseudo-Ausencia SP,0,771.0,5.68,9.94,409.7,0.6,El Nino,12.4,4.2,17.3,87.4
NOFLOOD_00248,-23.49309,-46.648122,2019-03-20,2019,3,0.0,Ponto de Controle Pseudo-Ausencia SP,0,783.0,4.5,7.86,539.9,0.9,El Nino,10.8,14.6,21.7,81.9
NOFLOOD_00807,-23.630894,-46.512348,2019-04-07,2019,4,0.0,Ponto de Controle Pseudo-Ausencia SP,0,778.0,5.87,10.28,928.9,0.8,El Nino,3.6,2.2,23.1,83.1
NOFLOOD_00874,-23.544555,-46.68888,2019-04-14,2019,4,0.0,Ponto de Controle Pseudo-Ausencia SP,0,814.0,18.3,33.07,632.2,0.8,El Nino,12.7,5.4,20.2,84.4
NOFLOOD_00249,-23.699365,-46.618028,2019-03-17,2019,3,0.0,Ponto de Controle Pseudo-Ausencia SP,0,830.0,4.65,8.14,953.7,0.9,El Nino,18.8,18.4,22.4,84.9
NOFLOOD_01108,-23.709488,-46.478281,2019-12-09,2019,12,0.0,Ponto de Controle Pseudo-Ausencia SP,0,820.0,9.38,16.51,6705.7,0.8,El Nino,3.6,5.2,20.3,78.2
NOFLOOD_00098,-23.660873,-46.489048,2019-06-01,2019,6,0.0,Ponto de Controle Pseudo-Ausencia SP,0,770.0,6.03,10.56,3199.3,0.6,El Nino,26.5,14.6,20.2,83.6
NOFLOOD_00829,-23.662135,-46.625176,2019-11-27,2019,11,0.0,Ponto de Controle Pseudo-Ausencia SP,0,802.0,9.86,17.38,215.3,0.7,El Nino,25.6,22.0,22.0,75.6
NOFLOOD_00500,-23.738566,-46.557096,2019-02-24,2019,2,0.0,Ponto de Controle Pseudo-Ausencia SP,0,810.0,9.32,16.41,5424.0,0.9,El Nino,1.9,3.4,26.4,61.5
NOFLOOD_00101,-23.596646,-46.560281,2019-03-19,2019,3,0.0,Ponto de Controle Pseudo-Ausencia SP,0,794.0,8.18,14.37,370.4,0.9,El Nino,18.6,18.0,24.8,75.3
FLOOD_00620,-23.519022,-46.63012,2019-03-10,2019,3,11.7,MARGINAL TIETE,1,728.0,4.59,8.02,75.3,0.9,El Nino,5.7,7.8,22.9,80.5
FLOOD_00996,-23.582762,-46.57403,2019-11-22,2019,11,0.17,AV PROF LUIZ IGNACIO ANHAIA MELLO,1,748.0,1.8,3.14,1137.5,0.7,El Nino,1.0,2.0,23.5,70.3
NOFLOOD_00321,-23.599857,-46.424018,2019-03-17,2019,3,0.0,Ponto de Controle Pseudo-Ausencia SP,0,852.0,3.59,6.27,283.5,0.9,El Nino,18.8,18.4,22.4,84.9
NOFLOOD_00067,-23.578426,-46.489656,2019-11-27,2019,11,0.0,Ponto de Controle Pseudo-Ausencia SP,0,814.0,10.05,17.72,378.3,0.7,El Nino,25.6,22.0,22.0,75.6
NOFLOOD_00359,-23.686662,-46.590476,2019-03-12,2019,3,0.0,Ponto de Controle Pseudo-Ausencia SP,0,801.0,3.29,5.75,3681.7,0.9,El Nino,10.0,18.8,22.6,79.9
NOFLOOD_00812,-23.598622,-46.540513,2019-01-19,2019,1,0.0,Ponto de Controle Pseudo-Ausencia SP,0,786.0,10.15,17.9,455.0,1.0,El Nino,0.9,1.8,26.2,67.7
NOFLOOD_00182,-23.45693,-46.631027,2019-04-14,2019,4,0.0,Ponto de Controle Pseudo-Ausencia SP,0,802.0,4.51,7.89,222.6,0.8,El Nino,12.7,5.4,20.2,84.4
NOFLOOD_00614,-23.720953,-46.600556,2019-03-06,2019,3,0.0,Ponto de Controle Pseudo-Ausencia SP,0,807.0,9.53,16.79,589.0,0.9,El Nino,29.9,44.0,23.3,76.7
FLOOD_00829,-23.5628,-46.674579,2019-06-03,2019,6,1.27,R ESTADOS UNIDOS,1,761.0,3.85,6.73,441.7,0.6,El Nino,12.4,4.2,17.3,87.4
NOFLOOD_00251,-23.646253,-46.679672,2019-01-20,2019,1,0.0,Ponto de Controle Pseudo-Ausencia SP,0,771.0,15.23,27.23,437.1,1.0,El Nino,13.2,9.4,24.3,77.5
FLOOD_00942,-23.53275,-46.53729,2019-11-05,2019,11,0.77,AV CD DE FRONTIN,1,745.0,6.5,11.39,138.3,0.7,El Nino,17.9,12.4,24.2,71.0
FLOOD_00977,-23.53308,-46.64363,2019-11-12,2019,11,4.6,AL GLETE,1,750.0,3.29,5.75,719.3,0.7,El Nino,0.5,0.4,19.0,82.6
NOFLOOD_00178,-23.555679,-46.774319,2019-02-26,2019,2,0.0,Ponto de Controle Pseudo-Ausencia SP,0,772.0,12.5,22.18,1260.6,0.9,El Nino,52.9,14.0,20.8,86.1
NOFLOOD_01097,-23.688908,-46.537531,2019-01-19,2019,1,0.0,Ponto de Controle Pseudo-Ausencia SP,0,772.0,5.47,9.58,7455.6,1.0,El Nino,0.9,1.8,26.2,67.7
FLOOD_00027,-23.53926,-46.62756,2019-01-04,2019,1,0.82,R PAULA SOUSA,1,730.0,2.9,5.06,317.4,1.0,El Nino,26.7,18.4,23.4,79.6
FLOOD_00238,-23.516995,-46.725858,2019-02-06,2019,2,7.17,R MONTE PASCAL,1,725.0,7.77,13.65,942.9,0.9,El Nino,50.5,13.4,17.8,87.6
FLOOD_00808,-23.587799,-46.690269,2019-04-28,2019,4,0.95,AV DAS NACOES UNIDAS,1,726.0,5.44,9.53,267.8,0.8,El Nino,24.4,10.2,23.2,69.4
FLOOD_00011,-23.572219,-46.452184,2019-01-02,2019,1,0.28,AV ADRIANO BERTOZZI,1,809.0,1.91,3.33,181.9,1.0,El Nino,22.2,41.2,25.4,74.2
FLOOD_00036,-23.58433,-46.57692,2019-01-08,2019,1,2.0,AV PROF LUIZ IGNACIO ANHAIA MELLO,1,745.0,4.32,7.55,796.8,1.0,El Nino,0.4,0.6,26.6,60.3
FLOOD_01094,-23.541297,-46.642406,2019-12-11,2019,12,1.27,R AURORA,1,772.0,3.28,5.72,162.6,0.8,El Nino,5.6,3.6,20.8,84.4
FLOOD_00888,-23.587799,-46.690269,2019-07-05,2019,7,13.92,AV DAS NACOES UNIDAS,1,726.0,5.44,9.53,267.8,0.4,Nao El Nino,56.4,8.6,13.1,90.0
NOFLOOD_01036,-23.596434,-46.765285,2019-03-14,2019,3,0.0,Ponto de Controle Pseudo-Ausencia SP,0,795.0,13.01,23.1,362.0,0.9,El Nino,3.3,4.6,24.1,72.8
NOFLOOD_00214,-23.565556,-46.548342,2019-03-09,2019,3,0.0,Ponto de Controle Pseudo-Ausencia SP,0,791.0,5.93,10.39,309.4,0.9,El Nino,19.0,31.4,25.7,69.0
NOFLOOD_00620,-23.640449,-46.50373,2019-10-17,2019,10,0.0,Ponto de Controle Pseudo-Ausencia SP,0,784.0,7.02,12.31,1638.3,0.5,El Nino,0.1,0.2,21.7,76.4
FLOOD_00531,-23.68444,-46.69226,2019-03-04,2019,3,2.05,AC A AV DAS NACOES UNIDAS,1,732.0,2.12,3.71,487.8,0.9,El Nino,4.0,4.6,22.2,77.6
NOFLOOD_00072,-23.562195,-46.633813,2019-01-01,2019,1,0.0,Ponto de Controle Pseudo-Ausencia SP,0,767.0,9.85,17.36,607.9,1.0,El Nino,3.3,2.4,23.4,76.8
NOFLOOD_00846,-23.427179,-46.599549,2019-01-11,2019,1,0.0,Ponto de Controle Pseudo-Ausencia SP,0,863.0,15.96,28.6,255.2,1.0,El Nino,15.2,23.4,24.4,68.9
NOFLOOD_00364,-23.466873,-46.74567,2019-05-19,2019,5,0.0,Ponto de Controle Pseudo-Ausencia SP,0,805.0,16.92,30.41,378.3,0.7,El Nino,1.8,2.8,18.4,84.7
FLOOD_00160,-23.55286,-46.72474,2019-01-26,2019,1,1.23,AV ENG BILLINGS,1,718.0,6.26,10.97,869.4,1.0,El Nino,7.9,8.0,21.2,76.2
NOFLOOD_00968,-23.732667,-46.612955,2019-04-22,2019,4,0.0,Ponto de Controle Pseudo-Ausencia SP,0,779.0,11.19,19.78,1293.2,0.8,El Nino,1.1,2.2,22.5,78.0
FLOOD_00864,-23.528865,-46.4572,2019-07-04,2019,7,1.83,AV JACU PESSEGO,1,743.0,2.85,4.98,7.6,0.4,Nao El Nino,65.9,10.4,16.5,89.9
FLOOD_00766,-23.61764,-46.70183,2019-04-09,2019,4,4.83,AV MAGALHAES DE CASTRO,1,733.0,2.38,4.15,494.1,0.8,El Nino,20.7,7.8,19.2,91.1
NOFLOOD_00233,-23.57725,-46.650183,2019-05-19,2019,5,0.0,Ponto de Controle Pseudo-Ausencia SP,0,788.0,7.13,12.51,1015.3,0.7,El Nino,1.8,2.8,18.4,84.7
FLOOD_01085,-23.543123,-46.627042,2019-12-11,2019,12,0.35,AV MERCURIO,1,735.0,1.12,1.95,261.5,0.8,El Nino,5.6,3.6,20.8,84.4
NOFLOOD_00677,-23.69971,-46.57593,2019-03-06,2019,3,0.0,Ponto de Controle Pseudo-Ausencia SP,0,783.0,15.13,27.04,3797.8,0.9,El Nino,29.9,44.0,23.3,76.7
NOFLOOD_00698,-23.445593,-46.594009,2019-03-28,2019,3,0.0,Ponto de Controle Pseudo-Ausencia SP,0,767.0,10.4,18.36,297.3,0.9,El Nino,2.4,1.8,20.4,81.2
NOFLOOD_00120,-23.578742,-46.620797,2019-02-28,2019,2,0.0,Ponto de Controle Pseudo-Ausencia SP,0,802.0,4.92,8.61,253.3,0.9,El Nino,27.9,14.2,20.5,90.2
NOFLOOD_00054,-23.716078,-46.499158,2019-04-06,2019,4,0.0,Ponto de Controle Pseudo-Ausencia SP,0,789.0,5.19,9.09,8770.0,0.8,El Nino,3.1,3.8,24.1,78.2
NOFLOOD_00539,-23.589757,-46.560774,2019-01-06,2019,1,0.0,Ponto de Controle Pseudo-Ausencia SP,0,767.0,5.62,9.84,355.1,1.0,El Nino,24.0,14.6,23.2,80.8
FLOOD_00341,-23.527593,-46.596891,2019-02-20,2019,2,1.7,MARGINAL TIETE,1,721.0,2.75,4.81,884.1,0.9,El Nino,20.8,25.8,24.5,68.4
FLOOD_00185,-23.526397,-46.682273,2019-01-30,2019,1,0.45,R PALESTRA ITALIA,1,733.0,2.75,4.81,586.8,1.0,El Nino,24.1,38.2,26.2,63.4
NOFLOOD_00444,-23.459274,-46.730633,2019-12-23,2019,12,0.0,Ponto de Controle Pseudo-Ausencia SP,0,878.0,17.46,31.46,250.5,0.8,El Nino,60.4,67.6,21.9,79.9
FLOOD_00746,-23.585394,-46.668103,2019-04-06,2019,4,5.03,CV TRIBUNAL DE JUSTICA DO E SP,1,744.0,0.34,0.6,768.6,0.8,El Nino,3.1,3.8,24.1,78.2
FLOOD_00735,-23.52581,-46.70209,2019-04-06,2019,4,0.87,R JEROAQUARA,1,738.0,0.93,1.62,11.3,0.8,El Nino,3.1,3.8,24.1,78.2
NOFLOOD_00730,-23.443194,-46.573034,2019-02-26,2019,2,0.0,Ponto de Controle Pseudo-Ausencia SP,0,771.0,18.23,32.93,390.7,0.9,El Nino,52.9,14.0,20.8,86.1
FLOOD_00466,-23.52306,-46.63024,2019-02-26,2019,2,2.12,AV SANTOS DUMONT,1,731.0,2.9,5.06,457.0,0.9,El Nino,52.9,14.0,20.8,86.1
FLOOD_00066,-23.525579,-46.556499,2019-01-16,2019,1,0.28,AV AIRTON PRETINI,1,731.0,2.03,3.55,199.1,1.0,El Nino,5.4,8.4,25.5,69.2
NOFLOOD_00897,-23.45695,-46.652706,2019-01-26,2019,1,0.0,Ponto de Controle Pseudo-Ausencia SP,0,776.0,4.92,8.6,410.2,1.0,El Nino,7.9,8.0,21.2,76.2
FLOOD_00334,-23.51548,-46.66923,2019-02-16,2019,2,1.0,AV PRES CASTELO BRANCO,1,728.0,3.67,6.41,267.3,0.9,El Nino,57.8,16.4,20.5,90.4
FLOOD_01043,-23.52711,-46.74734,2019-12-09,2019,12,2.42,AV DAS NACOES UNIDAS,1,726.0,2.8,4.89,338.3,0.8,El Nino,3.6,5.2,20.3,78.2
NOFLOOD_00290,-23.448999,-46.656762,2019-03-12,2019,3,0.0,Ponto de Controle Pseudo-Ausencia SP,0,782.0,19.55,35.51,361.3,0.9,El Nino,10.0,18.8,22.6,79.9
FLOOD_01037,-23.5195,-46.67536,2019-12-09,2019,12,0.22,PC PASCOAL MARTINS,1,727.0,4.17,7.29,792.5,0.8,El Nino,3.6,5.2,20.3,78.2
NOFLOOD_00738,-23.461995,-46.70556,2019-02-13,2019,2,0.0,Ponto de Controle Pseudo-Ausencia SP,0,886.0,9.56,16.84,353.1,0.9,El Nino,5.3,2.0,19.8,85.8
FLOOD_00387,-23.536475,-46.588238,2019-02-21,2019,2,0.58,AV CELSO GARCIA,1,736.0,3.08,5.39,737.5,0.9,El Nino,27.5,13.6,22.1,83.6
NOFLOOD_00526,-23.73362,-46.574163,2019-04-25,2019,4,0.0,Ponto de Controle Pseudo-Ausencia SP,0,787.0,6.95,12.18,3610.3,0.8,El Nino,0.3,0.4,22.7,79.3
NOFLOOD_00575,-23.61688,-46.432482,2019-03-20,2019,3,0.0,Ponto de Controle Pseudo-Ausencia SP,0,867.0,14.76,26.34,274.4,0.9,El Nino,10.8,14.6,21.7,81.9
FLOOD_00440,-23.548047,-46.526176,2019-02-26,2019,2,10.43,AV ARICANDUVA,1,736.0,1.02,1.77,174.0,0.9,El Nino,52.9,14.0,20.8,86.1
FLOOD_00184,-23.513786,-46.653434,2019-01-30,2019,1,0.88,AV BRAZ LEME,1,728.0,1.91,3.33,502.7,1.0,El Nino,24.1,38.2,26.2,63.4
FLOOD_00313,-23.555116,-46.517183,2019-02-16,2019,2,4.92,AV ARICANDUVA,1,738.0,0.8,1.39,593.0,0.9,El Nino,57.8,16.4,20.5,90.4
FLOOD_00195,-23.54828,-46.60284,2019-02-04,2019,2,1.55,R BRESSER,1,744.0,1.8,3.14,107.9,0.9,El Nino,79.5,56.0,19.9,86.9
NOFLOOD_00045,-23.598766,-46.420556,2019-01-18,2019,1,0.0,Ponto de Controle Pseudo-Ausencia SP,0,857.0,7.1,12.46,429.1,1.0,El Nino,15.2,16.4,24.8,74.4
NOFLOOD_00586,-23.743485,-46.53169,2019-04-07,2019,4,0.0,Ponto de Controle Pseudo-Ausencia SP,0,829.0,2.97,5.18,8040.7,0.8,El Nino,3.6,2.2,23.1,83.1
FLOOD_01018,-23.555724,-46.577416,2019-11-27,2019,11,5.1,AV SALIM FARAH MALUF,1,746.0,6.01,10.53,138.8,0.7,El Nino,25.6,22.0,22.0,75.6
NOFLOOD_01059,-23.658284,-46.771882,2019-06-01,2019,6,0.0,Ponto de Controle Pseudo-Ausencia SP,0,769.0,5.13,8.98,310.6,0.6,El Nino,26.5,14.6,20.2,83.6
NOFLOOD_01052,-23.521356,-46.540112,2019-01-26,2019,1,0.0,Ponto de Controle Pseudo-Ausencia SP,0,778.0,10.57,18.67,401.3,1.0,El Nino,7.9,8.0,21.2,76.2
NOFLOOD_01034,-23.639221,-46.444392,2019-04-29,2019,4,0.0,Ponto de Controle Pseudo-Ausencia SP,0,862.0,7.87,13.81,212.6,0.8,El Nino,1.2,1.4,19.7,80.7
NOFLOOD_00065,-23.737375,-46.565234,2019-03-11,2019,3,0.0,Ponto de Controle Pseudo-Ausencia SP,0,804.0,2.54,4.43,4611.5,0.9,El Nino,56.6,22.0,20.6,87.4
NOFLOOD_00791,-23.593161,-46.565364,2019-03-17,2019,3,0.0,Ponto de Controle Pseudo-Ausencia SP,0,791.0,6.84,12.0,503.5,0.9,El Nino,18.8,18.4,22.4,84.9
FLOOD_00324,-23.517093,-46.625074,2019-02-16,2019,2,0.63,AV CRUZEIRO DO SUL,1,731.0,1.91,3.33,625.6,0.9,El Nino,57.8,16.4,20.5,90.4
NOFLOOD_00626,-23.678855,-46.483161,2019-02-07,2019,2,0.0,Ponto de Controle Pseudo-Ausencia SP,0,844.0,11.41,20.19,4545.5,0.9,El Nino,0.6,1.0,20.1,79.7
NOFLOOD_01063,-23.630849,-46.726739,2019-04-08,2019,4,0.0,Ponto de Controle Pseudo-Ausencia SP,0,768.0,10.22,18.03,341.4,0.8,El Nino,58.3,20.8,20.6,90.3
NOFLOOD_00025,-23.695508,-46.590037,2019-10-28,2019,10,0.0,Ponto de Controle Pseudo-Ausencia SP,0,772.0,5.74,10.05,3146.0,0.5,El Nino,21.3,12.0,24.7,60.2
FLOOD_00343,-23.58727,-46.66417,2019-02-20,2019,2,1.75,AV REPUBLICA DO LIBANO,1,746.0,2.45,4.27,968.5,0.9,El Nino,20.8,25.8,24.5,68.4
NOFLOOD_00863,-23.604947,-46.461617,2019-12-23,2019,12,0.0,Ponto de Controle Pseudo-Ausencia SP,0,806.0,6.92,12.14,431.7,0.8,El Nino,60.4,67.6,21.9,79.9
FLOOD_00635,-23.50847,-46.68954,2019-03-11,2019,3,0.08,MARGINAL TIETE,1,718.0,5.12,8.95,115.4,0.9,El Nino,56.6,22.0,20.6,87.4
FLOOD_00918,-23.543123,-46.627042,2019-09-02,2019,9,0.73,AV MERCURIO,1,735.0,1.12,1.95,261.5,0.3,Nao El Nino,18.5,5.8,16.1,88.0
NOFLOOD_00733,-23.573235,-46.527705,2019-02-26,2019,2,0.0,Ponto de Controle Pseudo-Ausencia SP,0,793.0,5.34,9.34,392.8,0.9,El Nino,52.9,14.0,20.8,86.1
NOFLOOD_00234,-23.570453,-46.496892,2019-04-28,2019,4,0.0,Ponto de Controle Pseudo-Ausencia SP,0,788.0,12.31,21.81,707.5,0.8,El Nino,24.4,10.2,23.2,69.4
FLOOD_00165,-23.540356,-46.62947,2019-01-30,2019,1,1.02,R DA CANTAREIRA,1,737.0,7.31,12.83,100.5,1.0,El Nino,24.1,38.2,26.2,63.4
FLOOD_00380,-23.586792,-46.653024,2019-02-21,2019,2,0.12,AV VINTE E TRES DE MAIO,1,766.0,7.77,13.65,484.3,0.9,El Nino,27.5,13.6,22.1,83.6
NOFLOOD_00579,-23.667888,-46.530331,2019-03-11,2019,3,0.0,Ponto de Controle Pseudo-Ausencia SP,0,789.0,6.97,12.22,5329.9,0.9,El Nino,56.6,22.0,20.6,87.4
NOFLOOD_00613,-23.598499,-46.491546,2019-04-11,2019,4,0.0,Ponto de Controle Pseudo-Ausencia SP,0,785.0,13.31,23.66,239.0,0.8,El Nino,0.2,0.2,20.3,80.9
FLOOD_00763,-23.608024,-46.544528,2019-04-08,2019,4,1.8,R COSTA BARROS,1,745.0,0.93,1.62,14.2,0.8,El Nino,58.3,20.8,20.6,90.3
NOFLOOD_00343,-23.719487,-46.51915,2019-02-07,2019,2,0.0,Ponto de Controle Pseudo-Ausencia SP,0,856.0,11.84,20.96,8876.1,0.9,El Nino,0.6,1.0,20.1,79.7
NOFLOOD_00565,-23.693904,-46.543259,2019-07-05,2019,7,0.0,Ponto de Controle Pseudo-Ausencia SP,0,805.0,8.89,15.65,7025.0,0.4,Nao El Nino,56.4,8.6,13.1,90.0
FLOOD_00369,-23.527338,-46.740361,2019-02-21,2019,2,3.1,AV MOFARREJ,1,724.0,3.77,6.59,489.4,0.9,El Nino,27.5,13.6,22.1,83.6
NOFLOOD_00567,-23.505497,-46.518933,2019-07-05,2019,7,0.0,Ponto de Controle Pseudo-Ausencia SP,0,790.0,8.09,14.21,705.4,0.4,Nao El Nino,56.4,8.6,13.1,90.0
FLOOD_01099,-23.555724,-46.577416,2019-12-11,2019,12,1.82,AV SALIM FARAH MALUF,1,746.0,6.01,10.53,138.8,0.8,El Nino,5.6,3.6,20.8,84.4
NOFLOOD_00786,-23.539288,-46.708459,2019-01-10,2019,1,0.0,Ponto de Controle Pseudo-Ausencia SP,0,797.0,12.17,21.56,345.5,1.0,El Nino,0.0,0.0,26.4,64.0
NOFLOOD_00424,-23.464454,-46.737741,2019-02-22,2019,2,0.0,Ponto de Controle Pseudo-Ausencia SP,0,801.0,16.85,30.29,378.6,0.9,El Nino,6.3,5.4,23.0,81.4
NOFLOOD_00659,-23.528789,-46.50151,2019-11-27,2019,11,0.0,Ponto de Controle Pseudo-Ausencia SP,0,790.0,5.13,8.97,264.8,0.7,El Nino,25.6,22.0,22.0,75.6
NOFLOOD_00840,-23.463755,-46.546212,2019-02-21,2019,2,0.0,Ponto de Controle Pseudo-Ausencia SP,0,795.0,5.71,10.0,1884.6,0.9,El Nino,27.5,13.6,22.1,83.6
FLOOD_00818,-23.54804,-46.5262,2019-05-19,2019,5,2.58,AV ARICANDUVA,1,736.0,1.02,1.77,176.4,0.7,El Nino,1.8,2.8,18.4,84.7
NOFLOOD_00934,-23.561809,-46.451246,2019-03-04,2019,3,0.0,Ponto de Controle Pseudo-Ausencia SP,0,806.0,3.11,5.44,384.1,0.9,El Nino,4.0,4.6,22.2,77.6
NOFLOOD_01151,-23.645558,-46.627439,2019-11-27,2019,11,0.0,Ponto de Controle Pseudo-Ausencia SP,0,796.0,10.26,18.11,299.2,0.7,El Nino,25.6,22.0,22.0,75.6
FLOOD_00393,-23.5525,-46.7416,2019-02-21,2019,2,0.48,AV JAGUARE,1,730.0,1.12,1.95,493.0,0.9,El Nino,27.5,13.6,22.1,83.6
NOFLOOD_00305,-23.720478,-46.573312,2019-06-01,2019,6,0.0,Ponto de Controle Pseudo-Ausencia SP,0,799.0,4.79,8.37,3352.5,0.6,El Nino,26.5,14.6,20.2,83.6
FLOOD_00537,-23.53667,-46.58931,2019-03-05,2019,3,2.17,AV CELSO GARCIA,1,737.0,5.92,10.37,778.8,0.9,El Nino,3.6,2.4,23.5,73.4
NOFLOOD_00105,-23.568372,-46.653348,2019-04-14,2019,4,0.0,Ponto de Controle Pseudo-Ausencia SP,0,825.0,3.49,6.09,989.5,0.8,El Nino,12.7,5.4,20.2,84.4
NOFLOOD_00605,-23.548252,-46.469473,2019-12-10,2019,12,0.0,Ponto de Controle Pseudo-Ausencia SP,0,786.0,3.72,6.49,598.6,0.8,El Nino,32.3,18.2,20.8,85.5
NOFLOOD_00845,-23.588322,-46.512019,2019-01-03,2019,1,0.0,Ponto de Controle Pseudo-Ausencia SP,0,799.0,7.75,13.61,595.9,1.0,El Nino,15.5,18.0,26.7,65.8
NOFLOOD_00057,-23.697465,-46.52754,2019-03-19,2019,3,0.0,Ponto de Controle Pseudo-Ausencia SP,0,806.0,11.9,21.08,8269.7,0.9,El Nino,18.6,18.0,24.8,75.3
FLOOD_00493,-23.547317,-46.638115,2019-03-02,2019,3,1.22,TN PAPA JOAO PAULO II,1,766.0,22.08,40.56,513.5,0.9,El Nino,18.7,20.6,22.1,83.4
FLOOD_00631,-23.51427,-46.66661,2019-03-11,2019,3,4.67,MARGINAL TIETE,1,726.0,4.85,8.49,90.8,0.9,El Nino,56.6,22.0,20.6,87.4
NOFLOOD_00002,-23.555542,-46.488605,2019-01-01,2019,1,0.0,Ponto de Controle Pseudo-Ausencia SP,0,792.0,7.09,12.44,287.8,1.0,El Nino,3.3,2.4,23.4,76.8
NOFLOOD_00483,-23.596202,-46.633655,2019-06-01,2019,6,0.0,Ponto de Controle Pseudo-Ausencia SP,0,813.0,4.23,7.4,836.3,0.6,El Nino,26.5,14.6,20.2,83.6
NOFLOOD_00426,-23.634292,-46.524129,2019-11-09,2019,11,0.0,Ponto de Controle Pseudo-Ausencia SP,0,771.0,8.72,15.33,1898.9,0.7,El Nino,1.5,1.6,21.3,84.2
FLOOD_00667,-23.52318,-46.65545,2019-03-11,2019,3,3.53,R DOS AMERICANOS,1,726.0,3.5,6.12,363.4,0.9,El Nino,56.6,22.0,20.6,87.4
FLOOD_00852,-23.481155,-46.674059,2019-07-04,2019,7,0.37,AV INAJAR DE SOUZA,1,738.0,1.65,2.88,424.8,0.4,Nao El Nino,65.9,10.4,16.5,89.9
NOFLOOD_01146,-23.471892,-46.695025,2019-09-02,2019,9,0.0,Ponto de Controle Pseudo-Ausencia SP,0,787.0,12.82,22.76,294.0,0.3,Nao El Nino,18.5,5.8,16.1,88.0
FLOOD_00365,-23.525813,-46.702129,2019-02-21,2019,2,0.48,R JEROAQUARA,1,738.0,0.93,1.62,14.9,0.9,El Nino,27.5,13.6,22.1,83.6
NOFLOOD_00967,-23.538054,-46.508026,2019-01-20,2019,1,0.0,Ponto de Controle Pseudo-Ausencia SP,0,783.0,6.21,10.87,387.8,1.0,El Nino,13.2,9.4,24.3,77.5
FLOOD_00983,-23.549089,-46.627557,2019-11-14,2019,11,2.47,AV DO ESTADO,1,725.0,2.23,3.89,67.9,0.7,El Nino,16.3,15.2,22.0,80.2
FLOOD_00729,-23.55936,-46.63913,2019-04-06,2019,4,1.65,AV VINTE E TRES DE MAIO,1,764.0,4.95,8.66,26.6,0.8,El Nino,3.1,3.8,24.1,78.2
FLOOD_01045,-23.55286,-46.72474,2019-12-09,2019,12,2.63,AV ENG BILLINGS,1,718.0,6.26,10.97,869.4,0.8,El Nino,3.6,5.2,20.3,78.2
NOFLOOD_00468,-23.735467,-46.469346,2019-02-24,2019,2,0.0,Ponto de Controle Pseudo-Ausencia SP,0,801.0,15.59,27.89,8416.3,0.9,El Nino,1.9,3.4,26.4,61.5
FLOOD_00379,-23.51548,-46.66923,2019-02-21,2019,2,0.43,AV PRES CASTELO BRANCO,1,728.0,3.67,6.41,267.3,0.9,El Nino,27.5,13.6,22.1,83.6
NOFLOOD_00397,-23.652507,-46.448603,2019-01-16,2019,1,0.0,Ponto de Controle Pseudo-Ausencia SP,0,787.0,14.41,25.7,1304.0,1.0,El Nino,5.4,8.4,25.5,69.2
FLOOD_00289,-23.519358,-46.674654,2019-02-15,2019,2,0.6,PC PASCOAL MARTINS,1,725.0,1.8,3.14,740.1,0.9,El Nino,20.9,13.8,19.9,84.7
FLOOD_00227,-23.52401,-46.63036,2019-02-04,2019,2,23.58,AV SANTOS DUMONT,1,727.0,2.23,3.9,560.2,0.9,El Nino,79.5,56.0,19.9,86.9
NOFLOOD_00158,-23.430763,-46.673749,2019-03-10,2019,3,0.0,Ponto de Controle Pseudo-Ausencia SP,0,980.0,18.8,34.04,305.1,0.9,El Nino,5.7,7.8,22.9,80.5
NOFLOOD_01047,-23.47217,-46.619708,2019-03-04,2019,3,0.0,Ponto de Controle Pseudo-Ausencia SP,0,810.0,4.21,7.36,387.1,0.9,El Nino,4.0,4.6,22.2,77.6
FLOOD_00199,-23.544436,-46.593349,2019-02-04,2019,2,0.3,AV ALCANTARA MACHADO,1,744.0,4.75,8.31,210.2,0.9,El Nino,79.5,56.0,19.9,86.9
FLOOD_00865,-23.59523,-46.43335,2019-07-04,2019,7,7.22,AV RAGUEB CHOHFI,1,782.0,2.8,4.89,100.0,0.4,Nao El Nino,65.9,10.4,16.5,89.9
FLOOD_00529,-23.514972,-46.519902,2019-03-03,2019,3,23.62,AV S MIGUEL,1,745.0,5.2,9.1,27.5,0.9,El Nino,22.9,27.8,21.6,83.6
NOFLOOD_00165,-23.596792,-46.527612,2019-11-14,2019,11,0.0,Ponto de Controle Pseudo-Ausencia SP,0,793.0,4.14,7.25,379.2,0.7,El Nino,16.3,15.2,22.0,80.2
NOFLOOD_00690,-23.459088,-46.765634,2019-11-14,2019,11,0.0,Ponto de Controle Pseudo-Ausencia SP,0,1013.0,37.38,76.4,298.7,0.7,El Nino,16.3,15.2,22.0,80.2
FLOOD_00179,-23.52068,-46.70156,2019-01-30,2019,1,0.75,R TRAJANO,1,734.0,3.57,6.23,230.3,1.0,El Nino,24.1,38.2,26.2,63.4
NOFLOOD_00184,-23.626481,-46.72505,2019-04-22,2019,4,0.0,Ponto de Controle Pseudo-Ausencia SP,0,776.0,6.36,11.15,318.6,0.8,El Nino,1.1,2.2,22.5,78.0
FLOOD_00023,-23.62689,-46.62927,2019-01-04,2019,1,0.52,AV PROF ABRAAO DE MORAIS,1,755.0,2.83,4.95,16.2,1.0,El Nino,26.7,18.4,23.4,79.6
FLOOD_01103,-23.549788,-46.639403,2019-12-14,2019,12,1.03,PC DA BANDEIRA,1,744.0,1.38,2.4,577.2,0.8,El Nino,25.4,26.0,21.7,82.2
NOFLOOD_00694,-23.579501,-46.644522,2019-02-20,2019,2,0.0,Ponto de Controle Pseudo-Ausencia SP,0,808.0,7.63,13.4,716.6,0.9,El Nino,20.8,25.8,24.5,68.4
NOFLOOD_00800,-23.493947,-46.597855,2019-12-10,2019,12,0.0,Ponto de Controle Pseudo-Ausencia SP,0,791.0,5.5,9.63,253.7,0.8,El Nino,32.3,18.2,20.8,85.5
NOFLOOD_00720,-23.723587,-46.766408,2019-03-20,2019,3,0.0,Ponto de Controle Pseudo-Ausencia SP,0,779.0,11.11,19.65,1548.0,0.9,El Nino,10.8,14.6,21.7,81.9
FLOOD_00332,-23.54164,-46.53537,2019-02-16,2019,2,0.7,AV ARICANDUVA,1,734.0,5.48,9.59,19.8,0.9,El Nino,57.8,16.4,20.5,90.4
FLOOD_00118,-23.549091,-46.640456,2019-01-24,2019,1,0.28,AV NOVE DE JULHO,1,759.0,2.46,4.3,696.8,1.0,El Nino,21.0,29.8,23.7,78.6
FLOOD_00629,-23.51696,-46.73591,2019-03-11,2019,3,4.78,MARGINAL TIETE,1,725.0,3.14,5.49,104.8,0.9,El Nino,56.6,22.0,20.6,87.4
NOFLOOD_00160,-23.70355,-46.43206,2019-11-22,2019,11,0.0,Ponto de Controle Pseudo-Ausencia SP,0,781.0,6.83,11.98,3435.2,0.7,El Nino,1.0,2.0,23.5,70.3
FLOOD_00434,-23.51947,-46.74871,2019-02-26,2019,2,6.07,R DA DESPEDIDA,1,725.0,1.73,3.01,605.9,0.9,El Nino,52.9,14.0,20.8,86.1
NOFLOOD_00365,-23.44668,-46.697284,2019-11-28,2019,11,0.0,Ponto de Controle Pseudo-Ausencia SP,0,819.0,18.31,33.09,299.7,0.7,El Nino,7.7,4.8,19.0,89.5
NOFLOOD_00449,-23.658601,-46.74967,2019-07-04,2019,7,0.0,Ponto de Controle Pseudo-Ausencia SP,0,797.0,12.83,22.77,562.1,0.4,Nao El Nino,65.9,10.4,16.5,89.9
FLOOD_00499,-23.606507,-46.696939,2019-03-02,2019,3,5.8,AV DAS NACOES UNIDAS,1,727.0,12.5,22.16,350.0,0.9,El Nino,18.7,20.6,22.1,83.4
FLOOD_01164,-23.51923,-46.67516,2019-12-31,2019,12,0.3,PC PASCOAL MARTINS,1,730.0,5.87,10.29,756.3,0.8,El Nino,0.1,0.2,23.7,69.7
FLOOD_00106,-23.594522,-46.693457,2019-01-22,2019,1,2.27,MARGINAL PINHEIROS,1,722.0,4.08,7.14,237.0,1.0,El Nino,15.2,20.4,24.9,78.2
NOFLOOD_00181,-23.518413,-46.472995,2019-11-14,2019,11,0.0,Ponto de Controle Pseudo-Ausencia SP,0,785.0,2.75,4.81,322.3,0.7,El Nino,16.3,15.2,22.0,80.2
FLOOD_00386,-23.567928,-46.606968,2019-02-21,2019,2,1.72,R PRES BATISTA PEREIRA,1,738.0,0.47,0.81,167.6,0.9,El Nino,27.5,13.6,22.1,83.6
NOFLOOD_00875,-23.587156,-46.701925,2019-11-15,2019,11,0.0,Ponto de Controle Pseudo-Ausencia SP,0,769.0,3.35,5.85,1071.3,0.7,El Nino,7.7,3.0,19.1,86.4
FLOOD_01008,-23.604544,-46.718912,2019-11-27,2019,11,0.33,PC ALFREDO GOMES,1,752.0,1.59,2.78,29.6,0.7,El Nino,25.6,22.0,22.0,75.6
FLOOD_00314,-23.586792,-46.653024,2019-02-16,2019,2,1.47,AV VINTE E TRES DE MAIO,1,766.0,7.77,13.65,484.3,0.9,El Nino,57.8,16.4,20.5,90.4
NOFLOOD_00540,-23.617432,-46.637515,2019-03-09,2019,3,0.0,Ponto de Controle Pseudo-Ausencia SP,0,814.0,3.49,6.1,576.9,0.9,El Nino,19.0,31.4,25.7,69.0
NOFLOOD_01009,-23.692399,-46.530998,2019-10-17,2019,10,0.0,Ponto de Controle Pseudo-Ausencia SP,0,773.0,4.88,8.54,7843.0,0.5,El Nino,0.1,0.2,21.7,76.4
NOFLOOD_00989,-23.439829,-46.603355,2019-04-09,2019,4,0.0,Ponto de Controle Pseudo-Ausencia SP,0,852.0,21.27,38.92,374.2,0.8,El Nino,20.7,7.8,19.2,91.1
FLOOD_00016,-23.61849,-46.69883,2019-01-04,2019,1,1.0,MARGINAL PINHEIROS,1,727.0,1.73,3.01,269.4,1.0,El Nino,26.7,18.4,23.4,79.6
NOFLOOD_01091,-23.709148,-46.563355,2019-09-05,2019,9,0.0,Ponto de Controle Pseudo-Ausencia SP,0,775.0,12.55,22.26,4521.1,0.3,Nao El Nino,1.0,0.6,13.6,90.1
FLOOD_01117,-23.555771,-46.649496,2019-12-17,2019,12,0.9,R MANOEL DUTRA,1,764.0,1.03,1.8,28.9,0.8,El Nino,5.1,4.4,23.5,70.5
NOFLOOD_00918,-23.595469,-46.61599,2019-11-27,2019,11,0.0,Ponto de Controle Pseudo-Ausencia SP,0,786.0,10.27,18.12,451.1,0.7,El Nino,25.6,22.0,22.0,75.6
FLOOD_00689,-23.509401,-46.665898,2019-03-12,2019,3,0.12,AV ORDEM E PROGRESSO,1,732.0,2.46,4.3,483.6,0.9,El Nino,10.0,18.8,22.6,79.9
FLOOD_00739,-23.52638,-46.68226,2019-04-06,2019,4,0.65,AV POMPEIA,1,733.0,2.75,4.81,586.7,0.8,El Nino,3.1,3.8,24.1,78.2
FLOOD_01163,-23.51561,-46.65383,2019-12-31,2019,12,0.98,MARGINAL TIETE,1,730.0,7.41,13.01,405.3,0.8,El Nino,0.1,0.2,23.7,69.7
FLOOD_00834,-23.543123,-46.627042,2019-06-03,2019,6,0.2,AV MERCURIO,1,735.0,1.12,1.95,261.5,0.6,El Nino,12.4,4.2,17.3,87.4
FLOOD_00383,-23.533575,-46.624845,2019-02-21,2019,2,3.25,AV DO ESTADO,1,726.0,3.11,5.44,940.5,0.9,El Nino,27.5,13.6,22.1,83.6
NOFLOOD_00266,-23.736406,-46.469039,2019-01-16,2019,1,0.0,Ponto de Controle Pseudo-Ausencia SP,0,809.0,16.29,29.22,8481.3,1.0,El Nino,5.4,8.4,25.5,69.2
FLOOD_00506,-23.51548,-46.66923,2019-03-02,2019,3,1.13,AV PRES CASTELO BRANCO,1,728.0,3.67,6.41,267.3,0.9,El Nino,18.7,20.6,22.1,83.4
FLOOD_00606,-23.528747,-46.58818,2019-03-10,2019,3,10.18,MARGINAL TIETE,1,731.0,3.9,6.82,56.8,0.9,El Nino,5.7,7.8,22.9,80.5
FLOOD_00460,-23.522975,-46.558262,2019-02-26,2019,2,0.07,MARGINAL TIETE,1,729.0,2.56,4.48,179.2,0.9,El Nino,52.9,14.0,20.8,86.1
NOFLOOD_00854,-23.546408,-46.561982,2019-11-05,2019,11,0.0,Ponto de Controle Pseudo-Ausencia SP,0,771.0,5.03,8.81,1557.1,0.7,El Nino,17.9,12.4,24.2,71.0
NOFLOOD_00709,-23.466512,-46.678024,2019-06-03,2019,6,0.0,Ponto de Controle Pseudo-Ausencia SP,0,772.0,5.18,9.07,517.3,0.6,El Nino,12.4,4.2,17.3,87.4
NOFLOOD_00822,-23.710222,-46.50266,2019-12-13,2019,12,0.0,Ponto de Controle Pseudo-Ausencia SP,0,792.0,6.17,10.81,8549.7,0.8,El Nino,25.1,20.2,22.5,81.1
NOFLOOD_00295,-23.454399,-46.637968,2019-03-11,2019,3,0.0,Ponto de Controle Pseudo-Ausencia SP,0,842.0,10.99,19.41,328.3,0.9,El Nino,56.6,22.0,20.6,87.4
NOFLOOD_00643,-23.520278,-46.530543,2019-01-10,2019,1,0.0,Ponto de Controle Pseudo-Ausencia SP,0,772.0,5.87,10.28,278.4,1.0,El Nino,0.0,0.0,26.4,64.0
FLOOD_00167,-23.47269,-46.5715,2019-01-30,2019,1,1.02,AV EDU CHAVES,1,738.0,1.91,3.33,591.6,1.0,El Nino,24.1,38.2,26.2,63.4
NOFLOOD_00862,-23.565959,-46.594194,2019-11-09,2019,11,0.0,Ponto de Controle Pseudo-Ausencia SP,0,806.0,4.82,8.43,388.1,0.7,El Nino,1.5,1.6,21.3,84.2
FLOOD_00475,-23.516721,-46.65397,2019-02-28,2019,2,3.32,MARGINAL TIETE,1,725.0,4.06,7.09,379.8,0.9,El Nino,27.9,14.2,20.5,90.2
NOFLOOD_00622,-23.632804,-46.551882,2019-03-03,2019,3,0.0,Ponto de Controle Pseudo-Ausencia SP,0,784.0,6.83,11.97,2832.1,0.9,El Nino,22.9,27.8,21.6,83.6
NOFLOOD_00748,-23.501775,-46.648572,2019-03-28,2019,3,0.0,Ponto de Controle Pseudo-Ausencia SP,0,784.0,6.57,11.52,658.1,0.9,El Nino,2.4,1.8,20.4,81.2
FLOOD_00669,-23.53705,-46.64988,2019-03-11,2019,3,5.65,AV S JOAO,1,750.0,7.87,13.82,836.3,0.9,El Nino,56.6,22.0,20.6,87.4
NOFLOOD_01134,-23.646594,-46.630847,2019-02-25,2019,2,0.0,Ponto de Controle Pseudo-Ausencia SP,0,777.0,6.11,10.7,653.9,0.9,El Nino,6.6,13.2,26.0,63.1
NOFLOOD_00761,-23.69492,-46.742917,2019-01-13,2019,1,0.0,Ponto de Controle Pseudo-Ausencia SP,0,770.0,4.75,8.31,482.3,1.0,El Nino,8.3,16.4,24.1,73.3
FLOOD_00146,-23.52671,-46.55527,2019-01-25,2019,1,0.63,AV AIRTON PRETINI,1,729.0,1.39,2.43,326.8,1.0,El Nino,24.6,15.4,21.9,81.9
FLOOD_00750,-23.514373,-46.691085,2019-04-07,2019,4,0.12,PC DR PEDRO CORAZZA,1,728.0,2.32,4.06,81.2,0.8,El Nino,3.6,2.2,23.1,83.1
FLOOD_00941,-23.51548,-46.66923,2019-11-05,2019,11,0.6,AV PRES CASTELO BRANCO,1,728.0,3.67,6.41,267.3,0.7,El Nino,17.9,12.4,24.2,71.0
FLOOD_00223,-23.629153,-46.629691,2019-02-04,2019,2,7.15,VD MIN ALIOMAR BALEEIRO,1,762.0,3.03,5.29,212.4,0.9,El Nino,79.5,56.0,19.9,86.9
FLOOD_00608,-23.566149,-46.50047,2019-03-10,2019,3,0.65,AV ARICANDUVA,1,769.0,3.87,6.76,739.7,0.9,El Nino,5.7,7.8,22.9,80.5
FLOOD_00773,-23.58815,-46.69056,2019-04-09,2019,4,4.15,AV DAS NACOES UNIDAS,1,723.0,2.23,3.9,281.1,0.8,El Nino,20.7,7.8,19.2,91.1
FLOOD_00217,-23.528865,-46.4572,2019-02-04,2019,2,3.12,AV JACU PESSEGO,1,743.0,2.85,4.98,7.6,0.9,El Nino,79.5,56.0,19.9,86.9
NOFLOOD_00637,-23.583715,-46.530048,2019-03-07,2019,3,0.0,Ponto de Controle Pseudo-Ausencia SP,0,796.0,4.37,7.63,487.9,0.9,El Nino,20.0,15.8,22.9,80.6
FLOOD_00619,-23.51548,-46.66923,2019-03-10,2019,3,6.68,AV PRES CASTELO BRANCO,1,728.0,3.67,6.41,267.3,0.9,El Nino,5.7,7.8,22.9,80.5
NOFLOOD_00847,-23.740276,-46.580222,2019-02-28,2019,2,0.0,Ponto de Controle Pseudo-Ausencia SP,0,786.0,6.35,11.13,3492.6,0.9,El Nino,27.9,14.2,20.5,90.2
NOFLOOD_00127,-23.65977,-46.479499,2019-04-22,2019,4,0.0,Ponto de Controle Pseudo-Ausencia SP,0,770.0,3.85,6.73,2637.7,0.8,El Nino,1.1,2.2,22.5,78.0
FLOOD_00675,-23.515651,-46.650224,2019-03-11,2019,3,1.07,AV OLAVO FONTOURA,1,727.0,2.67,4.66,181.2,0.9,El Nino,56.6,22.0,20.6,87.4
NOFLOOD_00619,-23.732089,-46.699749,2019-04-14,2019,4,0.0,Ponto de Controle Pseudo-Ausencia SP,0,786.0,9.95,17.53,416.4,0.8,El Nino,12.7,5.4,20.2,84.4
NOFLOOD_00117,-23.674455,-46.537253,2019-09-02,2019,9,0.0,Ponto de Controle Pseudo-Ausencia SP,0,795.0,7.18,12.59,6313.2,0.3,Nao El Nino,18.5,5.8,16.1,88.0
NOFLOOD_00952,-23.585608,-46.516871,2019-12-05,2019,12,0.0,Ponto de Controle Pseudo-Ausencia SP,0,772.0,8.13,14.28,809.6,0.8,El Nino,14.2,22.6,23.1,80.1
FLOOD_01080,-23.50899,-46.71757,2019-12-10,2019,12,1.23,AV EMB MACEDO SOARES,1,731.0,5.06,8.86,355.8,0.8,El Nino,32.3,18.2,20.8,85.5
FLOOD_01078,-23.50392,-46.68472,2019-12-10,2019,12,1.02,AV ANTONIO MUNHOZ BONILHA,1,726.0,7.13,12.51,525.0,0.8,El Nino,32.3,18.2,20.8,85.5
FLOOD_01158,-23.72117,-46.69665,2019-12-23,2019,12,0.97,VEL PRES JOAO GOULART,1,769.0,10.59,18.69,637.0,0.8,El Nino,60.4,67.6,21.9,79.9
NOFLOOD_00596,-23.609422,-46.738276,2019-12-17,2019,12,0.0,Ponto de Controle Pseudo-Ausencia SP,0,783.0,3.23,5.64,319.5,0.8,El Nino,5.1,4.4,23.5,70.5
NOFLOOD_00311,-23.440275,-46.473618,2019-04-16,2019,4,0.0,Ponto de Controle Pseudo-Ausencia SP,0,783.0,6.74,11.82,4113.4,0.8,El Nino,4.3,8.2,22.7,77.6
FLOOD_01150,-23.4076,-46.73502,2019-12-23,2019,12,2.85,AV RAIMUNDO PEREIRA DE MAGALHAES,1,765.0,5.83,10.2,29.5,0.8,El Nino,60.4,67.6,21.9,79.9
NOFLOOD_00879,-23.651514,-46.448662,2019-01-10,2019,1,0.0,Ponto de Controle Pseudo-Ausencia SP,0,831.0,22.9,42.24,1201.9,1.0,El Nino,0.0,0.0,26.4,64.0
FLOOD_00523,-23.62081,-46.6278,2019-03-03,2019,3,1.37,AV PROF ABRAAO DE MORAIS,1,757.0,4.08,7.14,257.0,0.9,El Nino,22.9,27.8,21.6,83.6
FLOOD_00180,-23.525813,-46.702129,2019-01-30,2019,1,1.8,R CORIOLANO,1,738.0,0.93,1.62,14.9,1.0,El Nino,24.1,38.2,26.2,63.4
NOFLOOD_00118,-23.556249,-46.772532,2019-12-17,2019,12,0.0,Ponto de Controle Pseudo-Ausencia SP,0,776.0,8.09,14.21,1101.4,0.8,El Nino,5.1,4.4,23.5,70.5
FLOOD_00478,-23.52377,-46.7019,2019-03-02,2019,3,0.95,R JEROAQUARA,1,737.0,3.44,6.01,230.8,0.9,El Nino,18.7,20.6,22.1,83.4
NOFLOOD_01068,-23.639312,-46.444065,2019-09-05,2019,9,0.0,Ponto de Controle Pseudo-Ausencia SP,0,869.0,7.62,13.38,207.6,0.3,Nao El Nino,1.0,0.6,13.6,90.1
FLOOD_00580,-23.51548,-46.66923,2019-03-09,2019,3,0.0,AV PRES CASTELO BRANCO,1,728.0,3.67,6.41,267.3,0.9,El Nino,19.0,31.4,25.7,69.0
NOFLOOD_00608,-23.729099,-46.54421,2019-01-02,2019,1,0.0,Ponto de Controle Pseudo-Ausencia SP,0,777.0,9.43,16.61,6405.0,1.0,El Nino,22.2,41.2,25.4,74.2
NOFLOOD_01007,-23.643875,-46.432711,2019-02-16,2019,2,0.0,Ponto de Controle Pseudo-Ausencia SP,0,871.0,15.51,27.75,641.1,0.9,El Nino,57.8,16.4,20.5,90.4
NOFLOOD_00134,-23.462592,-46.430816,2019-01-14,2019,1,0.0,Ponto de Controle Pseudo-Ausencia SP,0,790.0,10.91,19.27,1508.4,1.0,El Nino,11.1,21.2,24.4,73.6
FLOOD_00367,-23.564218,-46.677964,2019-02-21,2019,2,1.42,AV REBOUCAS,1,747.0,4.88,8.53,581.9,0.9,El Nino,27.5,13.6,22.1,83.6
FLOOD_00540,-23.53993,-46.63074,2019-03-05,2019,3,2.87,AV SEN QUEIROS,1,741.0,1.93,3.37,51.3,0.9,El Nino,3.6,2.4,23.5,73.4
NOFLOOD_00752,-23.442491,-46.687223,2019-01-03,2019,1,0.0,Ponto de Controle Pseudo-Ausencia SP,0,884.0,20.0,36.4,244.8,1.0,El Nino,15.5,18.0,26.7,65.8
NOFLOOD_00224,-23.449533,-46.485987,2019-03-11,2019,3,0.0,Ponto de Controle Pseudo-Ausencia SP,0,776.0,7.21,12.64,3057.7,0.9,El Nino,56.6,22.0,20.6,87.4
NOFLOOD_00853,-23.436961,-46.737381,2019-03-06,2019,3,0.0,Ponto de Controle Pseudo-Ausencia SP,0,834.0,10.3,18.18,407.2,0.9,El Nino,29.9,44.0,23.3,76.7
NOFLOOD_00898,-23.425406,-46.554456,2019-01-30,2019,1,0.0,Ponto de Controle Pseudo-Ausencia SP,0,817.0,15.08,26.94,1035.3,1.0,El Nino,24.1,38.2,26.2,63.4
FLOOD_00695,-23.65387,-46.720622,2019-03-14,2019,3,0.15,AV DAS NACOES UNIDAS,1,730.0,0.0,0.0,763.5,0.9,El Nino,3.3,4.6,24.1,72.8
FLOOD_01066,-23.61948,-46.68252,2019-12-10,2019,12,1.3,AV SANTO AMARO,1,738.0,1.29,2.25,22.2,0.8,El Nino,32.3,18.2,20.8,85.5
FLOOD_00734,-23.55536,-46.51736,2019-04-06,2019,4,0.38,AV ARICANDUVA,1,738.0,0.69,1.2,595.2,0.8,El Nino,3.1,3.8,24.1,78.2
FLOOD_00168,-23.48716,-46.60822,2019-01-30,2019,1,1.2,R MANUEL TAVEIRA,1,747.0,1.48,2.59,98.4,1.0,El Nino,24.1,38.2,26.2,63.4
FLOOD_00541,-23.52335,-46.56517,2019-03-05,2019,3,0.37,AV MORVAN DIAS DE FIGUEIREDO,1,725.0,1.39,2.44,461.1,0.9,El Nino,3.6,2.4,23.5,73.4
NOFLOOD_00354,-23.480061,-46.762535,2019-01-01,2019,1,0.0,Ponto de Controle Pseudo-Ausencia SP,0,792.0,10.86,19.18,356.7,1.0,El Nino,3.3,2.4,23.4,76.8
NOFLOOD_00451,-23.470196,-46.542974,2019-03-04,2019,3,0.0,Ponto de Controle Pseudo-Ausencia SP,0,787.0,3.1,5.41,1937.8,0.9,El Nino,4.0,4.6,22.2,77.6
NOFLOOD_00074,-23.483834,-46.726953,2019-01-08,2019,1,0.0,Ponto de Controle Pseudo-Ausencia SP,0,782.0,12.59,22.33,323.2,1.0,El Nino,0.4,0.6,26.6,60.3
NOFLOOD_00395,-23.525747,-46.531443,2019-01-26,2019,1,0.0,Ponto de Controle Pseudo-Ausencia SP,0,765.0,8.76,15.42,330.3,1.0,El Nino,7.9,8.0,21.2,76.2
NOFLOOD_00901,-23.600871,-46.437738,2019-02-16,2019,2,0.0,Ponto de Controle Pseudo-Ausencia SP,0,822.0,11.02,19.47,216.6,0.9,El Nino,57.8,16.4,20.5,90.4
FLOOD_01038,-23.50392,-46.68472,2019-12-09,2019,12,0.2,AV ANTONIO MUNHOZ BONILHA,1,726.0,7.13,12.51,525.0,0.8,El Nino,3.6,5.2,20.3,78.2
FLOOD_00021,-23.540356,-46.62947,2019-01-04,2019,1,0.3,R DA CANTAREIRA,1,737.0,7.31,12.83,100.5,1.0,El Nino,26.7,18.4,23.4,79.6
FLOOD_00186,-23.515237,-46.666753,2019-01-30,2019,1,0.75,MARGINAL TIETE,1,721.0,6.96,12.21,46.9,1.0,El Nino,24.1,38.2,26.2,63.4
NOFLOOD_00286,-23.437092,-46.740438,2019-01-03,2019,1,0.0,Ponto de Controle Pseudo-Ausencia SP,0,836.0,4.23,7.4,603.8,1.0,El Nino,15.5,18.0,26.7,65.8
NOFLOOD_00763,-23.533905,-46.46123,2019-03-05,2019,3,0.0,Ponto de Controle Pseudo-Ausencia SP,0,772.0,10.63,18.77,225.7,0.9,El Nino,3.6,2.4,23.5,73.4
FLOOD_00961,-23.61271,-46.627615,2019-11-05,2019,11,0.68,AV PROF ABRAAO DE MORAIS,1,751.0,1.39,2.44,37.3,0.7,El Nino,17.9,12.4,24.2,71.0
NOFLOOD_00198,-23.724046,-46.466611,2019-12-13,2019,12,0.0,Ponto de Controle Pseudo-Ausencia SP,0,795.0,16.11,28.88,7255.3,0.8,El Nino,25.1,20.2,22.5,81.1
FLOOD_00213,-23.538612,-46.486065,2019-02-04,2019,2,11.57,R DR LUIZ AYRES,1,787.0,3.98,6.95,371.5,0.9,El Nino,79.5,56.0,19.9,86.9
FLOOD_00240,-23.58815,-46.69056,2019-02-06,2019,2,6.02,AV DAS NACOES UNIDAS,1,723.0,2.23,3.9,281.1,0.9,El Nino,50.5,13.4,17.8,87.6
FLOOD_00390,-23.573307,-46.693056,2019-02-21,2019,2,0.7,R MANDURI,1,731.0,0.8,1.39,724.1,0.9,El Nino,27.5,13.6,22.1,83.6
FLOOD_00299,-23.51793,-46.651626,2019-02-16,2019,2,0.05,AV PRES CASTELO BRANCO,1,725.0,3.08,5.38,145.8,0.9,El Nino,57.8,16.4,20.5,90.4
FLOOD_01049,-23.564218,-46.677964,2019-12-10,2019,12,0.33,R HENRIQUE SCHAUMANN,1,747.0,4.88,8.53,581.9,0.8,El Nino,32.3,18.2,20.8,85.5
NOFLOOD_00568,-23.664015,-46.674142,2019-01-22,2019,1,0.0,Ponto de Controle Pseudo-Ausencia SP,0,766.0,5.09,8.9,586.3,1.0,El Nino,15.2,20.4,24.9,78.2
NOFLOOD_00405,-23.56525,-46.434953,2019-02-21,2019,2,0.0,Ponto de Controle Pseudo-Ausencia SP,0,812.0,3.28,5.72,659.6,0.9,El Nino,27.5,13.6,22.1,83.6
FLOOD_00869,-23.5366,-46.64249,2019-07-04,2019,7,0.18,AV RIO BRANCO,1,750.0,4.45,7.78,359.3,0.4,Nao El Nino,65.9,10.4,16.5,89.9
NOFLOOD_00463,-23.502574,-46.465554,2019-12-10,2019,12,0.0,Ponto de Controle Pseudo-Ausencia SP,0,770.0,4.12,7.21,498.8,0.8,El Nino,32.3,18.2,20.8,85.5
NOFLOOD_00159,-23.484603,-46.611401,2019-01-14,2019,1,0.0,Ponto de Controle Pseudo-Ausencia SP,0,776.0,7.92,13.91,222.9,1.0,El Nino,11.1,21.2,24.4,73.6
FLOOD_00545,-23.572483,-46.704846,2019-03-06,2019,3,3.58,AV VITAL BRASIL,1,732.0,3.83,6.69,873.8,0.9,El Nino,29.9,44.0,23.3,76.7
NOFLOOD_00755,-23.6947,-46.489222,2019-03-10,2019,3,0.0,Ponto de Controle Pseudo-Ausencia SP,0,853.0,11.58,20.5,6383.0,0.9,El Nino,5.7,7.8,22.9,80.5
FLOOD_00042,-23.59558,-46.59758,2019-01-08,2019,1,0.43,R DAS JUNTAS PROVISORIAS,1,735.0,2.7,4.72,12.2,1.0,El Nino,0.4,0.6,26.6,60.3
FLOOD_00351,-23.58495,-46.56514,2019-02-20,2019,2,1.32,AV JACINTO MENEZES PALHARES,1,748.0,1.8,3.14,394.0,0.9,El Nino,20.8,25.8,24.5,68.4
NOFLOOD_00711,-23.714828,-46.626614,2019-09-03,2019,9,0.0,Ponto de Controle Pseudo-Ausencia SP,0,765.0,12.8,22.73,614.7,0.3,Nao El Nino,12.4,7.4,16.9,89.3
NOFLOOD_00349,-23.734914,-46.468929,2019-12-11,2019,12,0.0,Ponto de Controle Pseudo-Ausencia SP,0,812.0,18.91,34.26,8341.7,0.8,El Nino,5.6,3.6,20.8,84.4
FLOOD_01017,-23.53407,-46.746107,2019-11-27,2019,11,5.67,AV DAS NACOES UNIDAS,1,724.0,5.44,9.53,452.4,0.7,El Nino,25.6,22.0,22.0,75.6
NOFLOOD_00682,-23.739706,-46.570519,2019-03-28,2019,3,0.0,Ponto de Controle Pseudo-Ausencia SP,0,798.0,4.82,8.43,4258.2,0.9,El Nino,2.4,1.8,20.4,81.2
FLOOD_00964,-23.556542,-46.516562,2019-11-05,2019,11,0.17,AV ARICANDUVA,1,739.0,3.44,6.01,460.4,0.7,El Nino,17.9,12.4,24.2,71.0
NOFLOOD_01139,-23.700344,-46.53329,2019-03-04,2019,3,0.0,Ponto de Controle Pseudo-Ausencia SP,0,803.0,4.18,7.31,7737.2,0.9,El Nino,4.0,4.6,22.2,77.6
NOFLOOD_00023,-23.72401,-46.516513,2019-01-13,2019,1,0.0,Ponto de Controle Pseudo-Ausencia SP,0,868.0,26.94,50.82,9157.3,1.0,El Nino,8.3,16.4,24.1,73.3
FLOOD_00117,-23.55033,-46.63824,2019-01-24,2019,1,0.47,PC DA BANDEIRA,1,758.0,17.01,30.59,477.4,1.0,El Nino,21.0,29.8,23.7,78.6
FLOOD_00597,-23.61742,-46.6277,2019-03-10,2019,3,8.53,AV PROF ABRAAO DE MORAIS,1,753.0,3.11,5.44,148.6,0.9,El Nino,5.7,7.8,22.9,80.5
NOFLOOD_00508,-23.742769,-46.568821,2019-01-25,2019,1,0.0,Ponto de Controle Pseudo-Ausencia SP,0,806.0,11.6,20.53,4587.1,1.0,El Nino,24.6,15.4,21.9,81.9
FLOOD_00738,-23.5904,-46.69125,2019-04-06,2019,4,2.27,AV DAS NACOES UNIDAS,1,726.0,2.7,4.72,272.1,0.8,El Nino,3.1,3.8,24.1,78.2
NOFLOOD_00548,-23.728346,-46.524555,2019-03-28,2019,3,0.0,Ponto de Controle Pseudo-Ausencia SP,0,866.0,21.86,40.12,8379.5,0.9,El Nino,2.4,1.8,20.4,81.2
FLOOD_00775,-23.538101,-46.598964,2019-04-09,2019,4,1.02,AV CELSO GARCIA,1,744.0,1.39,2.44,1115.7,0.8,El Nino,20.7,7.8,19.2,91.1
FLOOD_01159,-23.51839,-46.73991,2019-12-23,2019,12,1.38,AV DR GASTAO VIDIGAL,1,726.0,8.78,15.45,196.2,0.8,El Nino,60.4,67.6,21.9,79.9
FLOOD_00882,-23.543123,-46.627042,2019-07-04,2019,7,8.47,AV MERCURIO,1,735.0,1.12,1.95,261.5,0.4,Nao El Nino,65.9,10.4,16.5,89.9
FLOOD_00846,-23.481155,-46.674059,2019-06-03,2019,6,0.52,AV INAJAR DE SOUZA,1,738.0,1.65,2.88,424.8,0.6,El Nino,12.4,4.2,17.3,87.4
NOFLOOD_00601,-23.48702,-46.7393,2019-11-30,2019,11,0.0,Ponto de Controle Pseudo-Ausencia SP,0,789.0,7.67,13.46,482.5,0.7,El Nino,0.5,0.6,21.4,78.2
FLOOD_00533,-23.58815,-46.69056,2019-03-05,2019,3,0.32,AV DAS NACOES UNIDAS,1,723.0,2.23,3.9,281.1,0.9,El Nino,3.6,2.4,23.5,73.4
NOFLOOD_00399,-23.635052,-46.656496,2019-12-31,2019,12,0.0,Ponto de Controle Pseudo-Ausencia SP,0,777.0,11.08,19.59,337.4,0.8,El Nino,0.1,0.2,23.7,69.7
NOFLOOD_01124,-23.422658,-46.631705,2019-01-11,2019,1,0.0,Ponto de Controle Pseudo-Ausencia SP,0,1072.0,15.25,27.27,689.7,1.0,El Nino,15.2,23.4,24.4,68.9
NOFLOOD_00014,-23.557087,-46.456784,2019-03-28,2019,3,0.0,Ponto de Controle Pseudo-Ausencia SP,0,804.0,7.3,12.82,426.6,0.9,El Nino,2.4,1.8,20.4,81.2
FLOOD_01090,-23.51923,-46.67516,2019-12-11,2019,12,0.38,AV MARQ DE SAO VICENTE,1,730.0,5.87,10.29,756.3,0.8,El Nino,5.6,3.6,20.8,84.4
FLOOD_00780,-23.542751,-46.647754,2019-04-11,2019,4,0.47,R AMARAL GURGEL,1,756.0,3.35,5.85,646.8,0.8,El Nino,0.2,0.2,20.3,80.9
FLOOD_00832,-23.543318,-46.645506,2019-06-03,2019,6,0.18,R BENTO FREITAS,1,767.0,4.79,8.37,508.4,0.6,El Nino,12.4,4.2,17.3,87.4
NOFLOOD_01147,-23.507621,-46.444143,2019-05-05,2019,5,0.0,Ponto de Controle Pseudo-Ausencia SP,0,771.0,4.08,7.14,705.3,0.7,El Nino,2.3,3.0,22.4,76.4
FLOOD_00485,-23.5366,-46.64249,2019-03-02,2019,3,0.17,AV RIO BRANCO,1,750.0,4.45,7.78,359.3,0.9,El Nino,18.7,20.6,22.1,83.4
NOFLOOD_00859,-23.61993,-46.44191,2019-09-02,2019,9,0.0,Ponto de Controle Pseudo-Ausencia SP,0,841.0,4.77,8.34,296.9,0.3,Nao El Nino,18.5,5.8,16.1,88.0
NOFLOOD_00693,-23.556066,-46.456638,2019-01-14,2019,1,0.0,Ponto de Controle Pseudo-Ausencia SP,0,802.0,6.86,12.03,344.8,1.0,El Nino,11.1,21.2,24.4,73.6
NOFLOOD_00617,-23.566147,-46.779939,2019-01-17,2019,1,0.0,Ponto de Controle Pseudo-Ausencia SP,0,769.0,3.87,6.76,681.3,1.0,El Nino,6.5,7.8,24.9,66.0
NOFLOOD_00988,-23.737514,-46.639426,2019-01-26,2019,1,0.0,Ponto de Controle Pseudo-Ausencia SP,0,792.0,8.37,14.72,1095.2,1.0,El Nino,7.9,8.0,21.2,76.2
FLOOD_00057,-23.519022,-46.63012,2019-01-11,2019,1,0.08,MARGINAL TIETE,1,728.0,4.59,8.02,75.3,1.0,El Nino,15.2,23.4,24.4,68.9
FLOOD_00480,-23.586792,-46.653024,2019-03-02,2019,3,0.43,AV VINTE E TRES DE MAIO,1,766.0,7.77,13.65,484.3,0.9,El Nino,18.7,20.6,22.1,83.4
FLOOD_00696,-23.63896,-46.72237,2019-03-14,2019,3,0.32,AV DAS NACOES UNIDAS,1,729.0,4.95,8.66,563.1,0.9,El Nino,3.3,4.6,24.1,72.8
NOFLOOD_00342,-23.723907,-46.618077,2019-03-17,2019,3,0.0,Ponto de Controle Pseudo-Ausencia SP,0,777.0,8.69,15.29,923.6,0.9,El Nino,18.8,18.4,22.4,84.9
NOFLOOD_01142,-23.422873,-46.628073,2019-01-06,2019,1,0.0,Ponto de Controle Pseudo-Ausencia SP,0,1091.0,19.89,36.18,364.7,1.0,El Nino,24.0,14.6,23.2,80.8
FLOOD_00611,-23.625922,-46.688877,2019-03-10,2019,3,2.45,AV ROQUE PETRONI JUNIOR,1,731.0,3.02,5.28,163.4,0.9,El Nino,5.7,7.8,22.9,80.5
FLOOD_01065,-23.53758,-46.64177,2019-12-10,2019,12,0.17,AV RIO BRANCO,1,752.0,7.07,12.41,254.9,0.8,El Nino,32.3,18.2,20.8,85.5
NOFLOOD_00591,-23.42887,-46.651148,2019-04-06,2019,4,0.0,Ponto de Controle Pseudo-Ausencia SP,0,1072.0,9.0,15.83,299.9,0.8,El Nino,3.1,3.8,24.1,78.2
NOFLOOD_00477,-23.671405,-46.60287,2019-01-11,2019,1,0.0,Ponto de Controle Pseudo-Ausencia SP,0,787.0,5.71,10.0,1893.2,1.0,El Nino,15.2,23.4,24.4,68.9
FLOOD_00203,-23.527593,-46.596891,2019-02-04,2019,2,6.63,MARGINAL TIETE,1,721.0,2.75,4.81,884.1,0.9,El Nino,79.5,56.0,19.9,86.9
FLOOD_00691,-23.60223,-46.698155,2019-03-12,2019,3,23.2,AV MAGALHAES DE CASTRO,1,733.0,6.77,11.87,486.5,0.9,El Nino,10.0,18.8,22.6,79.9
FLOOD_01072,-23.549419,-46.632772,2019-12-10,2019,12,1.08,R VENCESLAU BRAS,1,766.0,1.73,3.01,481.4,0.8,El Nino,32.3,18.2,20.8,85.5
FLOOD_00812,-23.51951,-46.67414,2019-05-05,2019,5,0.67,PC PASCOAL MARTINS,1,727.0,1.45,2.53,729.5,0.7,El Nino,2.3,3.0,22.4,76.4
NOFLOOD_00729,-23.675322,-46.433299,2019-04-14,2019,4,0.0,Ponto de Controle Pseudo-Ausencia SP,0,827.0,7.01,12.3,1024.1,0.8,El Nino,12.7,5.4,20.2,84.4
FLOOD_00364,-23.54955,-46.7385,2019-02-21,2019,2,1.48,AV TORRES DE OLIVEIRA,1,727.0,2.45,4.27,582.3,0.9,El Nino,27.5,13.6,22.1,83.6
FLOOD_00936,-23.57948,-46.710538,2019-11-05,2019,11,1.1,AV PROF FRANCISCO MORATO,1,739.0,3.08,5.38,96.0,0.7,El Nino,17.9,12.4,24.2,71.0
NOFLOOD_01122,-23.554955,-46.643993,2019-11-22,2019,11,0.0,Ponto de Controle Pseudo-Ausencia SP,0,772.0,2.88,5.03,576.6,0.7,El Nino,1.0,2.0,23.5,70.3
FLOOD_00094,-23.586792,-46.653024,2019-01-19,2019,1,1.43,AV VINTE E TRES DE MAIO,1,766.0,7.77,13.65,484.3,1.0,El Nino,0.9,1.8,26.2,67.7
FLOOD_00084,-23.504115,-46.672639,2019-01-17,2019,1,0.55,AV NOSSA SENHORA DO O,1,730.0,1.65,2.88,386.7,1.0,El Nino,6.5,7.8,24.9,66.0
FLOOD_00919,-23.543123,-46.627042,2019-09-02,2019,9,0.25,AV MERCURIO,1,735.0,1.12,1.95,261.5,0.3,Nao El Nino,18.5,5.8,16.1,88.0
NOFLOOD_00380,-23.640368,-46.556731,2019-03-09,2019,3,0.0,Ponto de Controle Pseudo-Ausencia SP,0,786.0,9.08,15.98,3150.7,0.9,El Nino,19.0,31.4,25.7,69.0
NOFLOOD_00446,-23.523433,-46.470413,2019-01-17,2019,1,0.0,Ponto de Controle Pseudo-Ausencia SP,0,782.0,2.74,4.79,321.4,1.0,El Nino,6.5,7.8,24.9,66.0
FLOOD_00745,-23.54557,-46.73423,2019-04-06,2019,4,1.67,MARGINAL PINHEIROS,1,726.0,2.06,3.6,61.6,0.8,El Nino,3.1,3.8,24.1,78.2
NOFLOOD_00340,-23.501043,-46.609533,2019-02-20,2019,2,0.0,Ponto de Controle Pseudo-Ausencia SP,0,766.0,3.18,5.55,755.1,0.9,El Nino,20.8,25.8,24.5,68.4
NOFLOOD_00532,-23.718088,-46.539469,2019-06-03,2019,6,0.0,Ponto de Controle Pseudo-Ausencia SP,0,809.0,4.23,7.4,6805.8,0.6,El Nino,12.4,4.2,17.3,87.4
FLOOD_00345,-23.56852,-46.6079,2019-02-20,2019,2,0.8,R PRES BATISTA PEREIRA,1,734.0,3.78,6.61,58.9,0.9,El Nino,20.8,25.8,24.5,68.4
FLOOD_00813,-23.51427,-46.66661,2019-05-05,2019,5,0.63,MARGINAL TIETE,1,726.0,4.85,8.49,90.8,0.7,El Nino,2.3,3.0,22.4,76.4
FLOOD_01154,-23.72117,-46.69665,2019-12-23,2019,12,1.07,VEL PRES JOAO GOULART,1,769.0,10.59,18.69,637.0,0.8,El Nino,60.4,67.6,21.9,79.9
NOFLOOD_00176,-23.571729,-46.492535,2019-01-20,2019,1,0.0,Ponto de Controle Pseudo-Ausencia SP,0,816.0,12.13,21.49,257.2,1.0,El Nino,13.2,9.4,24.3,77.5
FLOOD_00710,-23.5904,-46.69125,2019-03-19,2019,3,0.72,AV DAS NACOES UNIDAS,1,726.0,2.7,4.72,272.1,0.9,El Nino,18.6,18.0,24.8,75.3
FLOOD_01067,-23.520253,-46.636318,2019-12-10,2019,12,0.63,AV DO ESTADO,1,724.0,1.19,2.08,153.6,0.8,El Nino,32.3,18.2,20.8,85.5
FLOOD_00546,-23.69712,-46.67257,2019-03-06,2019,3,3.18,AV EMERICO RICHTER,1,742.0,4.79,8.38,149.2,0.9,El Nino,29.9,44.0,23.3,76.7
NOFLOOD_00794,-23.699207,-46.586913,2019-01-19,2019,1,0.0,Ponto de Controle Pseudo-Ausencia SP,0,773.0,7.44,13.06,3003.0,1.0,El Nino,0.9,1.8,26.2,67.7
NOFLOOD_00684,-23.594206,-46.500929,2019-03-14,2019,3,0.0,Ponto de Controle Pseudo-Ausencia SP,0,808.0,2.88,5.03,452.7,0.9,El Nino,3.3,4.6,24.1,72.8
NOFLOOD_00143,-23.693905,-46.751571,2019-03-19,2019,3,0.0,Ponto de Controle Pseudo-Ausencia SP,0,783.0,14.36,25.6,277.3,0.9,El Nino,18.6,18.0,24.8,75.3
NOFLOOD_00515,-23.739314,-46.56314,2019-11-05,2019,11,0.0,Ponto de Controle Pseudo-Ausencia SP,0,822.0,7.01,12.3,4897.2,0.7,El Nino,17.9,12.4,24.2,71.0
FLOOD_00532,-23.70335,-46.68574,2019-03-04,2019,3,1.38,AV JAIR RIBEIRO DA SILVA,1,739.0,7.07,12.41,64.2,0.9,El Nino,4.0,4.6,22.2,77.6
