data,precipitacao_total_mm,precipitacao_max_horaria_mm,temp_media_c,temp_max_c,temp_min_c,umidade_relativa_media,ano,mes,dia
2019-01-01,3.3,2.4,23.37291666666667,30.9,19.9,76.79166666666667,2019,1,1
2019-01-02,22.200000000000003,41.2,25.362499999999997,32.6,20.9,74.23278985507247,2019,1,2
2019-01-03,15.5,18.0,26.6625,33.1,20.9,65.83333333333334,2019,1,3
2019-01-04,26.699999999999996,18.4,23.395833333333336,30.5,20.8,79.5625,2019,1,4
2019-01-05,28.2,6.8,21.9125,24.6,20.3,85.5625,2019,1,5
2019-01-06,24.0,14.6,23.164583333333336,29.2,20.1,80.8125,2019,1,6
2019-01-07,0.2,0.2,25.989583333333336,32.8,20.3,66.375,2019,1,7
2019-01-08,0.4,0.6,26.55833333333333,32.8,21.5,60.270833333333336,2019,1,8
2019-01-09,0.0,0.0,25.489583333333332,34.0,21.1,70.875,2019,1,9
2019-01-10,0.0,0.0,26.429166666666667,32.6,21.6,64.02083333333334,2019,1,10
2019-01-11,15.2,23.4,24.36041666666667,31.8,19.6,68.9375,2019,1,11
2019-01-12,0.0,0.0,24.191666666666663,29.7,20.3,74.6875,2019,1,12
2019-01-13,8.299999999999999,16.4,24.114583333333332,30.4,19.6,73.33333333333333,2019,1,13
2019-01-14,11.1,21.2,24.383333333333333,32.2,20.1,73.625,2019,1,14
2019-01-15,0.0,0.0,25.658333333333335,33.3,21.3,71.36050724637681,2019,1,15
2019-01-16,5.4,8.4,25.4625,31.8,20.5,69.1875,2019,1,16
2019-01-17,6.5,7.8,24.858333333333334,32.8,21.2,65.97916666666666,2019,1,17
2019-01-18,15.2,16.4,24.762500000000003,32.3,21.0,74.375,2019,1,18
2019-01-19,0.9,1.8,26.185416666666665,33.0,21.8,67.72916666666666,2019,1,19
2019-01-20,13.200000000000001,9.4,24.314583333333335,31.2,21.0,77.54166666666666,2019,1,20
2019-01-21,3.6,6.8,26.579166666666666,34.0,21.8,68.64583333333334,2019,1,21
2019-01-22,15.2,20.4,24.889583333333334,31.5,20.7,78.20833333333334,2019,1,22
2019-01-23,3.0,6.0,24.852083333333333,32.0,21.9,76.85416666666666,2019,1,23
2019-01-24,21.0,29.8,23.7375,28.9,19.4,78.58333333333334,2019,1,24
2019-01-25,24.6,15.4,21.889583333333334,26.4,17.9,81.89583333333333,2019,1,25
2019-01-26,7.9,8.0,21.16875,28.5,16.7,76.22916666666667,2019,1,26
2019-01-27,0.39999999999999997,0.6,24.004166666666663,31.3,19.4,66.89583333333334,2019,1,27
2019-01-28,0.0,0.0,26.174999999999997,33.8,20.7,63.41666666666667,2019,1,28
2019-01-29,0.7999999999999999,1.4,26.34375,33.2,21.7,64.77083333333333,2019,1,29
2019-01-30,24.1,38.2,26.233333333333334,34.4,18.0,63.37499999999999,2019,1,30
2019-01-31,0.0,0.0,26.55,33.6,20.2,57.68750000000001,2019,1,31
2019-02-01,0.0,0.0,26.93333333333333,34.9,20.4,53.791666666666664,2019,2,1
2019-02-02,0.0,0.0,26.666666666666664,35.6,20.3,66.10416666666666,2019,2,2
2019-02-03,0.0,0.0,24.875,30.1,21.4,73.91666666666666,2019,2,3
2019-02-04,79.5,56.0,19.90208333333333,23.1,17.5,86.9375,2019,2,4
2019-02-05,0.7,0.6,19.106250000000003,24.7,17.0,81.97916666666666,2019,2,5
2019-02-06,50.5,13.4,17.845833333333335,19.1,16.5,87.58333333333334,2019,2,6
2019-02-07,0.6,1.0,20.10625,26.3,17.0,79.72916666666666,2019,2,7
2019-02-08,0.1,0.2,21.997916666666665,29.9,17.5,74.47916666666667,2019,2,8
2019-02-09,0.0,0.0,23.3375,31.8,17.8,67.875,2019,2,9
2019-02-10,0.0,0.0,24.579166666666666,32.5,19.0,64.94836956521739,2019,2,10
2019-02-11,0.0,0.0,26.460416666666667,32.3,21.0,64.39583333333334,2019,2,11
2019-02-12,9.6,13.0,25.029166666666665,29.7,20.9,70.77083333333334,2019,2,12
2019-02-13,5.3,2.0,19.775,21.8,17.6,85.83333333333334,2019,2,13
2019-02-14,0.2,0.2,19.739583333333332,23.5,17.6,78.08333333333334,2019,2,14
2019-02-15,20.9,13.8,19.914583333333333,22.9,18.0,84.6875,2019,2,15
2019-02-16,57.8,16.4,20.479166666666668,25.7,18.7,90.41666666666666,2019,2,16
2019-02-17,3.0,1.0,21.677083333333336,25.9,19.3,84.14583333333333,2019,2,17
2019-02-18,0.1,0.2,23.214583333333334,29.8,19.2,78.33333333333334,2019,2,18
2019-02-19,0.0,0.0,24.966666666666665,29.9,20.5,68.22916666666667,2019,2,19
2019-02-20,20.8,25.8,24.516666666666666,30.0,18.9,68.38677536231884,2019,2,20
2019-02-21,27.5,13.6,22.06041666666667,29.4,19.1,83.58333333333334,2019,2,21
2019-02-22,6.300000000000001,5.4,22.9875,29.3,20.4,81.375,2019,2,22
2019-02-23,0.2,0.2,24.68125,32.2,19.4,70.64583333333333,2019,2,23
2019-02-24,1.9,3.4,26.416666666666664,33.4,20.5,61.52083333333333,2019,2,24
2019-02-25,6.6,13.2,25.99791666666667,31.8,21.3,63.10416666666667,2019,2,25
2019-02-26,52.900000000000006,14.0,20.75,27.7,19.3,86.125,2019,2,26
2019-02-27,5.9,7.6,22.222916666666663,27.1,19.5,77.27083333333334,2019,2,27
2019-02-28,27.9,14.2,20.49791666666667,22.0,19.1,90.25,2019,2,28
2019-03-01,10.3,11.0,20.697916666666668,23.5,19.1,89.0,2019,3,1
2019-03-02,18.700000000000003,20.6,22.06041666666667,28.2,18.8,83.35416666666666,2019,3,2
2019-03-03,22.9,27.8,21.622916666666665,28.3,18.8,83.5625,2019,3,3
2019-03-04,3.9999999999999996,4.6,22.195833333333333,28.7,18.7,77.64583333333334,2019,3,4
2019-03-05,3.6,2.4,23.46875,30.5,20.1,73.39583333333334,2019,3,5
2019-03-06,29.9,44.0,23.272916666666667,31.2,19.3,76.72916666666667,2019,3,6
2019-03-07,20.0,15.8,22.94375,28.7,20.0,80.625,2019,3,7
2019-03-08,0.1,0.2,24.402083333333337,31.3,19.6,72.3125,2019,3,8
2019-03-09,19.0,31.4,25.706249999999997,32.5,19.2,69.0,2019,3,9
2019-03-10,5.7,7.8,22.929166666666667,28.4,20.3,80.52083333333334,2019,3,10
2019-03-11,56.599999999999994,22.0,20.6,23.8,18.5,87.39583333333334,2019,3,11
2019-03-12,10.0,18.8,22.577083333333334,29.8,19.5,79.89583333333334,2019,3,12
2019-03-13,0.30000000000000004,0.2,24.447916666666664,30.1,20.9,74.58333333333333,2019,3,13
2019-03-14,3.3,4.6,24.102083333333333,29.8,20.8,72.79166666666666,2019,3,14
2019-03-15,5.0,1.8,22.245833333333334,27.8,20.0,82.97916666666666,2019,3,15
2019-03-16,8.2,8.4,22.816666666666666,28.2,20.6,81.16666666666666,2019,3,16
2019-03-17,18.799999999999997,18.4,22.387500000000003,27.4,20.6,84.875,2019,3,17
2019-03-18,0.1,0.2,24.3,30.4,20.4,78.5625,2019,3,18
2019-03-19,18.6,18.0,24.800000000000004,31.6,21.2,75.29166666666666,2019,3,19
2019-03-20,10.799999999999999,14.6,21.741666666666667,25.7,19.1,81.89583333333334,2019,3,20
2019-03-21,13.7,3.2,18.410416666666666,21.0,16.5,89.6875,2019,3,21
2019-03-22,0.1,0.2,18.035416666666666,21.3,15.9,83.02083333333334,2019,3,22
2019-03-23,0.0,0.0,20.477083333333333,28.6,16.4,74.14583333333334,2019,3,23
2019-03-24,0.0,0.0,21.672916666666666,28.4,17.5,77.14583333333333,2019,3,24
2019-03-25,0.1,0.2,23.0,30.9,17.9,71.4375,2019,3,25
2019-03-26,0.0,0.0,22.525,29.7,18.3,70.75,2019,3,26
2019-03-27,0.0,0.0,22.19375,28.5,19.1,74.10416666666667,2019,3,27
2019-03-28,2.4,1.8,20.3875,24.4,18.6,81.20833333333333,2019,3,28
2019-03-29,0.7,1.0,19.916666666666668,25.4,17.5,78.77083333333333,2019,3,29
2019-03-30,0.0,0.0,20.3,26.3,16.8,74.9375,2019,3,30
2019-03-31,0.0,0.0,20.858333333333334,28.2,16.9,74.79166666666667,2019,3,31
2019-04-01,0.0,0.0,21.12291666666667,26.6,18.0,74.79166666666666,2019,4,1
2019-04-02,0.0,0.0,20.835416666666667,28.5,16.8,75.16666666666666,2019,4,2
2019-04-03,0.0,0.0,21.9625,29.4,16.9,70.14583333333334,2019,4,3
2019-04-04,0.2,0.4,24.370833333333337,31.6,18.7,58.895833333333336,2019,4,4
2019-04-05,0.0,0.0,25.679166666666667,31.1,21.4,63.395833333333336,2019,4,5
2019-04-06,3.0999999999999996,3.8,24.114583333333336,29.8,21.5,78.25,2019,4,6
2019-04-07,3.6,2.2,23.125,26.4,21.0,83.0625,2019,4,7
2019-04-08,58.3,20.8,20.602083333333333,23.5,18.8,90.27083333333333,2019,4,8
2019-04-09,20.7,7.8,19.152083333333334,21.4,18.3,91.125,2019,4,9
2019-04-10,3.7000000000000006,2.2,18.40625,21.4,15.6,85.83333333333334,2019,4,10
2019-04-11,0.2,0.2,20.329166666666666,28.0,17.1,80.9375,2019,4,11
2019-04-12,0.0,0.0,21.741666666666667,28.9,18.1,77.97916666666666,2019,4,12
2019-04-13,0.0,0.0,21.96666666666667,29.4,18.3,79.8125,2019,4,13
2019-04-14,12.7,5.4,20.241666666666667,21.9,18.3,84.375,2019,4,14
2019-04-15,0.1,0.2,20.89375,27.5,17.5,83.22916666666666,2019,4,15
2019-04-16,4.3,8.2,22.708333333333336,28.6,18.5,77.5625,2019,4,16
2019-04-17,0.30000000000000004,0.2,21.389583333333334,28.0,18.5,78.08333333333334,2019,4,17
2019-04-18,0.0,0.0,20.24375,26.6,15.3,71.25,2019,4,18
2019-04-19,0.1,0.2,20.152083333333334,27.4,14.6,70.60416666666666,2019,4,19
2019-04-20,0.1,0.2,21.3875,28.9,15.6,65.04166666666666,2019,4,20
2019-04-21,0.0,0.0,23.285416666666666,29.4,18.8,63.1875,2019,4,21
2019-04-22,1.1,2.2,22.48541666666667,28.2,18.9,78.04166666666666,2019,4,22
2019-04-23,0.0,0.0,21.902083333333334,26.5,19.7,81.89583333333334,2019,4,23
2019-04-24,0.0,0.0,22.15625,28.7,19.0,81.08333333333334,2019,4,24
2019-04-25,0.30000000000000004,0.4,22.710416666666667,28.6,19.3,79.33333333333334,2019,4,25
2019-04-26,13.799999999999999,10.2,22.270833333333336,27.0,19.7,82.5625,2019,4,26
2019-04-27,0.0,0.0,23.539583333333333,29.3,19.2,74.16666666666666,2019,4,27
2019-04-28,24.4,10.2,23.174999999999997,29.4,16.4,69.41666666666666,2019,4,28
2019-04-29,1.2,1.4,19.674999999999997,23.8,17.1,80.6875,2019,4,29
2019-04-30,0.0,0.0,20.320833333333333,26.1,17.5,73.9375,2019,4,30
2019-05-01,0.0,0.0,21.25208333333333,27.0,17.4,73.79166666666666,2019,5,1
2019-05-02,0.0,0.0,22.525,28.0,19.1,72.25,2019,5,2
2019-05-03,0.0,0.0,23.445833333333333,28.8,19.3,72.1875,2019,5,3
2019-05-04,0.1,0.2,23.618750000000002,28.9,19.5,73.89583333333334,2019,5,4
2019-05-05,2.3,3.0,22.393749999999997,28.8,18.7,76.41666666666667,2019,5,5
2019-05-06,0.1,0.2,23.410416666666666,28.8,19.6,74.64583333333334,2019,5,6
2019-05-07,3.3000000000000003,4.8,21.25416666666667,24.2,17.6,80.0625,2019,5,7
2019-05-08,0.1,0.2,18.34166666666667,22.0,16.9,84.85416666666667,2019,5,8
2019-05-09,0.1,0.2,18.777083333333334,23.2,16.2,78.625,2019,5,9
2019-05-10,0.0,0.0,20.816666666666666,27.3,16.7,77.33333333333334,2019,5,10
2019-05-11,0.0,0.0,22.585416666666667,28.0,18.9,77.1875,2019,5,11
2019-05-12,2.3,1.6,22.527083333333334,28.4,19.8,80.89583333333334,2019,5,12
2019-05-13,0.2,0.2,21.41875,27.4,18.7,81.89583333333334,2019,5,13
2019-05-14,4.8,4.8,21.68125,27.7,16.7,79.83333333333334,2019,5,14
2019-05-15,2.2,2.8,18.05,23.0,15.7,80.72916666666667,2019,5,15
2019-05-16,22.8,7.0,17.458333333333336,20.4,16.0,89.14583333333334,2019,5,16
2019-05-17,2.1,1.8,17.541666666666668,19.8,16.5,85.4375,2019,5,17
2019-05-18,11.0,2.2,17.5625,20.0,16.3,88.66666666666666,2019,5,18
2019-05-19,1.7999999999999998,2.8,18.375,24.4,16.0,84.66666666666667,2019,5,19
2019-05-20,0.1,0.2,18.635416666666664,23.6,15.2,81.54166666666666,2019,5,20
2019-05-21,0.0,0.0,19.1625,25.1,15.1,74.4375,2019,5,21
2019-05-22,0.0,0.0,19.591666666666665,26.0,14.0,67.875,2019,5,22
2019-05-23,0.1,0.2,20.204166666666666,27.2,15.0,66.22916666666666,2019,5,23
2019-05-24,1.2999999999999998,0.6,18.775,21.5,17.3,81.5,2019,5,24
2019-05-25,0.0,0.0,15.0875,19.0,10.8,69.27083333333334,2019,5,25
2019-05-26,0.0,0.0,16.793750000000003,23.1,13.0,77.125,2019,5,26
2019-05-27,0.0,0.0,18.83125,26.3,12.9,65.6875,2019,5,27
2019-05-28,0.0,0.0,19.933333333333334,28.5,14.4,63.5,2019,5,28
2019-05-29,15.6,9.6,19.597916666666666,26.4,16.8,82.625,2019,5,29
2019-05-30,0.7,1.2,20.170833333333334,26.6,18.1,83.8125,2019,5,30
2019-05-31,0.2,0.2,22.25,26.3,17.5,70.14583333333334,2019,5,31
2019-06-01,26.5,14.6,20.227083333333333,24.3,17.6,83.58333333333334,2019,6,1
2019-06-02,14.899999999999999,7.0,18.360416666666666,20.3,16.9,89.60416666666666,2019,6,2
2019-06-03,12.4,4.2,17.333333333333336,20.0,15.4,87.375,2019,6,3
2019-06-04,2.0999999999999996,1.4,14.7,17.4,11.8,79.35416666666667,2019,6,4
2019-06-05,3.3,1.2,14.00625,18.0,11.7,85.375,2019,6,5
2019-06-06,0.0,0.0,15.793749999999998,20.7,12.9,77.9375,2019,6,6
2019-06-07,0.1,0.2,16.9375,23.7,11.7,71.79166666666666,2019,6,7
2019-06-08,0.1,0.2,16.53125,22.3,12.0,69.4375,2019,6,8
2019-06-09,0.0,0.0,15.214583333333334,21.4,10.6,74.25,2019,6,9
2019-06-10,0.1,0.2,16.410416666666666,22.8,12.1,76.58333333333333,2019,6,10
2019-06-11,0.1,0.2,17.15,23.9,12.5,78.10416666666666,2019,6,11
2019-06-12,0.1,0.2,18.700000000000003,25.2,14.1,72.91666666666667,2019,6,12
2019-06-13,0.1,0.2,20.302083333333336,26.8,15.5,72.5,2019,6,13
2019-06-14,0.0,0.0,21.508333333333333,26.9,16.3,64.39583333333334,2019,6,14
2019-06-15,0.0,0.0,20.95625,26.2,16.3,61.79166666666667,2019,6,15
2019-06-16,0.0,0.0,20.652083333333334,26.2,16.7,68.125,2019,6,16
2019-06-17,0.0,0.0,18.4625,23.1,15.2,76.8125,2019,6,17
2019-06-18,0.0,0.0,18.379166666666666,23.8,14.9,74.66666666666666,2019,6,18
2019-06-19,0.0,0.0,19.174999999999997,25.0,15.4,70.10416666666666,2019,6,19
2019-06-20,0.0,0.0,18.09166666666667,23.0,14.4,76.77083333333334,2019,6,20
2019-06-21,0.0,0.0,17.425,22.2,15.5,79.91666666666666,2019,6,21
2019-06-22,0.0,0.0,18.379166666666666,24.7,15.5,73.91666666666667,2019,6,22
2019-06-23,0.0,0.0,18.485416666666666,25.1,14.0,72.14583333333333,2019,6,23
2019-06-24,0.1,0.2,19.3125,25.5,13.5,59.58333333333333,2019,6,24
2019-06-25,0.0,0.0,20.668750000000003,26.6,14.6,55.70833333333333,2019,6,25
2019-06-26,0.0,0.0,20.860416666666666,27.8,15.7,63.06249999999999,2019,6,26
2019-06-27,0.0,0.0,19.704166666666666,24.9,17.2,78.97916666666667,2019,6,27
2019-06-28,0.0,0.0,20.93541666666667,27.4,17.7,74.08333333333334,2019,6,28
2019-06-29,0.0,0.0,21.604166666666664,26.8,16.8,65.02083333333334,2019,6,29
2019-06-30,0.0,0.0,21.214583333333334,27.1,15.7,62.0625,2019,6,30
2019-07-01,0.0,0.0,21.108333333333334,26.5,15.4,61.104166666666664,2019,7,1
2019-07-02,0.0,0.0,20.414583333333333,25.8,15.7,66.625,2019,7,2
2019-07-03,0.0,0.0,21.56875,26.6,16.6,53.3125,2019,7,3
2019-07-04,65.9,10.4,16.541666666666668,22.6,14.4,89.85416666666666,2019,7,4
2019-07-05,56.4,8.6,13.0625,15.1,9.1,90.02083333333334,2019,7,5
2019-07-06,0.0,0.0,9.735416666666666,14.5,5.4,70.9375,2019,7,6
2019-07-07,0.1,0.2,9.01875,14.0,4.9,78.08333333333334,2019,7,7
2019-07-08,0.0,0.0,12.141666666666666,18.8,7.3,74.85416666666667,2019,7,8
2019-07-09,0.0,0.0,13.697916666666668,19.5,9.8,77.04166666666666,2019,7,9
2019-07-10,0.1,0.2,14.685416666666667,22.5,10.0,75.8125,2019,7,10
2019-07-11,0.2,0.2,15.697916666666666,23.6,9.5,65.5625,2019,7,11
2019-07-12,0.1,0.2,16.358333333333334,24.1,10.3,64.52083333333334,2019,7,12
2019-07-13,0.1,0.2,17.960416666666667,25.7,11.6,60.166666666666664,2019,7,13
2019-07-14,0.0,0.0,18.9875,26.8,12.2,58.145833333333336,2019,7,14
2019-07-15,0.0,0.0,17.94166666666667,23.2,13.9,73.16666666666666,2019,7,15
2019-07-16,6.4,5.2,14.033333333333335,18.9,9.7,83.47916666666667,2019,7,16
2019-07-17,0.2,0.2,11.6375,16.9,8.0,77.0,2019,7,17
2019-07-18,0.0,0.0,13.641666666666666,19.6,10.1,77.6875,2019,7,18
2019-07-19,0.1,0.2,15.022916666666667,22.5,10.8,73.0625,2019,7,19
2019-07-20,0.0,0.0,16.035416666666666,22.4,12.4,71.35416666666666,2019,7,20
2019-07-21,0.1,0.2,16.858333333333334,23.5,11.7,67.625,2019,7,21
2019-07-22,0.0,0.0,19.48125,26.0,15.0,57.52083333333333,2019,7,22
2019-07-23,0.0,0.0,19.910416666666666,25.7,14.4,59.604166666666664,2019,7,23
2019-07-24,0.0,0.0,19.552083333333332,26.8,13.4,64.4375,2019,7,24
2019-07-25,0.0,0.0,17.90833333333333,26.0,13.9,76.66666666666667,2019,7,25
2019-07-26,0.0,0.0,19.347916666666666,26.8,15.0,71.35416666666667,2019,7,26
2019-07-27,0.0,0.0,19.735416666666666,26.2,14.8,61.583333333333336,2019,7,27
2019-07-28,0.0,0.0,17.866666666666667,23.5,15.7,76.33333333333334,2019,7,28
2019-07-29,0.0,0.0,17.179166666666667,23.2,13.5,77.91666666666667,2019,7,29
2019-07-30,1.0,1.6,18.275,27.0,13.4,71.5,2019,7,30
2019-07-31,0.0,0.0,17.641666666666666,24.8,12.4,67.95833333333333,2019,7,31
2019-08-01,0.2,0.2,18.508333333333333,27.8,12.4,67.20833333333333,2019,8,1
2019-08-02,0.0,0.0,19.658333333333335,29.9,13.7,64.33333333333334,2019,8,2
2019-08-03,2.9,1.8,11.420833333333334,13.9,9.6,87.9375,2019,8,3
2019-08-04,0.2,0.2,10.577083333333334,11.7,9.6,82.02083333333334,2019,8,4
2019-08-05,0.7,0.6,13.0625,17.7,10.2,81.33333333333334,2019,8,5
2019-08-06,0.0,0.0,16.822916666666668,25.1,13.3,74.6875,2019,8,6
2019-08-07,0.0,0.0,19.191666666666666,26.6,14.2,72.39583333333334,2019,8,7
2019-08-08,0.0,0.0,20.72083333333333,27.3,15.1,65.41666666666666,2019,8,8
2019-08-09,0.0,0.0,21.24791666666667,28.4,15.2,62.520833333333336,2019,8,9
2019-08-10,0.0,0.0,22.3625,29.7,16.6,55.770833333333336,2019,8,10
2019-08-11,0.0,0.0,19.137500000000003,24.4,16.1,72.77083333333334,2019,8,11
2019-08-12,0.0,0.0,21.629166666666663,29.8,16.1,66.27083333333333,2019,8,12
2019-08-13,0.0,0.0,17.804166666666667,23.2,11.8,75.875,2019,8,13
2019-08-14,0.5,0.2,11.654166666666667,13.8,9.4,86.3125,2019,8,14
2019-08-15,0.0,0.0,13.581249999999999,20.8,10.3,74.97916666666666,2019,8,15
2019-08-16,0.0,0.0,15.841666666666667,24.1,11.1,69.58333333333334,2019,8,16
2019-08-17,0.0,0.0,18.741666666666667,26.6,12.3,56.29166666666667,2019,8,17
2019-08-18,0.0,0.0,21.297916666666666,28.4,14.5,47.770833333333336,2019,8,18
2019-08-19,3.6000000000000005,2.2,15.870833333333332,19.8,13.3,86.22916666666667,2019,8,19
2019-08-20,0.1,0.2,14.347916666666666,16.5,13.0,88.45833333333334,2019,8,20
2019-08-21,0.30000000000000004,0.2,15.060416666666667,19.1,13.2,84.70833333333334,2019,8,21
2019-08-22,0.2,0.2,14.364583333333334,18.9,12.7,82.9375,2019,8,22
2019-08-23,0.1,0.2,15.139583333333333,21.8,12.6,77.72916666666666,2019,8,23
2019-08-24,0.30000000000000004,0.2,14.383333333333333,18.6,12.4,79.75,2019,8,24
2019-08-25,0.2,0.4,14.454166666666666,20.8,12.3,77.72916666666666,2019,8,25
2019-08-26,0.0,0.0,16.314583333333335,24.2,12.5,72.0625,2019,8,26
2019-08-27,0.0,0.0,17.083333333333336,24.9,13.6,77.02083333333334,2019,8,27
2019-08-28,0.0,0.0,17.164583333333333,22.5,14.5,77.79166666666666,2019,8,28
2019-08-29,0.0,0.0,17.758333333333333,26.9,13.5,73.625,2019,8,29
2019-08-30,0.0,0.0,20.697916666666668,30.0,13.7,61.104166666666664,2019,8,30
2019-08-31,0.0,0.0,23.00625,32.1,16.6,52.666666666666664,2019,8,31
2019-09-01,26.0,6.6,17.200000000000003,21.7,15.4,86.47916666666667,2019,9,1
2019-09-02,18.5,5.8,16.108333333333334,19.2,14.1,87.95833333333334,2019,9,2
2019-09-03,12.399999999999999,7.4,16.897916666666667,22.7,14.9,89.27083333333334,2019,9,3
2019-09-04,1.5,2.2,15.856250000000001,18.3,13.7,90.875,2019,9,4
2019-09-05,1.0,0.6,13.564583333333331,14.7,12.2,90.0625,2019,9,5
2019-09-06,5.9,2.0,14.28125,17.7,12.2,88.4375,2019,9,6
2019-09-07,2.6,2.0,19.889583333333334,29.5,14.5,76.45833333333333,2019,9,7
2019-09-08,0.0,0.0,23.585416666666667,31.4,17.8,65.35416666666667,2019,9,8
2019-09-09,0.0,0.0,24.791666666666664,32.0,18.1,54.27083333333333,2019,9,9
2019-09-10,0.0,0.0,25.395833333333336,33.0,17.7,45.29166666666667,2019,9,10
2019-09-11,0.0,0.0,25.87708333333333,33.9,18.0,50.520833333333336,2019,9,11
2019-09-12,0.0,0.0,27.43125,35.4,21.3,42.875,2019,9,12
2019-09-13,0.0,0.0,18.31041666666667,25.6,15.7,80.66666666666667,2019,9,13
2019-09-14,0.2,0.2,18.479166666666664,25.1,16.0,82.9375,2019,9,14
2019-09-15,0.0,0.0,21.829166666666666,29.7,16.9,73.4375,2019,9,15
2019-09-16,0.0,0.0,25.34583333333333,33.8,18.9,55.75,2019,9,16
2019-09-17,0.0,0.0,25.714583333333334,34.2,18.2,50.75,2019,9,17
2019-09-18,0.0,0.0,25.202083333333334,34.6,17.3,53.083333333333336,2019,9,18
2019-09-19,0.1,0.2,20.791666666666664,31.7,16.3,73.72916666666667,2019,9,19
2019-09-20,0.6000000000000001,0.4,21.74791666666667,27.3,18.3,74.375,2019,9,20
2019-09-21,4.2,6.2,16.652083333333334,20.2,15.1,87.35416666666667,2019,9,21
2019-09-22,0.2,0.4,16.15833333333333,17.8,13.5,86.83333333333334,2019,9,22
2019-09-23,0.5,0.6,13.668750000000001,16.0,12.2,78.77083333333333,2019,9,23
2019-09-24,0.2,0.4,15.622916666666665,22.4,12.9,76.97916666666667,2019,9,24
2019-09-25,0.7000000000000001,0.8,15.997916666666667,18.7,14.7,87.20833333333334,2019,9,25
2019-09-26,1.9000000000000001,1.2,16.258333333333333,19.4,14.5,88.16666666666666,2019,9,26
2019-09-27,0.1,0.2,16.604166666666668,22.7,13.7,80.91666666666667,2019,9,27
2019-09-28,0.2,0.2,15.025000000000002,18.8,13.6,83.5,2019,9,28
2019-09-29,0.0,0.0,16.981250000000003,25.6,13.2,75.0,2019,9,29
2019-09-30,0.0,0.0,18.293750000000003,28.6,13.8,72.60416666666666,2019,9,30
2019-10-01,0.0,0.0,21.085416666666667,32.1,14.6,67.125,2019,10,1
2019-10-02,0.0,0.0,24.34791666666667,35.1,17.6,54.66666666666667,2019,10,2
2019-10-03,0.0,0.0,20.929166666666667,27.9,16.2,62.479166666666664,2019,10,3
2019-10-04,0.0,0.0,20.38958333333333,31.5,15.3,68.47916666666666,2019,10,4
2019-10-05,0.0,0.0,23.227083333333333,33.4,15.7,61.791666666666664,2019,10,5
2019-10-06,0.1,0.2,19.2125,23.3,16.1,79.77083333333334,2019,10,6
2019-10-07,9.1,5.6,17.570833333333333,20.2,15.5,88.0625,2019,10,7
2019-10-08,2.9000000000000004,1.2,17.06875,19.3,15.8,88.4375,2019,10,8
2019-10-09,2.1,0.8,17.23125,21.0,15.6,89.625,2019,10,9
2019-10-10,0.1,0.2,19.414583333333333,29.1,16.1,79.91666666666667,2019,10,10
2019-10-11,0.0,0.0,21.33958333333333,31.1,16.8,76.20833333333334,2019,10,11
2019-10-12,0.0,0.0,24.599999999999998,32.1,18.7,61.666666666666664,2019,10,12
2019-10-13,0.0,0.0,26.449999999999996,34.3,19.9,50.14583333333333,2019,10,13
2019-10-14,0.0,0.0,24.06875,32.1,19.0,60.89583333333333,2019,10,14
2019-10-15,0.3,0.6,20.1875,24.3,17.9,77.8125,2019,10,15
2019-10-16,0.7000000000000001,0.4,20.235416666666666,27.8,17.7,79.33333333333334,2019,10,16
2019-10-17,0.1,0.2,21.65625,30.8,18.2,76.4375,2019,10,17
2019-10-18,2.5,3.2,23.179166666666667,31.6,18.5,74.33333333333333,2019,10,18
2019-10-19,0.2,0.4,21.920833333333334,29.0,18.5,76.79166666666666,2019,10,19
2019-10-20,0.1,0.2,16.458333333333332,19.3,14.1,79.375,2019,10,20
2019-10-21,0.7,0.6,16.25208333333333,20.6,14.2,77.5,2019,10,21
2019-10-22,0.0,0.0,18.76875,24.6,14.9,78.1875,2019,10,22
2019-10-23,0.2,0.4,19.40208333333333,25.6,16.3,73.52083333333334,2019,10,23
2019-10-24,0.0,0.0,20.337500000000002,27.3,17.1,76.77083333333334,2019,10,24
2019-10-25,0.1,0.2,20.847916666666666,29.9,15.9,76.25,2019,10,25
2019-10-26,0.0,0.0,20.933333333333334,28.3,17.8,77.39583333333334,2019,10,26
2019-10-27,0.0,0.0,24.99375,34.2,18.6,61.58333333333333,2019,10,27
2019-10-28,21.3,12.0,24.71458333333333,32.4,18.2,60.24999999999999,2019,10,28
2019-10-29,0.0,0.0,25.09583333333333,30.4,21.0,59.104166666666664,2019,10,29
2019-10-30,0.0,0.0,25.73333333333333,33.6,20.1,61.13496376811594,2019,10,30
2019-10-31,0.0,0.0,22.73125,27.4,18.8,74.72916666666666,2019,10,31
2019-11-01,0.0,0.0,21.820833333333333,26.9,18.4,75.66666666666667,2019,11,1
2019-11-02,0.0,0.0,22.90416666666667,30.7,18.5,72.60054347826087,2019,11,2
2019-11-03,0.0,0.0,25.756249999999998,34.2,18.9,60.791666666666664,2019,11,3
2019-11-04,0.0,0.0,25.495833333333334,35.7,20.0,67.75,2019,11,4
2019-11-05,17.900000000000002,12.4,24.164583333333333,30.3,19.4,70.95833333333334,2019,11,5
2019-11-06,11.0,6.2,18.72083333333333,21.1,17.0,87.29166666666666,2019,11,6
2019-11-07,0.2,0.2,18.895833333333332,24.2,16.6,85.08333333333333,2019,11,7
2019-11-08,2.6999999999999997,3.4,19.739583333333336,23.2,18.0,86.89583333333333,2019,11,8
2019-11-09,1.5,1.6,21.262500000000003,27.2,19.0,84.25,2019,11,9
2019-11-10,2.3000000000000003,3.6,21.664583333333333,24.3,19.3,82.02083333333333,2019,11,10
2019-11-11,0.9,0.6,19.918750000000003,22.5,17.1,85.70833333333334,2019,11,11
2019-11-12,0.5,0.4,19.010416666666668,23.7,16.9,82.60416666666667,2019,11,12
2019-11-13,4.3999999999999995,8.4,20.25208333333333,27.9,16.9,77.97916666666666,2019,11,13
2019-11-14,16.3,15.2,21.972916666666666,27.2,18.5,80.25,2019,11,14
2019-11-15,7.7,3.0,19.108333333333334,21.4,16.5,86.41666666666666,2019,11,15
2019-11-16,0.0,0.0,17.727083333333333,22.7,13.8,75.6875,2019,11,16
2019-11-17,0.0,0.0,17.897916666666667,24.9,14.1,72.58333333333333,2019,11,17
2019-11-18,0.0,0.0,18.0375,24.1,15.5,81.45833333333333,2019,11,18
2019-11-19,0.0,0.0,19.629166666666666,27.2,17.2,82.54166666666666,2019,11,19
2019-11-20,0.0,0.0,20.43958333333333,27.3,17.7,81.0625,2019,11,20
2019-11-21,0.0,0.0,21.816666666666666,28.7,17.6,75.64583333333334,2019,11,21
2019-11-22,1.0,2.0,23.491666666666667,31.1,18.7,70.3125,2019,11,22
2019-11-23,3.4,6.0,22.447916666666664,28.9,18.1,73.95833333333334,2019,11,23
2019-11-24,1.5,1.2,16.522916666666667,19.8,13.9,77.0,2019,11,24
2019-11-25,0.0,0.0,16.856250000000003,24.3,13.9,72.9375,2019,11,25
2019-11-26,0.0,0.0,19.84375,30.0,15.4,73.6875,2019,11,26
2019-11-27,25.6,22.0,22.039583333333333,28.8,17.1,75.64583333333334,2019,11,27
2019-11-28,7.7,4.8,19.00625,21.5,15.0,89.45833333333334,2019,11,28
2019-11-29,0.1,0.2,17.59166666666667,24.9,14.9,79.66666666666666,2019,11,29
2019-11-30,0.5,0.6,21.395833333333336,31.4,16.1,78.18840579710144,2019,11,30
2019-12-01,0.30000000000000004,0.2,23.633333333333333,29.7,18.6,73.60416666666666,2019,12,1
2019-12-02,0.7,0.6,18.047916666666666,21.1,15.4,81.60416666666666,2019,12,2
2019-12-03,0.0,0.0,17.097916666666666,21.3,14.3,80.20833333333334,2019,12,3
2019-12-04,4.0,6.2,20.702083333333334,28.8,16.1,79.3125,2019,12,4
2019-12-05,14.200000000000001,22.6,23.12083333333333,29.8,19.3,80.10416666666666,2019,12,5
2019-12-06,2.3,1.2,19.5625,22.1,16.5,84.77083333333333,2019,12,6
2019-12-07,0.0,0.0,20.143749999999997,28.4,15.9,70.10416666666666,2019,12,7
2019-12-08,0.0,0.0,19.847916666666666,28.0,12.8,63.458333333333336,2019,12,8
2019-12-09,3.6,5.2,20.277083333333334,28.6,16.3,78.16666666666666,2019,12,9
2019-12-10,32.3,18.2,20.831249999999997,26.3,18.2,85.47916666666666,2019,12,10
2019-12-11,5.6,3.6,20.8375,26.2,18.6,84.4375,2019,12,11
2019-12-12,5.2,4.0,22.27916666666667,29.1,17.7,75.875,2019,12,12
2019-12-13,25.1,20.2,22.485416666666666,29.9,19.9,81.08333333333334,2019,12,13
2019-12-14,25.4,26.0,21.708333333333336,28.2,18.8,82.20833333333333,2019,12,14
2019-12-15,0.0,0.0,24.15625,30.2,19.4,73.95833333333333,2019,12,15
2019-12-16,0.0,0.0,26.0875,32.8,20.9,61.68749999999999,2019,12,16
2019-12-17,5.1,4.4,23.50208333333333,30.6,19.5,70.54166666666666,2019,12,17
2019-12-18,5.4,3.2,20.354166666666664,22.0,18.6,86.60416666666667,2019,12,18
2019-12-19,1.2,0.6,20.09375,23.2,18.3,86.02083333333334,2019,12,19
2019-12-20,0.0,0.0,22.420833333333334,28.8,18.6,76.58333333333334,2019,12,20
2019-12-21,0.1,0.2,24.472916666666666,30.4,20.7,67.58333333333333,2019,12,21
2019-12-22,0.2,0.4,23.581249999999997,27.5,20.6,68.9375,2019,12,22
2019-12-23,60.4,67.6,21.87708333333333,27.2,18.5,79.9375,2019,12,23
2019-12-24,0.4,0.4,21.25208333333333,26.8,18.1,79.25,2019,12,24
2019-12-25,0.0,0.0,22.927083333333336,31.2,18.8,70.375,2019,12,25
2019-12-26,0.0,0.0,22.516666666666666,29.0,18.2,74.64583333333334,2019,12,26
2019-12-27,0.0,0.0,21.960416666666667,27.9,18.7,78.0,2019,12,27
2019-12-28,0.0,0.0,23.308333333333334,29.5,20.1,75.10416666666666,2019,12,28
2019-12-29,0.0,0.0,23.104166666666664,30.4,18.7,74.875,2019,12,29
2019-12-30,0.0,0.0,22.889583333333334,30.4,18.5,72.47916666666667,2019,12,30
2019-12-31,0.1,0.2,23.747916666666665,31.9,19.3,69.66666666666666,2019,12,31
2020-01-01,8.4,9.0,25.606249999999996,33.6,20.0,65.375,2020,1,1
2020-01-02,20.5,7.2,22.40208333333333,29.4,19.7,82.85416666666666,2020,1,2
2020-01-03,13.000000000000002,5.6,20.34375,24.5,18.7,85.47916666666666,2020,1,3
2020-01-04,8.700000000000001,11.8,20.431250000000002,25.1,18.1,83.29166666666666,2020,1,4
2020-01-05,1.1,2.0,20.59375,27.0,17.4,83.95833333333334,2020,1,5
2020-01-06,9.5,8.8,23.34583333333333,30.6,18.2,73.47916666666666,2020,1,6
2020-01-07,0.0,0.0,25.98125,33.0,20.2,65.89583333333333,2020,1,7
2020-01-08,53.0,26.6,23.802083333333336,31.2,19.8,81.51177536231884,2020,1,8
2020-01-09,22.7,19.0,23.95416666666667,28.9,20.5,81.02083333333334,2020,1,9
2020-01-10,0.1,0.2,25.610416666666666,30.7,21.5,75.0625,2020,1,10
2020-01-11,0.0,0.0,26.445833333333333,33.3,22.1,72.1856884057971,2020,1,11
2020-01-12,9.5,5.8,23.7125,26.0,21.3,83.14583333333333,2020,1,12
2020-01-13,2.6,3.8,21.577083333333334,25.3,19.4,84.39583333333333,2020,1,13
2020-01-14,0.0,0.0,21.233333333333334,26.3,18.8,78.5,2020,1,14
2020-01-15,0.0,0.0,23.897916666666667,31.1,19.8,73.29166666666666,2020,1,15
2020-01-16,27.099999999999998,24.8,25.552083333333332,33.1,21.4,74.125,2020,1,16
2020-01-17,38.1,25.6,19.802083333333336,23.1,17.2,86.875,2020,1,17
2020-01-18,0.7,1.0,19.11875,23.6,17.0,84.375,2020,1,18
2020-01-19,0.0,0.0,20.672916666666666,25.2,18.7,81.9375,2020,1,19
2020-01-20,0.0,0.0,20.739583333333332,25.1,18.9,79.5,2020,1,20
2020-01-21,0.0,0.0,20.479166666666664,27.1,16.9,74.375,2020,1,21
2020-01-22,0.2,0.2,20.266666666666666,25.5,17.3,78.375,2020,1,22
2020-01-23,2.2,1.0,19.25,20.8,18.3,84.47916666666666,2020,1,23
2020-01-24,5.5,3.0,19.025,23.2,17.1,85.20833333333333,2020,1,24
2020-01-25,1.6,0.8,20.214583333333334,26.8,16.1,76.875,2020,1,25
2020-01-26,0.0,0.0,22.422916666666666,30.3,15.9,62.79166666666667,2020,1,26
2020-01-27,0.0,0.0,24.258333333333333,33.5,16.2,45.29166666666667,2020,1,27
2020-01-28,6.7,5.4,24.164583333333333,32.6,19.1,55.60416666666667,2020,1,28
2020-01-29,25.2,25.0,24.614583333333332,32.0,19.7,72.16666666666666,2020,1,29
2020-01-30,6.199999999999999,4.8,24.797916666666666,31.3,21.4,74.9909420289855,2020,1,30
2020-01-31,0.1,0.2,24.389583333333334,28.7,21.1,73.875,2020,1,31
2020-02-01,38.4,15.0,23.179166666666667,28.4,20.1,83.5625,2020,2,1
2020-02-02,45.7,44.4,22.022916666666667,28.1,20.0,87.0625,2020,2,2
2020-02-03,32.6,12.0,20.725,26.1,18.9,90.875,2020,2,3
2020-02-04,7.1,6.6,21.25,26.2,18.6,86.5625,2020,2,4
2020-02-05,7.4,7.2,22.462500000000002,29.0,19.9,83.22916666666666,2020,2,5
2020-02-06,13.6,17.4,22.293750000000003,28.0,19.7,82.95833333333334,2020,2,6
2020-02-07,7.699999999999999,11.2,22.8125,26.8,20.5,78.08333333333334,2020,2,7
2020-02-08,6.699999999999999,12.2,23.80833333333333,29.7,19.8,73.04166666666667,2020,2,8
2020-02-09,6.0,5.4,23.797916666666666,29.2,19.8,75.1875,2020,2,9
2020-02-10,116.2,37.6,20.075000000000003,22.1,18.2,92.64583333333334,2020,2,10
2020-02-11,7.0,2.8,17.866666666666667,20.2,15.8,88.08333333333334,2020,2,11
2020-02-12,1.1,0.4,18.168750000000003,20.5,17.0,85.58333333333333,2020,2,12
2020-02-13,1.3,2.2,20.179166666666667,26.6,17.3,81.625,2020,2,13
2020-02-14,0.7000000000000001,0.4,20.422916666666666,27.2,16.5,80.79166666666667,2020,2,14
2020-02-15,0.1,0.2,22.949999999999996,31.6,18.0,73.70833333333333,2020,2,15
2020-02-16,3.5,5.0,23.25416666666667,31.1,18.8,78.875,2020,2,16
2020-02-17,6.2,7.4,23.85833333333333,32.4,20.2,78.14583333333334,2020,2,17
2020-02-18,14.5,13.4,25.433333333333334,33.2,20.9,73.0625,2020,2,18
2020-02-19,5.6,4.8,24.772916666666667,31.7,21.0,75.79166666666666,2020,2,19
2020-02-20,0.9,0.8,24.43125,31.1,21.1,77.77083333333334,2020,2,20
2020-02-21,3.6,1.6,21.87708333333333,23.5,20.0,85.625,2020,2,21
2020-02-22,1.1,2.0,18.91041666666667,20.8,16.6,85.9375,2020,2,22
2020-02-23,0.30000000000000004,0.4,18.210416666666667,23.0,16.0,79.85416666666666,2020,2,23
2020-02-24,13.499999999999998,15.0,20.2125,25.9,17.5,79.33333333333333,2020,2,24
2020-02-25,13.399999999999999,18.4,22.56041666666667,28.7,18.9,82.5,2020,2,25
2020-02-26,16.6,9.0,22.010416666666664,26.4,20.6,88.64583333333334,2020,2,26
2020-02-27,31.8,15.8,17.870833333333334,21.4,15.4,87.58333333333334,2020,2,27
2020-02-28,5.5,5.4,17.74791666666667,19.8,16.6,84.20833333333334,2020,2,28
2020-02-29,1.9000000000000001,1.2,19.860416666666666,24.0,17.7,87.66666666666667,2020,2,29
2020-03-01,2.4000000000000004,1.0,18.6625,22.7,16.3,87.02083333333334,2020,3,1
2020-03-02,12.2,5.6,19.10625,24.0,16.5,87.1875,2020,3,2
2020-03-03,15.9,6.8,18.289583333333333,21.8,16.5,88.4375,2020,3,3
2020-03-04,0.30000000000000004,0.2,18.854166666666664,24.0,15.6,80.60416666666666,2020,3,4
2020-03-05,0.0,0.0,19.204166666666666,24.9,15.4,77.64583333333334,2020,3,5
2020-03-06,0.2,0.2,19.18541666666667,24.5,15.4,73.6875,2020,3,6
2020-03-07,0.0,0.0,19.65625,26.7,16.0,74.22916666666666,2020,3,7
2020-03-08,3.1,3.4,19.18958333333333,25.5,15.8,81.35416666666667,2020,3,8
2020-03-09,0.0,0.0,21.279166666666665,27.6,17.4,76.16666666666666,2020,3,9
2020-03-10,0.0,0.0,22.050000000000004,29.6,17.5,74.4375,2020,3,10
2020-03-11,0.0,0.0,21.720833333333335,28.4,17.4,75.0,2020,3,11
2020-03-12,0.0,0.0,21.768749999999997,28.7,17.7,75.0625,2020,3,12
2020-03-13,0.0,0.0,21.78333333333333,30.9,17.2,76.25,2020,3,13
2020-03-14,0.0,0.0,22.90833333333333,31.1,18.6,74.5625,2020,3,14
2020-03-15,0.0,0.0,24.504166666666666,32.0,19.5,69.5625,2020,3,15
2020-03-16,1.7000000000000002,2.8,24.61875,30.6,19.9,66.4375,2020,3,16
2020-03-17,10.899999999999999,8.6,22.860416666666666,28.9,19.5,76.75,2020,3,17
2020-03-18,0.0,0.0,23.164583333333333,31.4,18.4,76.58333333333334,2020,3,18
2020-03-19,2.1,3.8,24.43333333333333,30.0,21.3,76.0625,2020,3,19
2020-03-20,4.6,6.6,22.5,26.7,19.9,79.91666666666667,2020,3,20
2020-03-21,2.1,1.6,20.06875,23.1,18.5,81.72916666666666,2020,3,21
2020-03-22,0.1,0.2,20.058333333333334,25.1,17.5,75.27083333333334,2020,3,22
2020-03-23,0.5,0.4,19.6875,25.6,16.0,71.0,2020,3,23
2020-03-24,0.0,0.0,19.487499999999997,25.5,16.2,72.52083333333333,2020,3,24
2020-03-25,0.0,0.0,19.170833333333334,24.9,15.3,73.08333333333334,2020,3,25
2020-03-26,0.0,0.0,19.245833333333334,27.6,14.1,72.0625,2020,3,26
2020-03-27,0.0,0.0,19.879166666666666,27.8,15.5,73.27083333333334,2020,3,27
2020-03-28,0.0,0.0,21.347916666666666,28.8,17.0,74.39583333333334,2020,3,28
2020-03-29,12.2,10.4,21.745833333333334,28.3,18.5,79.72916666666666,2020,3,29
2020-03-30,0.39999999999999997,0.6,21.633333333333333,27.2,18.7,80.41666666666666,2020,3,30
2020-03-31,0.0,0.0,21.166666666666668,28.1,17.5,80.08333333333334,2020,3,31
2020-04-01,0.1,0.2,21.133333333333333,28.0,17.4,78.45833333333334,2020,4,1
2020-04-02,0.1,0.2,23.929166666666667,31.2,19.1,69.57971014492753,2020,4,2
2020-04-03,3.3,5.6,23.277083333333337,28.5,18.7,66.39583333333333,2020,4,3
2020-04-04,0.0,0.0,19.333333333333332,27.0,15.2,70.70833333333333,2020,4,4
2020-04-05,0.0,0.0,19.789583333333333,28.2,15.2,73.70833333333334,2020,4,5
2020-04-06,0.0,0.0,22.510416666666664,31.4,16.0,67.16666666666666,2020,4,6
2020-04-07,0.6000000000000001,0.6,20.804166666666667,25.1,18.0,78.91666666666667,2020,4,7
2020-04-08,0.49999999999999994,0.6,17.791666666666664,19.7,16.1,84.75,2020,4,8
2020-04-09,0.0,0.0,17.331249999999997,23.3,13.8,71.79166666666667,2020,4,9
2020-04-10,0.1,0.2,17.56458333333333,24.0,13.0,71.5,2020,4,10
2020-04-11,0.0,0.0,17.6125,22.5,15.6,74.89583333333334,2020,4,11
2020-04-12,0.0,0.0,18.39375,23.9,16.1,72.77083333333334,2020,4,12
2020-04-13,0.0,0.0,18.166666666666664,25.5,13.7,75.95833333333333,2020,4,13
2020-04-14,0.0,0.0,19.383333333333333,23.5,16.2,76.0625,2020,4,14
2020-04-15,0.0,0.0,20.28125,26.7,16.3,70.0,2020,4,15
2020-04-16,0.0,0.0,19.402083333333334,25.8,15.6,74.5,2020,4,16
2020-04-17,0.0,0.0,17.327083333333334,20.0,15.1,78.95833333333334,2020,4,17
2020-04-18,0.0,0.0,17.602083333333333,23.3,14.9,78.41666666666667,2020,4,18
2020-04-19,0.0,0.0,18.429166666666667,23.9,15.2,75.8125,2020,4,19
2020-04-20,0.0,0.0,18.6625,24.6,14.5,75.625,2020,4,20
2020-04-21,0.0,0.0,18.88125,26.7,14.0,74.14583333333334,2020,4,21
2020-04-22,0.0,0.0,18.314583333333335,24.8,14.7,77.39583333333334,2020,4,22
2020-04-23,0.1,0.2,18.775,25.8,14.2,76.8125,2020,4,23
2020-04-24,0.0,0.0,19.956249999999997,27.0,16.4,76.85416666666666,2020,4,24
2020-04-25,0.0,0.0,20.8125,28.5,16.7,71.10416666666666,2020,4,25
2020-04-26,0.1,0.2,20.85625,28.4,16.2,64.97916666666666,2020,4,26
2020-04-27,0.1,0.2,19.15,25.7,15.5,74.3125,2020,4,27
2020-04-28,0.0,0.0,19.979166666666664,25.7,16.3,70.375,2020,4,28
2020-04-29,0.0,0.0,20.316666666666666,26.9,15.3,67.08333333333333,2020,4,29
2020-04-30,0.0,0.0,21.097916666666663,27.6,15.4,61.645833333333336,2020,4,30
2020-05-01,0.0,0.0,20.772916666666667,27.5,16.5,73.375,2020,5,1
2020-05-02,0.0,0.0,20.03125,26.1,16.2,80.27083333333334,2020,5,2
2020-05-03,0.5,0.8,17.1,22.0,14.5,71.4375,2020,5,3
2020-05-04,0.0,0.0,16.933333333333334,24.6,13.4,72.97916666666666,2020,5,4
2020-05-05,0.1,0.2,19.216666666666665,27.6,13.2,62.89583333333333,2020,5,5
2020-05-06,1.4,1.4,20.206249999999997,26.5,16.5,57.208333333333336,2020,5,6
2020-05-07,5.4,4.2,14.020833333333334,16.8,12.6,84.5,2020,5,7
2020-05-08,0.2,0.2,14.816666666666666,19.6,12.0,79.75,2020,5,8
2020-05-09,0.0,0.0,16.5375,23.4,12.5,71.02083333333333,2020,5,9
2020-05-10,0.0,0.0,17.377083333333335,24.9,12.0,69.8125,2020,5,10
2020-05-11,0.0,0.0,18.479166666666664,25.9,12.7,61.66666666666667,2020,5,11
2020-05-12,0.0,0.0,19.035416666666666,26.9,12.9,59.85416666666667,2020,5,12
2020-05-13,0.0,0.0,19.18541666666667,24.7,14.1,62.333333333333336,2020,5,13
2020-05-14,3.0999999999999996,3.0,18.25625,21.1,15.5,77.83333333333333,2020,5,14
2020-05-15,0.8,0.4,15.3625,16.9,14.0,87.29166666666666,2020,5,15
2020-05-16,0.1,0.2,17.43541666666667,23.2,14.1,74.33333333333334,2020,5,16
2020-05-17,0.0,0.0,17.08125,25.4,12.4,73.60416666666666,2020,5,17
2020-05-18,0.30000000000000004,0.2,16.44375,25.5,10.9,79.16666666666666,2020,5,18
2020-05-19,0.0,0.0,18.077083333333334,24.1,14.5,77.375,2020,5,19
2020-05-20,0.0,0.0,18.947916666666664,26.0,15.6,75.5,2020,5,20
2020-05-21,0.0,0.0,19.495833333333334,26.1,14.6,70.1875,2020,5,21
2020-05-22,0.0,0.0,20.422916666666666,26.1,15.1,64.0625,2020,5,22
2020-05-23,1.4000000000000001,1.4,19.995833333333334,23.1,15.3,73.58333333333334,2020,5,23
2020-05-24,0.0,0.0,13.814583333333333,16.6,10.9,69.72916666666666,2020,5,24
2020-05-25,0.0,0.0,14.014583333333334,19.9,9.6,62.583333333333336,2020,5,25
2020-05-26,0.0,0.0,14.429166666666667,20.6,9.1,55.47916666666667,2020,5,26
2020-05-27,0.0,0.0,14.5,21.7,8.4,59.291666666666664,2020,5,27
2020-05-28,0.0,0.0,13.789583333333333,21.2,9.7,73.77083333333334,2020,5,28
2020-05-29,0.2,0.2,15.510416666666668,23.9,10.1,74.29166666666666,2020,5,29
2020-05-30,0.1,0.2,17.458333333333336,25.8,11.0,63.458333333333336,2020,5,30
2020-05-31,0.0,0.0,17.602083333333333,25.5,11.1,53.47916666666667,2020,5,31
2020-06-01,0.0,0.0,18.335416666666667,26.5,12.0,54.4375,2020,6,1
2020-06-02,1.4,1.6,16.229166666666668,18.1,14.7,87.04166666666667,2020,6,2
2020-06-03,1.8,1.6,16.81458333333333,21.8,14.7,86.20833333333333,2020,6,3
2020-06-04,0.0,0.0,17.78125,22.6,15.9,85.83333333333334,2020,6,4
2020-06-05,1.5,0.4,18.8125,22.3,17.0,85.9375,2020,6,5
2020-06-06,0.1,0.2,20.045833333333334,24.0,17.2,76.70833333333334,2020,6,6
2020-06-07,22.5,14.4,20.37708333333333,25.9,17.4,75.04166666666666,2020,6,7
2020-06-08,0.0,0.0,20.583333333333336,27.5,15.3,75.02083333333333,2020,6,8
2020-06-09,0.1,0.2,20.710416666666667,24.8,17.1,78.95833333333334,2020,6,9
2020-06-10,0.30000000000000004,0.2,21.367028985507247,26.3,17.2,72.48460144927537,2020,6,10
2020-06-11,0.0,0.0,22.918750000000003,28.8,18.3,60.166666666666664,2020,6,11
2020-06-12,0.0,0.0,22.214583333333337,28.5,16.8,61.833333333333336,2020,6,12
2020-06-13,0.0,0.0,21.835416666666667,28.7,16.5,63.375,2020,6,13
2020-06-14,1.3,0.6,16.65,21.8,13.8,87.25,2020,6,14
2020-06-15,0.30000000000000004,0.2,16.370833333333334,21.4,14.3,85.25,2020,6,15
2020-06-16,0.0,0.0,17.420833333333334,21.0,15.9,79.54166666666667,2020,6,16
2020-06-17,0.0,0.0,18.43125,23.2,15.7,73.70833333333333,2020,6,17
2020-06-18,0.0,0.0,18.354166666666664,24.9,13.4,65.8125,2020,6,18
2020-06-19,0.0,0.0,19.84375,26.0,14.0,59.35416666666667,2020,6,19
2020-06-20,0.0,0.0,20.541666666666664,28.3,13.3,59.72916666666667,2020,6,20
2020-06-21,0.0,0.0,20.827083333333334,27.7,15.7,63.62500000000001,2020,6,21
2020-06-22,0.0,0.0,20.433333333333334,27.0,14.9,58.18750000000001,2020,6,22
2020-06-23,0.0,0.0,19.216666666666665,25.3,14.5,58.708333333333336,2020,6,23
2020-06-24,0.0,0.0,19.34375,25.7,13.6,51.1875,2020,6,24
2020-06-25,0.0,0.0,20.64375,26.9,15.0,58.58333333333333,2020,6,25
2020-06-26,4.8,1.8,17.725,22.9,14.8,81.95833333333334,2020,6,26
2020-06-27,93.3,24.0,14.502083333333335,15.6,13.3,91.70833333333333,2020,6,27
2020-06-28,0.8,0.4,13.820833333333333,16.9,11.8,87.77083333333333,2020,6,28
2020-06-29,0.30000000000000004,0.2,15.256250000000001,19.5,13.0,83.10416666666666,2020,6,29
2020-06-30,0.0,0.0,18.09375,24.2,12.8,71.1875,2020,6,30
2020-07-01,0.30000000000000004,0.4,18.375,21.2,14.5,59.91666666666667,2020,7,1
2020-07-02,0.1,0.2,13.660416666666666,19.9,9.5,69.77083333333334,2020,7,2
2020-07-03,0.0,0.0,13.100000000000001,18.8,10.2,78.16666666666666,2020,7,3
2020-07-04,0.0,0.0,15.972916666666666,24.7,11.8,69.6875,2020,7,4
2020-07-05,0.0,0.0,18.133333333333333,26.2,12.9,72.79166666666666,2020,7,5
2020-07-06,0.0,0.0,19.827083333333334,25.5,16.1,67.22916666666667,2020,7,6
2020-07-07,0.0,0.0,20.691666666666666,27.7,16.1,67.6875,2020,7,7
2020-07-08,0.0,0.0,21.477083333333333,26.2,15.8,46.47916666666667,2020,7,8
2020-07-09,0.30000000000000004,0.2,19.00625,23.8,13.3,66.375,2020,7,9
2020-07-10,0.1,0.2,14.922916666666666,21.4,9.3,77.83333333333333,2020,7,10
2020-07-11,0.0,0.0,19.15625,26.5,13.9,69.60416666666666,2020,7,11
2020-07-12,0.0,0.0,20.914583333333333,27.0,15.8,57.833333333333336,2020,7,12
2020-07-13,0.0,0.0,22.224999999999998,28.5,15.9,55.244565217391305,2020,7,13
2020-07-14,0.1,0.2,17.441666666666666,22.5,13.7,79.22916666666666,2020,7,14
2020-07-15,0.0,0.0,13.743749999999999,15.7,12.2,87.1875,2020,7,15
2020-07-16,0.0,0.0,14.827083333333334,19.3,12.3,84.04166666666666,2020,7,16
2020-07-17,0.2,0.2,16.993750000000002,25.0,13.0,80.83333333333333,2020,7,17
2020-07-18,0.0,0.0,18.427083333333332,24.9,13.7,77.14583333333334,2020,7,18
2020-07-19,0.1,0.2,18.266666666666666,24.4,14.1,73.52083333333333,2020,7,19
2020-07-20,0.1,0.2,18.683333333333334,25.8,13.1,63.04166666666667,2020,7,20
2020-07-21,0.0,0.0,19.30625,27.0,12.6,62.20833333333333,2020,7,21
2020-07-22,0.1,0.2,19.47083333333333,26.4,13.6,63.229166666666664,2020,7,22
2020-07-23,0.0,0.0,19.36875,26.7,13.8,65.4375,2020,7,23
2020-07-24,0.1,0.2,19.65416666666667,26.0,14.6,60.395833333333336,2020,7,24
2020-07-25,0.0,0.0,20.645833333333332,27.3,14.0,50.916666666666664,2020,7,25
2020-07-26,0.0,0.0,16.56875,21.5,14.1,81.95833333333334,2020,7,26
2020-07-27,0.0,0.0,19.4625,27.9,13.8,69.16666666666667,2020,7,27
2020-07-28,0.0,0.0,21.245833333333337,28.8,14.3,58.604166666666664,2020,7,28
2020-07-29,0.1,0.2,15.85625,22.4,13.3,82.54166666666666,2020,7,29
2020-07-30,10.5,5.2,13.722916666666666,16.7,12.0,88.89583333333334,2020,7,30
2020-07-31,0.1,0.2,15.016666666666667,21.2,13.0,83.60416666666667,2020,7,31
2020-08-01,0.0,0.0,16.160416666666666,22.3,12.7,78.85416666666667,2020,8,1
2020-08-02,0.0,0.0,16.233333333333334,23.0,12.2,78.25,2020,8,2
2020-08-03,0.1,0.2,15.950000000000001,22.3,12.0,77.4375,2020,8,3
2020-08-04,0.0,0.0,15.7125,22.6,11.6,76.45833333333334,2020,8,4
2020-08-05,0.0,0.0,15.85625,23.6,11.9,75.66666666666666,2020,8,5
2020-08-06,0.2,0.2,16.237499999999997,24.3,11.9,74.6875,2020,8,6
2020-08-07,0.1,0.2,16.631249999999998,24.4,11.3,70.8125,2020,8,7
2020-08-08,0.2,0.2,16.93125,25.6,10.9,72.85416666666667,2020,8,8
2020-08-09,0.0,0.0,17.922916666666666,25.7,14.0,71.70833333333333,2020,8,9
2020-08-10,0.1,0.2,19.425,26.9,13.9,59.62499999999999,2020,8,10
2020-08-11,0.0,0.0,20.335416666666667,27.6,14.2,49.60416666666667,2020,8,11
2020-08-12,0.0,0.0,19.81041666666667,28.4,14.5,66.02083333333333,2020,8,12
2020-08-13,1.0,2.0,20.125,29.6,14.4,70.33333333333333,2020,8,13
2020-08-14,0.0,0.0,21.570833333333333,28.3,16.6,67.16666666666667,2020,8,14
2020-08-15,1.5,2.4,19.460416666666667,22.8,16.4,73.9375,2020,8,15
2020-08-16,15.7,7.0,17.4875,20.6,15.3,84.3125,2020,8,16
2020-08-17,7.4,3.2,17.7125,19.7,15.8,83.0625,2020,8,17
2020-08-18,11.1,3.0,16.7875,18.9,15.3,88.125,2020,8,18
2020-08-19,11.8,13.6,17.647916666666667,25.1,15.4,87.5625,2020,8,19
2020-08-20,4.0,2.6,15.004166666666666,16.5,11.9,86.4375,2020,8,20
2020-08-21,17.1,3.0,10.3625,12.6,8.1,91.45833333333334,2020,8,21
2020-08-22,3.8,1.2,9.93125,13.8,8.0,90.04166666666666,2020,8,22
2020-08-23,0.1,0.2,12.622916666666667,18.9,9.2,79.10416666666666,2020,8,23
2020-08-24,0.0,0.0,13.533333333333335,20.4,9.2,74.79166666666666,2020,8,24
2020-08-25,0.0,0.0,13.425815217391303,19.6,10.0,76.08423913043478,2020,8,25
2020-08-26,0.1,0.2,14.04375,22.2,8.6,72.91666666666666,2020,8,26
2020-08-27,0.2,0.2,16.9375,25.9,10.9,74.0,2020,8,27
2020-08-28,0.1,0.2,19.54375,28.9,12.9,69.875,2020,8,28
2020-08-29,0.0,0.0,21.981250000000003,30.0,15.3,56.583333333333336,2020,8,29
2020-08-30,0.0,0.0,23.05,31.4,15.7,54.04166666666667,2020,8,30
2020-08-31,0.0,0.0,18.641666666666666,24.6,15.9,81.1875,2020,8,31
2020-09-01,0.1,0.2,18.450000000000003,22.3,16.4,83.14583333333334,2020,9,1
2020-09-02,0.0,0.0,18.804166666666667,25.3,15.3,78.08333333333334,2020,9,2
2020-09-03,0.0,0.0,21.864583333333336,30.2,16.3,61.74999999999999,2020,9,3
2020-09-04,0.0,0.0,21.50208333333333,31.5,15.9,59.395833333333336,2020,9,4
2020-09-05,0.0,0.0,20.514583333333334,30.1,15.7,72.22010869565217,2020,9,5
2020-09-06,0.0,0.0,22.379166666666666,31.6,15.5,62.4375,2020,9,6
2020-09-07,0.0,0.0,20.575000000000003,29.5,16.9,74.625,2020,9,7
2020-09-08,0.0,0.0,19.731250000000003,29.2,16.8,78.45833333333333,2020,9,8
2020-09-09,0.0,0.0,20.089583333333334,29.3,16.7,79.10416666666666,2020,9,9
2020-09-10,0.0,0.0,24.052083333333336,34.0,17.3,61.958333333333336,2020,9,10
2020-09-11,0.0,0.0,23.38958333333333,33.1,17.4,66.0625,2020,9,11
2020-09-12,0.0,0.0,26.566666666666663,34.2,20.2,48.583333333333336,2020,9,12
2020-09-13,0.0,0.0,25.597916666666663,32.9,17.4,48.79166666666667,2020,9,13
2020-09-14,0.0,0.0,24.335416666666667,33.5,17.7,44.1875,2020,9,14
2020-09-15,0.6000000000000001,0.4,16.777083333333334,21.0,13.5,84.45833333333334,2020,9,15
2020-09-16,0.0,0.0,20.791666666666664,31.0,15.7,71.41666666666666,2020,9,16
2020-09-17,0.0,0.0,21.135416666666668,31.1,16.8,74.45833333333334,2020,9,17
2020-09-18,0.0,0.0,20.8125,27.4,16.5,70.125,2020,9,18
2020-09-19,0.0,0.0,24.0625,31.9,18.8,59.02083333333333,2020,9,19
2020-09-20,0.30000000000000004,0.2,17.858333333333334,23.2,14.6,82.33333333333334,2020,9,20
2020-09-21,1.9,0.8,15.039583333333333,18.2,13.2,89.22916666666667,2020,9,21
2020-09-22,10.6,3.4,14.118749999999999,16.1,13.2,90.375,2020,9,22
2020-09-23,0.1,0.2,16.320833333333333,22.0,13.6,83.47916666666667,2020,9,23
2020-09-24,0.0,0.0,18.59166666666667,27.5,15.1,76.77083333333334,2020,9,24
2020-09-25,0.0,0.0,19.702083333333334,28.8,13.5,72.52083333333334,2020,9,25
2020-09-26,0.1,0.2,22.597916666666663,32.1,14.8,61.333333333333336,2020,9,26
2020-09-27,0.0,0.0,26.5375,35.3,19.3,43.375,2020,9,27
2020-09-28,2.4,4.2,22.983333333333334,31.7,19.1,62.75,2020,9,28
2020-09-29,0.1,0.2,20.49791666666667,25.7,18.3,81.47916666666667,2020,9,29
2020-09-30,0.1,0.2,25.010416666666664,36.8,18.3,65.54166666666667,2020,9,30
2020-10-01,0.0,0.0,26.59166666666667,37.2,19.4,58.27083333333333,2020,10,1
2020-10-02,0.5,0.8,30.28333333333333,37.8,22.5,38.666666666666664,2020,10,2
2020-10-03,0.0,0.0,23.362499999999997,29.6,19.4,71.85416666666667,2020,10,3
2020-10-04,0.6,0.6,19.5625,22.1,17.4,85.60416666666667,2020,10,4
2020-10-05,0.0,0.0,22.539583333333333,35.6,17.3,74.79166666666667,2020,10,5
2020-10-06,0.0,0.0,24.752083333333335,36.0,18.7,70.33333333333334,2020,10,6
2020-10-07,0.0,0.0,24.960416666666667,37.3,17.8,67.45833333333334,2020,10,7
2020-10-08,6.3999999999999995,4.8,22.441666666666663,29.0,18.7,76.6875,2020,10,8
2020-10-09,32.3,12.6,18.97889492753623,20.4,17.7,90.73641304347825,2020,10,9
2020-10-10,2.7,2.8,18.27916666666667,24.3,14.8,74.0625,2020,10,10
2020-10-11,0.0,0.0,16.95625,24.5,12.8,68.625,2020,10,11
2020-10-12,0.0,0.0,18.625,27.9,14.1,70.29166666666667,2020,10,12
2020-10-13,0.0,0.0,22.16041666666667,31.9,15.2,62.18749999999999,2020,10,13
2020-10-14,0.0,0.0,22.71875,32.1,16.7,62.979166666666664,2020,10,14
2020-10-15,4.6,5.2,18.41875,21.6,15.7,83.5,2020,10,15
2020-10-16,1.7000000000000002,0.8,15.760416666666668,16.9,14.8,85.39583333333334,2020,10,16
2020-10-17,0.1,0.2,15.924999999999999,19.6,14.2,80.8125,2020,10,17
2020-10-18,0.0,0.0,18.433333333333334,24.9,14.9,74.1875,2020,10,18
2020-10-19,21.2,35.0,20.0125,28.8,16.8,78.58333333333333,2020,10,19
2020-10-20,18.7,29.2,20.70625,28.2,17.1,83.27083333333334,2020,10,20
2020-10-21,0.1,0.2,20.231250000000003,26.1,18.0,83.25,2020,10,21
2020-10-22,1.3,0.8,19.666666666666664,25.1,17.3,77.95833333333333,2020,10,22
2020-10-23,0.0,0.0,20.38125,28.4,16.2,69.39583333333333,2020,10,23
2020-10-24,16.8,21.6,20.577083333333334,24.9,16.9,75.79166666666666,2020,10,24
2020-10-25,3.5,5.0,20.266666666666666,26.3,17.8,84.22916666666666,2020,10,25
2020-10-26,0.0,0.0,20.075000000000003,27.0,16.8,77.08333333333333,2020,10,26
2020-10-27,0.0,0.0,22.74791666666667,32.6,17.3,69.9375,2020,10,27
2020-10-28,0.0,0.0,25.1,33.8,17.7,48.91666666666667,2020,10,28
2020-10-29,6.3,6.8,22.391666666666666,32.5,17.3,66.14583333333333,2020,10,29
2020-10-30,36.400000000000006,17.8,17.489583333333332,19.8,14.8,93.22916666666667,2020,10,30
2020-10-31,4.5,1.4,15.883333333333331,18.2,13.9,90.4375,2020,10,31
2020-11-01,1.2,1.2,14.879166666666668,17.1,13.7,81.77083333333334,2020,11,1
2020-11-02,0.0,0.0,14.99375,20.4,12.7,75.0625,2020,11,2
2020-11-03,0.0,0.0,15.55,21.5,11.2,72.70833333333334,2020,11,3
2020-11-04,0.0,0.0,16.597916666666666,23.0,12.9,76.22916666666666,2020,11,4
2020-11-05,9.399999999999999,4.0,15.989583333333332,22.5,13.5,82.75,2020,11,5
2020-11-06,0.0,0.0,16.89375,23.9,12.3,74.5625,2020,11,6
2020-11-07,0.0,0.0,18.114583333333332,28.3,12.6,71.8125,2020,11,7
2020-11-08,0.0,0.0,19.658333333333335,30.6,13.4,69.35416666666666,2020,11,8
2020-11-09,0.1,0.2,20.143749999999997,29.3,15.6,78.52083333333334,2020,11,9
2020-11-10,9.5,8.6,21.460416666666667,28.4,18.4,81.91666666666666,2020,11,10
2020-11-11,16.3,7.4,21.404166666666665,29.4,17.8,83.39583333333334,2020,11,11
2020-11-12,3.1,2.0,20.860416666666666,26.8,18.2,84.29166666666666,2020,11,12
2020-11-13,5.9,7.6,21.120833333333334,28.6,17.9,85.10416666666667,2020,11,13
2020-11-14,0.0,0.0,22.120833333333334,30.3,18.6,80.22916666666666,2020,11,14
2020-11-15,0.0,0.0,24.914583333333333,33.5,19.4,69.02083333333334,2020,11,15
2020-11-16,2.0,2.4,24.629166666666663,31.2,18.8,68.0625,2020,11,16
2020-11-17,33.6,24.8,21.075,25.7,17.5,83.25,2020,11,17
2020-11-18,23.4,8.0,17.004166666666666,20.1,14.7,88.0,2020,11,18
2020-11-19,13.100000000000001,7.4,16.691666666666666,20.0,13.6,93.35416666666667,2020,11,19
2020-11-20,0.1,0.2,16.51875,21.4,13.6,79.02083333333334,2020,11,20
2020-11-21,0.0,0.0,17.860416666666666,24.7,13.2,74.08333333333333,2020,11,21
2020-11-22,0.0,0.0,18.808333333333334,25.3,14.9,75.25,2020,11,22
2020-11-23,0.0,0.0,19.56875,25.4,16.1,74.64583333333334,2020,11,23
2020-11-24,0.0,0.0,20.804166666666667,29.8,17.5,74.5625,2020,11,24
2020-11-25,0.0,0.0,22.691666666666666,31.9,16.9,69.20833333333334,2020,11,25
2020-11-26,2.6,2.2,23.8625,32.4,19.2,63.916666666666664,2020,11,26
2020-11-27,0.0,0.0,23.05833333333333,30.4,18.0,67.89583333333333,2020,11,27
2020-11-28,0.0,0.0,22.89375,33.0,18.7,70.3125,2020,11,28
2020-11-29,0.6,0.6,24.183333333333334,32.8,18.4,66.64583333333333,2020,11,29
2020-11-30,6.5,5.2,23.802083333333336,32.7,20.3,71.85416666666666,2020,11,30
2020-12-01,2.5,3.2,22.31875,27.8,20.0,80.85416666666667,2020,12,1
2020-12-02,0.2,0.2,22.085416666666667,27.9,19.5,81.66666666666666,2020,12,2
2020-12-03,0.0,0.0,24.2875,30.5,19.5,70.125,2020,12,3
2020-12-04,0.0,0.0,23.55833333333333,30.7,19.8,72.0,2020,12,4
2020-12-05,0.1,0.2,20.954166666666666,24.7,18.7,84.52083333333333,2020,12,5
2020-12-06,2.8,2.0,19.608333333333334,24.6,17.3,86.29166666666666,2020,12,6
2020-12-07,12.5,14.0,20.579166666666666,25.4,18.2,87.16666666666666,2020,12,7
2020-12-08,27.3,21.8,21.447916666666668,27.7,19.2,87.375,2020,12,8
2020-12-09,0.1,0.2,21.283333333333335,28.0,17.9,78.97916666666667,2020,12,9
2020-12-10,0.0,0.0,21.4125,26.5,18.0,73.85416666666666,2020,12,10
2020-12-11,9.1,15.2,21.83958333333333,27.6,18.3,75.16666666666666,2020,12,11
2020-12-12,0.1,0.2,23.060416666666665,29.9,19.8,71.41666666666666,2020,12,12
2020-12-13,1.9000000000000001,1.8,23.789583333333333,29.9,20.3,75.66666666666666,2020,12,13
2020-12-14,5.300000000000001,3.0,24.089583333333334,30.6,18.5,71.3125,2020,12,14
2020-12-15,9.2,5.8,24.125,31.3,19.6,73.5625,2020,12,15
2020-12-16,13.5,7.4,22.710416666666667,31.1,18.9,81.77083333333334,2020,12,16
2020-12-17,14.5,10.6,23.19375,30.2,19.0,77.70833333333334,2020,12,17
2020-12-18,2.8000000000000003,3.6,22.895833333333336,30.0,19.3,77.79166666666666,2020,12,18
2020-12-19,0.1,0.2,24.9125,33.1,20.1,73.20833333333334,2020,12,19
2020-12-20,40.300000000000004,39.6,23.883333333333333,31.9,19.4,76.9375,2020,12,20
2020-12-21,8.8,13.0,23.84791666666667,31.4,20.8,80.35416666666666,2020,12,21
2020-12-22,4.8,2.2,20.55,22.5,17.2,89.79166666666666,2020,12,22
2020-12-23,0.0,0.0,19.495833333333334,24.2,17.3,80.8125,2020,12,23
2020-12-24,0.3,0.6,19.602083333333333,23.8,17.5,80.25,2020,12,24
2020-12-25,0.0,0.0,18.929166666666667,23.1,16.5,80.20833333333334,2020,12,25
2020-12-26,0.0,0.0,19.333333333333332,25.4,15.4,81.20833333333334,2020,12,26
2020-12-27,14.799999999999999,11.4,20.7125,24.8,18.5,85.20833333333334,2020,12,27
2020-12-28,3.9000000000000004,4.2,21.964583333333337,28.0,17.8,78.33333333333334,2020,12,28
2020-12-29,41.099999999999994,34.4,22.647916666666667,30.5,18.5,78.0,2020,12,29
2020-12-30,4.5,2.2,23.90416666666667,31.3,18.5,70.875,2020,12,30
2020-12-31,7.7,9.2,23.550000000000004,28.9,19.9,72.89583333333334,2020,12,31
2021-01-01,24.4,31.0,21.441666666666663,26.5,19.2,84.75,2021,1,1
2021-01-02,1.0,0.8,20.435416666666665,24.5,18.6,87.77083333333333,2021,1,2
2021-01-03,0.4,0.2,20.335416666666667,26.0,17.5,79.8125,2021,1,3
2021-01-04,0.39999999999999997,0.6,21.262500000000003,28.2,17.3,76.52083333333334,2021,1,4
2021-01-05,0.1,0.2,23.712500000000002,30.7,18.9,71.625,2021,1,5
2021-01-06,0.7999999999999999,1.2,25.6,32.4,20.8,69.47916666666666,2021,1,6
2021-01-07,0.7,1.0,25.164583333333336,31.4,21.0,70.52083333333334,2021,1,7
2021-01-08,21.0,36.2,22.927083333333336,28.5,20.0,79.27083333333334,2021,1,8
2021-01-09,6.300000000000001,5.4,22.595833333333335,27.9,20.8,84.27083333333333,2021,1,9
2021-01-10,8.3,13.6,22.958333333333332,28.1,20.7,83.91666666666666,2021,1,10
2021-01-11,3.7,6.4,23.833333333333336,30.6,21.4,83.95833333333334,2021,1,11
2021-01-12,22.400000000000002,22.0,23.80833333333333,29.3,21.0,84.8125,2021,1,12
2021-01-13,3.0,2.4,23.441666666666666,28.6,21.4,84.5,2021,1,13
2021-01-14,0.8,0.8,22.577083333333334,27.3,20.8,83.64583333333334,2021,1,14
2021-01-15,30.5,9.6,21.172916666666666,26.2,19.4,87.0625,2021,1,15
2021-01-16,0.6000000000000001,0.4,22.985416666666666,28.9,18.5,78.5,2021,1,16
2021-01-17,0.0,0.0,25.18125,30.4,21.6,64.8125,2021,1,17
2021-01-18,4.4,8.8,24.929166666666667,31.1,21.4,69.8125,2021,1,18
2021-01-19,14.899999999999999,19.2,22.96875,29.7,20.4,83.8125,2021,1,19
2021-01-20,0.1,0.2,23.179166666666667,30.7,20.2,81.54166666666666,2021,1,20
2021-01-21,0.8,0.4,22.73333333333333,30.1,19.8,80.29166666666667,2021,1,21
2021-01-22,1.3,1.6,22.989583333333336,29.1,19.7,77.04166666666666,2021,1,22
2021-01-23,4.699999999999999,5.8,22.93958333333333,30.0,20.0,78.08333333333334,2021,1,23
2021-01-24,8.5,10.4,22.552083333333336,29.1,19.5,81.02083333333334,2021,1,24
2021-01-25,8.6,13.8,23.764583333333334,31.7,19.4,75.79166666666667,2021,1,25
2021-01-26,12.7,6.4,23.360416666666666,30.5,19.0,78.1875,2021,1,26
2021-01-27,0.0,0.0,25.88125,32.4,20.8,62.895833333333336,2021,1,27
2021-01-28,16.200000000000003,17.6,25.12916666666667,31.3,18.7,66.14583333333334,2021,1,28
2021-01-29,0.0,0.0,26.070833333333333,32.2,21.3,61.40719696969696,2021,1,29
2021-01-30,0.0,0.0,26.827083333333334,33.5,20.8,61.18749999999999,2021,1,30
2021-01-31,0.0,0.0,26.433333333333334,31.2,21.2,64.75,2021,1,31
2021-02-01,0.5,0.6,24.4125,29.9,21.2,69.1875,2021,2,1
2021-02-02,22.799999999999997,19.4,23.864583333333332,31.7,20.2,74.72916666666666,2021,2,2
2021-02-03,0.1,0.2,24.25625,32.3,19.3,74.6875,2021,2,3
2021-02-04,0.0,0.0,26.139583333333334,32.8,21.7,70.72916666666667,2021,2,4
2021-02-05,14.700000000000001,13.6,22.695833333333336,27.0,19.0,79.0,2021,2,5
2021-02-06,0.4,0.2,20.977083333333333,26.2,17.6,75.8125,2021,2,6
2021-02-07,0.5,0.4,20.204166666666666,25.8,17.7,76.35416666666666,2021,2,7
2021-02-08,0.2,0.2,20.164583333333333,25.5,17.0,72.125,2021,2,8
2021-02-09,0.0,0.0,20.158333333333335,27.0,16.6,73.04166666666667,2021,2,9
2021-02-10,1.7000000000000002,1.8,21.039583333333333,26.9,17.4,76.85416666666666,2021,2,10
2021-02-11,8.0,3.0,20.254166666666666,26.2,17.8,84.29166666666666,2021,2,11
2021-02-12,8.7,16.8,20.93958333333333,25.2,17.8,83.10416666666666,2021,2,12
2021-02-13,23.700000000000003,9.8,20.74791666666667,26.1,19.2,91.875,2021,2,13
2021-02-14,0.0,0.0,22.633333333333333,29.7,17.3,78.7518115942029,2021,2,14
2021-02-15,0.0,0.0,24.018749999999997,30.2,19.9,70.22916666666666,2021,2,15
2021-02-16,11.8,10.8,23.066666666666666,30.5,17.6,73.1322463768116,2021,2,16
2021-02-17,19.7,11.0,22.177083333333336,29.3,18.8,79.5625,2021,2,17
2021-02-18,6.8999999999999995,6.8,22.489583333333336,30.2,17.8,78.45833333333334,2021,2,18
2021-02-19,0.2,0.2,22.527083333333337,29.8,18.5,79.5,2021,2,19
2021-02-20,0.0,0.0,22.70416666666667,28.9,18.9,76.89583333333334,2021,2,20
2021-02-21,0.1,0.2,22.49791666666667,28.6,19.1,77.33333333333334,2021,2,21
2021-02-22,0.0,0.0,22.65,27.8,19.2,76.20833333333334,2021,2,22
2021-02-23,0.0,0.0,24.114583333333336,31.6,18.2,66.29166666666666,2021,2,23
2021-02-24,14.6,12.6,23.12291666666667,30.8,19.1,73.8125,2021,2,24
2021-02-25,10.3,8.4,21.116666666666667,26.7,19.4,87.3125,2021,2,25
2021-02-26,13.7,5.2,20.21875,24.2,18.8,87.89583333333333,2021,2,26
2021-02-27,26.0,14.6,20.727083333333333,25.7,19.0,86.5,2021,2,27
2021-02-28,23.200000000000003,19.2,21.320833333333333,27.1,19.0,85.77083333333334,2021,2,28
2021-03-01,1.6,2.6,22.814583333333335,30.1,19.6,81.20833333333334,2021,3,1
2021-03-02,9.9,19.8,23.366666666666667,30.8,19.5,77.77083333333334,2021,3,2
2021-03-03,11.9,23.6,24.12708333333333,31.5,19.3,70.22916666666666,2021,3,3
2021-03-04,3.8000000000000003,3.2,23.1875,29.7,19.9,75.4375,2021,3,4
2021-03-05,0.6,1.0,22.106250000000003,26.0,19.7,78.5,2021,3,5
2021-03-06,46.2,19.0,21.11875,25.1,19.4,89.27083333333334,2021,3,6
2021-03-07,4.3,2.2,20.804166666666667,26.1,19.3,89.25,2021,3,7
2021-03-08,0.2,0.2,21.62708333333333,27.7,18.9,80.8125,2021,3,8
2021-03-09,1.7999999999999998,2.8,21.760416666666664,29.0,17.9,76.14583333333333,2021,3,9
2021-03-10,0.2,0.2,20.597916666666663,28.2,15.0,74.0,2021,3,10
2021-03-11,9.700000000000001,16.6,22.383333333333333,30.0,19.1,75.0,2021,3,11
2021-03-12,0.30000000000000004,0.4,23.106249999999996,30.5,19.8,79.33333333333334,2021,3,12
2021-03-13,0.1,0.2,22.950000000000003,29.7,18.8,78.10416666666666,2021,3,13
2021-03-14,0.5,0.6,23.28333333333333,30.5,19.5,76.39583333333333,2021,3,14
2021-03-15,0.0,0.0,22.95,30.1,18.3,73.54166666666666,2021,3,15
2021-03-16,0.0,0.0,23.1,30.4,18.8,76.5625,2021,3,16
2021-03-17,0.1,0.2,24.291666666666664,31.5,19.4,70.14583333333334,2021,3,17
2021-03-18,9.7,5.6,22.59791666666667,27.7,19.8,79.8125,2021,3,18
2021-03-19,5.9,7.4,21.993750000000002,27.3,19.0,83.5625,2021,3,19
2021-03-20,0.0,0.0,23.125,30.0,20.1,79.8125,2021,3,20
2021-03-21,0.0,0.0,24.127083333333335,31.9,19.0,72.0,2021,3,21
2021-03-22,0.0,0.0,24.4875,29.5,20.8,72.85416666666666,2021,3,22
2021-03-23,0.0,0.0,23.881249999999998,31.1,18.9,72.30978260869566,2021,3,23
2021-03-24,0.0,0.0,24.272916666666667,30.2,20.6,72.08333333333334,2021,3,24
2021-03-25,0.0,0.0,23.364583333333336,29.5,19.0,74.33333333333333,2021,3,25
2021-03-26,0.0,0.0,24.22083333333333,31.4,20.5,73.1875,2021,3,26
2021-03-27,0.0,0.0,25.110416666666666,32.3,19.8,68.79166666666666,2021,3,27
2021-03-28,2.3000000000000003,1.4,24.71458333333333,31.8,19.9,68.6875,2021,3,28
2021-03-29,5.6,10.6,24.395833333333336,31.4,19.7,69.16666666666666,2021,3,29
2021-03-30,8.2,6.0,22.31041666666667,30.0,18.5,75.29166666666666,2021,3,30
2021-03-31,0.2,0.2,19.9625,25.2,17.1,76.70833333333334,2021,3,31
2021-04-01,0.4,0.8,18.90625,25.5,14.8,73.70833333333334,2021,4,1
2021-04-02,1.3,1.0,19.302083333333336,25.8,16.0,76.91666666666667,2021,4,2
2021-04-03,0.1,0.2,19.802083333333336,26.2,15.9,78.95833333333334,2021,4,3
2021-04-04,0.0,0.0,19.922916666666666,25.0,16.7,76.6875,2021,4,4
2021-04-05,0.0,0.0,20.25625,25.6,17.3,75.54166666666667,2021,4,5
2021-04-06,18.3,13.4,19.260416666666664,23.0,16.9,81.95833333333334,2021,4,6
2021-04-07,0.30000000000000004,0.4,19.84583333333333,24.2,17.7,80.72916666666666,2021,4,7
2021-04-08,0.0,0.0,20.049999999999997,26.0,17.1,73.10416666666666,2021,4,8
2021-04-09,0.1,0.2,20.447916666666668,27.8,16.3,73.58333333333333,2021,4,9
2021-04-10,0.0,0.0,21.84375,28.6,17.2,66.95833333333333,2021,4,10
2021-04-11,0.0,0.0,22.31875,29.2,17.0,60.083333333333336,2021,4,11
2021-04-12,0.0,0.0,22.33958333333333,28.2,17.2,62.625,2021,4,12
2021-04-13,0.30000000000000004,0.2,19.045833333333334,21.9,17.1,82.20833333333333,2021,4,13
2021-04-14,0.9999999999999999,0.6,18.304166666666667,24.3,15.3,77.6875,2021,4,14
2021-04-15,0.0,0.0,19.239583333333336,24.8,16.6,75.125,2021,4,15
2021-04-16,0.0,0.0,19.4625,25.0,15.8,76.39583333333334,2021,4,16
2021-04-17,3.0000000000000004,4.4,20.452083333333334,24.9,17.4,72.60416666666667,2021,4,17
2021-04-18,27.6,17.2,19.29375,23.9,16.9,85.70833333333333,2021,4,18
2021-04-19,1.9000000000000004,1.6,18.135416666666664,22.2,16.3,84.875,2021,4,19
2021-04-20,4.2,1.8,17.93333333333333,22.7,15.8,83.97916666666667,2021,4,20
2021-04-21,0.8,0.4,17.775,23.1,14.9,82.72916666666666,2021,4,21
2021-04-22,2.6,1.8,16.795833333333334,18.7,14.7,83.79166666666667,2021,4,22
2021-04-23,0.30000000000000004,0.2,17.3375,23.8,13.8,79.45833333333333,2021,4,23
2021-04-24,0.0,0.0,19.341666666666665,26.3,15.6,74.41666666666667,2021,4,24
2021-04-25,0.0,0.0,20.329166666666666,27.3,15.5,75.16666666666666,2021,4,25
2021-04-26,0.6,0.6,20.179166666666667,25.6,17.5,78.52083333333333,2021,4,26
2021-04-27,1.2,1.8,18.956249999999997,22.3,16.6,85.1875,2021,4,27
2021-04-28,0.1,0.2,18.27916666666667,24.3,14.8,77.10416666666666,2021,4,28
2021-04-29,0.5,0.6,16.81041666666667,21.0,13.4,78.625,2021,4,29
2021-04-30,0.4,0.2,17.079166666666666,22.1,14.5,77.3125,2021,4,30
2021-05-01,0.0,0.0,17.464583333333334,23.8,14.0,75.5,2021,5,1
2021-05-02,0.0,0.0,18.40625,25.1,14.9,73.77083333333334,2021,5,2
2021-05-03,0.1,0.2,18.139583333333334,26.3,13.1,80.04166666666667,2021,5,3
2021-05-04,0.2,0.2,20.09166666666667,27.6,14.8,69.1875,2021,5,4
2021-05-05,0.0,0.0,20.260416666666664,27.8,14.7,67.54166666666667,2021,5,5
2021-05-06,0.0,0.0,20.9625,28.5,15.9,69.04166666666666,2021,5,6
2021-05-07,0.4,0.2,16.572916666666668,21.4,14.7,85.52083333333333,2021,5,7
2021-05-08,0.30000000000000004,0.4,16.175,20.7,13.8,81.97916666666667,2021,5,8
2021-05-09,0.0,0.0,17.239583333333336,22.7,13.9,78.20833333333333,2021,5,9
2021-05-10,0.0,0.0,18.00625,23.8,14.3,75.89583333333334,2021,5,10
2021-05-11,0.1,0.2,18.68125,26.3,13.8,74.5625,2021,5,11
2021-05-12,12.2,5.4,17.09583333333333,21.1,14.5,82.83333333333334,2021,5,12
2021-05-13,17.599999999999998,4.8,15.064583333333335,18.6,13.1,87.70833333333334,2021,5,13
2021-05-14,0.1,0.2,16.183333333333334,21.3,13.2,79.89583333333334,2021,5,14
2021-05-15,0.0,0.0,17.039583333333333,21.2,14.6,82.1875,2021,5,15
2021-05-16,0.0,0.0,17.758333333333333,23.1,14.8,80.39583333333334,2021,5,16
2021-05-17,0.0,0.0,17.914583333333333,24.7,12.9,75.16666666666666,2021,5,17
2021-05-18,0.0,0.0,17.129166666666666,21.8,14.8,79.625,2021,5,18
2021-05-19,0.0,0.0,17.552083333333336,24.7,12.5,70.125,2021,5,19
2021-05-20,0.1,0.2,17.922916666666666,26.0,12.6,69.52302631578948,2021,5,20
2021-05-21,0.1,0.2,19.12708333333333,28.1,12.8,66.08333333333333,2021,5,21
2021-05-22,6.4,2.6,17.727083333333333,22.2,15.8,72.10416666666666,2021,5,22
2021-05-23,0.1,0.2,18.547916666666666,22.6,14.9,82.41032608695653,2021,5,23
2021-05-24,0.0,0.0,16.29375,21.3,10.5,58.68750000000001,2021,5,24
2021-05-25,0.0,0.0,15.643749999999999,24.0,9.6,60.729166666666664,2021,5,25
2021-05-26,0.2,0.2,15.964583333333334,24.7,9.7,71.81431159420289,2021,5,26
2021-05-27,0.0,0.0,18.61875,26.5,13.1,60.63782051282051,2021,5,27
2021-05-28,0.0,0.0,20.825000000000003,28.3,15.1,66.0,2021,5,28
2021-05-29,1.9000000000000001,3.2,23.537499999999998,27.7,18.9,61.89311594202898,2021,5,29
2021-05-30,3.9,2.8,18.9375,23.3,16.6,85.70416666666667,2021,5,30
2021-05-31,3.1999999999999997,1.8,17.56041666666667,22.1,14.9,84.97727272727272,2021,5,31
2021-06-01,0.0,0.0,16.964583333333334,23.2,13.3,75.54583333333333,2021,6,1
2021-06-02,0.0,0.0,18.891666666666666,26.9,14.0,65.73397435897436,2021,6,2
2021-06-03,0.0,0.0,19.510416666666664,27.0,14.8,74.47916666666666,2021,6,3
2021-06-04,0.0,0.0,19.691666666666666,25.7,16.3,77.75109649122808,2021,6,4
2021-06-05,0.0,0.0,20.37708333333333,26.4,15.6,67.39912280701753,2021,6,5
2021-06-06,0.0,0.0,19.914583333333333,26.7,15.8,72.4211956521739,2021,6,6
2021-06-07,2.1,2.2,18.370833333333334,22.1,16.6,87.29166666666666,2021,6,7
2021-06-08,2.5,0.8,17.202083333333334,20.1,15.9,92.0,2021,6,8
2021-06-09,0.1,0.2,18.18125,22.2,16.2,80.29166666666666,2021,6,9
2021-06-10,1.1,0.8,18.31875,20.6,17.1,86.91369047619048,2021,6,10
2021-06-11,1.2000000000000002,0.6,16.954166666666666,18.7,14.9,88.79545454545455,2021,6,11
2021-06-12,0.1,0.2,15.433333333333334,21.1,12.2,77.27083333333334,2021,6,12
2021-06-13,0.0,0.0,14.30625,18.8,11.8,78.98188405797102,2021,6,13
2021-06-14,0.0,0.0,15.1125,21.4,12.0,79.39583333333334,2021,6,14
2021-06-15,0.0,0.0,16.229166666666664,23.2,12.7,78.0125,2021,6,15
2021-06-16,0.0,0.0,15.297916666666666,19.8,12.5,78.91666666666666,2021,6,16
2021-06-17,1.2000000000000002,0.8,14.552083333333332,19.4,12.4,82.875,2021,6,17
2021-06-18,0.1,0.2,14.837500000000002,20.1,12.0,79.875,2021,6,18
2021-06-19,0.7000000000000001,0.8,15.660416666666665,19.8,14.0,83.8076923076923,2021,6,19
2021-06-20,0.9,0.4,17.327083333333334,21.7,14.3,72.91666666666667,2021,6,20
2021-06-21,0.9,0.6,15.089583333333334,19.5,12.9,79.60416666666666,2021,6,21
2021-06-22,6.1,1.8,15.266666666666667,18.9,13.6,90.04166666666666,2021,6,22
2021-06-23,0.4,0.8,15.10625,19.0,13.4,82.71634615384616,2021,6,23
2021-06-24,0.0,0.0,16.835416666666667,23.7,12.8,70.59027777777777,2021,6,24
2021-06-25,0.0,0.0,18.366666666666667,25.9,14.1,72.0,2021,6,25
2021-06-26,0.0,0.0,19.589583333333334,27.3,14.8,63.020833333333336,2021,6,26
2021-06-27,0.0,0.0,20.679166666666667,26.3,15.8,59.83333333333333,2021,6,27
2021-06-28,0.0,0.0,17.333333333333332,23.2,13.8,73.07440476190476,2021,6,28
2021-06-29,0.5,0.2,12.697916666666666,16.3,10.3,79.575,2021,6,29
2021-06-30,0.0,0.0,9.214583333333334,15.3,4.7,67.54166666666667,2021,6,30
2021-07-01,0.0,0.0,11.243749999999999,18.2,6.7,78.42261904761905,2021,7,1
2021-07-02,0.1,0.2,14.966666666666665,23.9,9.6,71.64473684210526,2021,7,2
2021-07-03,0.1,0.2,15.795833333333334,23.9,11.0,71.40789473684211,2021,7,3
2021-07-04,0.0,0.0,15.091666666666665,19.8,13.6,81.1875,2021,7,4
2021-07-05,0.0,0.0,15.429166666666667,21.1,13.3,81.68201754385964,2021,7,5
2021-07-06,0.4,0.8,15.0125,19.5,12.2,74.28472222222223,2021,7,6
2021-07-07,0.1,0.2,14.535416666666666,20.7,10.9,76.64583333333334,2021,7,7
2021-07-08,0.0,0.0,15.810416666666667,22.7,12.0,69.08333333333334,2021,7,8
2021-07-09,0.0,0.0,15.220833333333333,22.3,11.7,77.41666666666667,2021,7,9
2021-07-10,0.2,0.2,16.09583333333333,24.0,11.3,68.54166666666667,2021,7,10
2021-07-11,0.0,0.0,16.9125,24.8,11.8,59.875,2021,7,11
2021-07-12,0.1,0.2,16.695833333333333,25.0,10.6,66.39583333333334,2021,7,12
2021-07-13,0.1,0.2,17.835416666666667,25.6,12.3,58.895833333333336,2021,7,13
2021-07-14,0.1,0.2,18.25625,25.1,12.3,56.79166666666667,2021,7,14
2021-07-15,0.0,0.0,19.647916666666667,26.9,12.5,48.3125,2021,7,15
2021-07-16,0.0,0.0,17.420833333333334,22.2,14.2,67.5,2021,7,16
2021-07-17,5.8,4.0,17.129166666666666,22.6,13.4,81.52083333333334,2021,7,17
2021-07-18,0.1,0.2,17.722916666666666,23.9,12.2,65.29166666666666,2021,7,18
2021-07-19,0.0,0.0,12.785416666666666,19.3,5.6,47.483695652173914,2021,7,19
2021-07-20,0.0,0.0,10.766666666666667,17.6,4.8,61.04166666666667,2021,7,20
2021-07-21,0.0,0.0,13.333333333333332,21.4,8.6,64.16666666666666,2021,7,21
2021-07-22,0.0,0.0,13.458333333333332,22.0,8.3,74.29166666666666,2021,7,22
2021-07-23,0.0,0.0,15.645833333333334,23.7,11.6,67.60416666666667,2021,7,23
2021-07-24,0.1,0.2,17.022916666666667,25.7,10.6,62.208333333333336,2021,7,24
2021-07-25,0.0,0.0,18.15,26.3,10.9,48.97916666666667,2021,7,25
2021-07-26,0.0,0.0,19.18541666666667,27.5,12.1,41.958333333333336,2021,7,26
2021-07-27,0.0,0.0,20.68958333333333,28.1,14.2,38.520833333333336,2021,7,27
2021-07-28,32.1,7.2,12.09375,17.2,8.1,94.14583333333334,2021,7,28
2021-07-29,0.0,0.0,8.33125,13.5,4.2,59.70833333333333,2021,7,29
2021-07-30,0.1,0.2,7.428079710144928,13.2,3.7,71.64855072463769,2021,7,30
2021-07-31,0.0,0.0,10.493749999999999,17.6,6.5,71.25,2021,7,31
2021-08-01,0.0,0.0,12.91875,19.2,9.4,73.9375,2021,8,1
2021-08-02,0.0,0.0,13.879166666666666,21.1,10.2,78.29166666666667,2021,8,2
2021-08-03,0.6,0.4,13.260416666666668,17.4,11.2,79.60416666666667,2021,8,3
2021-08-04,0.0,0.0,13.145833333333334,18.5,10.8,73.875,2021,8,4
2021-08-05,0.0,0.0,14.081249999999999,19.6,10.7,78.10416666666666,2021,8,5
2021-08-06,0.0,0.0,15.877083333333335,22.8,13.0,79.0,2021,8,6
2021-08-07,0.0,0.0,16.289583333333333,22.3,13.2,76.54166666666666,2021,8,7
2021-08-08,0.0,0.0,17.375,24.2,12.9,66.4375,2021,8,8
2021-08-09,0.0,0.0,18.98125,26.9,13.0,51.854166666666664,2021,8,9
2021-08-10,0.0,0.0,20.18541666666667,28.3,12.9,42.52083333333333,2021,8,10
2021-08-11,0.0,0.0,15.685416666666667,21.5,12.4,71.625,2021,8,11
2021-08-12,0.30000000000000004,0.4,13.377083333333333,15.5,11.9,87.41666666666666,2021,8,12
2021-08-13,1.2000000000000002,0.4,13.756250000000001,15.5,12.1,94.375,2021,8,13
2021-08-14,0.0,0.0,14.827083333333333,19.3,12.7,85.9375,2021,8,14
2021-08-15,0.0,0.0,17.28125,26.7,13.9,80.20833333333334,2021,8,15
2021-08-16,1.8000000000000003,1.6,16.329166666666666,20.6,14.1,85.16666666666666,2021,8,16
2021-08-17,0.0,0.0,19.708333333333336,29.6,12.9,61.125,2021,8,17
2021-08-18,0.0,0.0,22.572916666666664,30.7,16.2,53.10416666666667,2021,8,18
2021-08-19,0.0,0.0,22.54375,30.9,15.9,48.4375,2021,8,19
2021-08-20,0.0,0.0,22.6625,30.1,15.6,42.1875,2021,8,20
2021-08-21,0.0,0.0,21.43958333333333,28.5,14.3,48.45833333333333,2021,8,21
2021-08-22,0.0,0.0,22.085416666666667,29.8,15.2,35.625,2021,8,22
2021-08-23,0.0,0.0,22.333333333333332,30.8,15.6,39.72916666666667,2021,8,23
2021-08-24,0.0,0.0,23.581249999999997,31.7,17.4,39.375,2021,8,24
2021-08-25,0.0,0.0,24.368750000000002,32.3,17.8,36.04166666666667,2021,8,25
2021-08-26,0.0,0.0,23.841666666666665,31.6,18.2,38.75,2021,8,26
2021-08-27,0.5,0.8,16.422916666666666,19.9,14.4,84.0625,2021,8,27
2021-08-28,32.4,8.6,15.172916666666666,16.9,13.9,91.9375,2021,8,28
2021-08-29,0.5,0.4,16.13125,18.8,14.9,89.08333333333334,2021,8,29
2021-08-30,2.0,2.4,16.78333333333333,21.6,15.1,84.70833333333334,2021,8,30
2021-08-31,0.1,0.2,17.06458333333333,22.7,14.5,78.91666666666666,2021,8,31
2021-09-01,0.0,0.0,17.570833333333333,25.1,13.2,74.95833333333334,2021,9,1
2021-09-02,0.5,0.6,19.18958333333333,27.7,14.2,65.72916666666666,2021,9,2
2021-09-03,0.0,0.0,21.34166666666667,29.3,15.4,57.8125,2021,9,3
2021-09-04,0.0,0.0,19.741666666666667,29.7,14.8,69.29166666666666,2021,9,4
2021-09-05,0.0,0.0,20.260416666666664,30.4,15.0,69.08333333333333,2021,9,5
2021-09-06,0.0,0.0,19.70625,26.1,16.8,74.41666666666666,2021,9,6
2021-09-07,0.0,0.0,18.929166666666667,27.1,16.0,80.22916666666667,2021,9,7
2021-09-08,0.0,0.0,23.43125,34.1,16.4,61.62499999999999,2021,9,8
2021-09-09,7.300000000000001,5.0,21.989583333333336,28.8,18.4,72.9375,2021,9,9
2021-09-10,5.4,2.4,20.18541666666667,23.7,18.3,79.83333333333334,2021,9,10
2021-09-11,0.7,0.6,20.543115942028983,27.0,17.1,69.57608695652175,2021,9,11
2021-09-12,0.0,0.0,20.758333333333333,31.2,15.1,73.85416666666666,2021,9,12
2021-09-13,0.1,0.2,24.275,33.6,16.4,60.06249999999999,2021,9,13
2021-09-14,0.0,0.0,26.212500000000002,32.6,20.4,41.14583333333333,2021,9,14
2021-09-15,0.9000000000000001,0.8,20.258333333333333,23.0,16.7,77.16666666666666,2021,9,15
2021-09-16,6.1000000000000005,7.8,16.950000000000003,19.2,15.3,92.22916666666666,2021,9,16
2021-09-17,0.5,0.6,16.427083333333336,24.6,14.5,89.95833333333334,2021,9,17
2021-09-18,0.1,0.2,20.277083333333334,31.6,15.4,78.66666666666667,2021,9,18
2021-09-19,0.0,0.0,20.96666666666667,31.7,16.2,79.1875,2021,9,19
2021-09-20,0.0,0.0,24.139583333333334,35.4,17.0,64.85416666666667,2021,9,20
2021-09-21,0.0,0.0,22.441666666666666,34.2,15.6,74.93840579710145,2021,9,21
2021-09-22,2.4000000000000004,0.8,14.0,17.6,12.0,84.29166666666666,2021,9,22
2021-09-23,0.0,0.0,14.447916666666668,20.9,11.2,69.70833333333334,2021,9,23
2021-09-24,0.0,0.0,16.325,29.1,11.9,72.72916666666666,2021,9,24
2021-09-25,4.1,6.6,16.26875,20.6,13.5,83.47916666666667,2021,9,25
2021-09-26,0.0,0.0,19.66875,30.1,14.7,72.97916666666666,2021,9,26
2021-09-27,0.0,0.0,21.0625,29.9,15.1,62.270833333333336,2021,9,27
2021-09-28,0.0,0.0,22.56041666666667,31.8,15.0,50.333333333333336,2021,9,28
2021-09-29,0.0,0.0,20.71875,27.7,16.5,64.20833333333334,2021,9,29
2021-09-30,0.5,0.4,18.15625,25.2,15.4,80.16666666666667,2021,9,30
2021-10-01,4.199999999999999,4.6,18.2125,22.1,16.2,83.625,2021,10,1
2021-10-02,0.2,0.4,20.120833333333334,25.5,15.7,77.0625,2021,10,2
2021-10-03,10.5,6.2,20.704166666666666,27.7,17.1,79.04166666666666,2021,10,3
2021-10-04,5.2,2.2,19.302083333333336,25.6,16.9,88.89583333333334,2021,10,4
2021-10-05,0.4,0.4,16.483333333333334,18.2,15.0,90.29166666666666,2021,10,5
2021-10-06,0.0,0.0,19.59166666666667,30.8,15.3,79.875,2021,10,6
2021-10-07,0.0,0.0,17.58125,21.2,14.9,86.8125,2021,10,7
2021-10-08,0.2,0.2,16.29375,23.8,13.3,83.0625,2021,10,8
2021-10-09,6.699999999999999,1.4,15.897916666666665,17.4,14.2,90.83333333333334,2021,10,9
2021-10-10,5.4,1.6,16.075000000000003,18.0,14.9,93.58333333333334,2021,10,10
2021-10-11,8.8,4.4,16.879166666666666,20.1,15.5,91.41666666666667,2021,10,11
2021-10-12,5.5,4.6,18.2125,24.3,15.3,81.25,2021,10,12
2021-10-13,0.0,0.0,19.3125,27.8,16.0,78.64583333333334,2021,10,13
2021-10-14,3.4,4.2,21.585416666666667,30.2,16.3,72.4375,2021,10,14
2021-10-15,7.9,6.8,22.356250000000003,29.7,17.2,67.9375,2021,10,15
2021-10-16,17.1,11.0,20.25625,28.1,16.4,83.0625,2021,10,16
2021-10-17,0.6,0.4,16.797916666666666,19.2,15.1,90.5,2021,10,17
2021-10-18,19.4,10.2,15.854166666666666,16.9,14.8,94.5625,2021,10,18
2021-10-19,1.7000000000000002,0.4,14.89375,16.5,11.1,92.79166666666667,2021,10,19
2021-10-20,2.8000000000000003,3.8,13.410416666666666,17.0,10.9,85.41666666666667,2021,10,20
2021-10-21,0.2,0.2,15.175,21.4,12.2,80.04166666666666,2021,10,21
2021-10-22,0.5,0.6,17.804166666666667,26.9,12.1,72.22916666666667,2021,10,22
2021-10-23,0.1,0.2,21.39166666666667,31.7,13.5,61.875,2021,10,23
2021-10-24,31.4,9.2,19.2625,25.2,14.8,82.04166666666666,2021,10,24
2021-10-25,0.1,0.2,16.566666666666666,20.3,13.9,82.85416666666666,2021,10,25
2021-10-26,0.0,0.0,18.18541666666667,26.1,15.0,87.29166666666666,2021,10,26
2021-10-27,3.5,1.8,19.058333333333334,24.2,16.7,90.0625,2021,10,27
2021-10-28,4.7,1.8,19.954166666666666,24.2,17.6,90.91666666666666,2021,10,28
2021-10-29,0.1,0.2,18.704166666666666,24.3,15.6,84.6875,2021,10,29
2021-10-30,0.30000000000000004,0.2,19.277083333333334,25.2,17.0,83.1875,2021,10,30
2021-10-31,3.6000000000000005,1.4,18.258333333333333,19.7,16.7,89.35416666666667,2021,10,31
2021-11-01,12.700000000000001,4.4,18.889583333333334,23.8,16.5,86.0,2021,11,1
2021-11-02,0.6000000000000001,0.2,19.097916666666666,23.7,16.8,84.75,2021,11,2
2021-11-03,0.5,0.2,19.31875,24.6,16.8,81.875,2021,11,3
2021-11-04,0.0,0.0,20.414583333333333,29.0,16.2,72.72916666666666,2021,11,4
2021-11-05,0.0,0.0,20.052083333333336,28.0,16.2,76.47916666666667,2021,11,5
2021-11-06,0.0,0.0,19.858333333333334,29.2,14.4,70.70833333333334,2021,11,6
2021-11-07,0.0,0.0,19.504166666666666,27.0,15.8,67.875,2021,11,7
2021-11-08,0.0,0.0,18.922916666666666,27.1,14.9,73.58333333333334,2021,11,8
2021-11-09,0.0,0.0,18.362499999999997,21.4,16.3,85.54166666666667,2021,11,9
2021-11-10,0.0,0.0,18.585416666666667,24.5,15.9,80.27083333333333,2021,11,10
2021-11-11,2.9,1.2,16.4375,18.1,14.9,90.14583333333334,2021,11,11
2021-11-12,0.1,0.2,15.747916666666667,19.7,14.0,84.04166666666666,2021,11,12
2021-11-13,0.0,0.0,15.539583333333333,21.7,12.2,68.47916666666666,2021,11,13
2021-11-14,0.0,0.0,17.829166666666666,26.7,14.1,69.79166666666667,2021,11,14
2021-11-15,0.0,0.0,19.15,27.9,13.6,69.79166666666667,2021,11,15
2021-11-16,0.0,0.0,21.13125,29.7,14.1,64.52083333333334,2021,11,16
2021-11-17,0.0,0.0,23.666666666666664,32.1,16.7,55.125,2021,11,17
2021-11-18,15.3,5.0,22.03541666666667,25.0,19.6,73.79166666666667,2021,11,18
2021-11-19,53.7,18.2,19.34166666666667,21.3,17.7,94.95833333333333,2021,11,19
2021-11-20,1.8,0.8,17.66875,20.4,14.5,88.625,2021,11,20
2021-11-21,0.0,0.0,16.433333333333334,21.3,14.0,79.29166666666666,2021,11,21
2021-11-22,0.0,0.0,19.477083333333333,29.3,12.7,69.35416666666666,2021,11,22
2021-11-23,0.1,0.2,23.220833333333335,33.4,14.4,47.0,2021,11,23
2021-11-24,0.4,0.8,20.189583333333335,25.6,17.0,74.875,2021,11,24
2021-11-25,0.0,0.0,21.789583333333333,31.6,17.0,75.08333333333334,2021,11,25
2021-11-26,2.5,1.8,21.79375,24.2,19.2,76.52083333333333,2021,11,26
2021-11-27,0.1,0.2,22.922916666666666,29.0,19.4,67.5625,2021,11,27
2021-11-28,0.0,0.0,22.277083333333337,29.1,17.9,74.6875,2021,11,28
2021-11-29,0.0,0.0,25.306250000000002,33.2,19.2,59.81249999999999,2021,11,29
2021-11-30,10.3,7.4,23.31875,29.6,18.7,73.02083333333334,2021,11,30
2021-12-01,0.0,0.0,21.325,28.4,18.1,83.66666666666667,2021,12,1
2021-12-02,0.0,0.0,19.970289855072462,27.1,17.4,83.27898550724638,2021,12,2
2021-12-03,0.30000000000000004,0.4,18.8375,23.6,16.4,85.0625,2021,12,3
2021-12-04,0.0,0.0,19.700000000000003,26.3,16.5,77.79166666666666,2021,12,4
2021-12-05,0.0,0.0,21.052083333333336,28.8,17.2,75.52083333333334,2021,12,5
2021-12-06,0.0,0.0,20.535416666666666,25.9,17.6,76.875,2021,12,6
2021-12-07,10.799999999999999,4.0,17.183333333333334,19.1,15.3,87.89583333333333,2021,12,7
2021-12-08,0.4,0.2,16.829166666666666,21.3,14.6,82.54166666666667,2021,12,8
2021-12-09,0.4,0.6,17.629166666666666,22.8,14.2,74.875,2021,12,9
2021-12-10,0.0,0.0,18.825000000000003,27.0,13.6,70.5625,2021,12,10
2021-12-11,0.1,0.2,22.466666666666665,32.6,15.3,56.0625,2021,12,11
2021-12-12,1.7,3.4,24.435416666666665,33.4,19.4,52.4375,2021,12,12
2021-12-13,26.9,21.8,22.895833333333336,29.5,20.0,80.02083333333333,2021,12,13
2021-12-14,5.6,4.2,22.68125,26.9,20.6,88.54166666666667,2021,12,14
2021-12-15,31.5,15.8,22.604166666666664,27.7,20.7,90.35416666666667,2021,12,15
2021-12-16,3.2,1.8,23.525,31.3,20.4,84.39583333333334,2021,12,16
2021-12-17,19.3,18.4,22.08958333333333,26.5,20.1,90.22916666666666,2021,12,17
2021-12-18,0.9,0.8,20.585416666666667,25.2,18.3,84.14583333333334,2021,12,18
2021-12-19,1.5,0.6,18.310416666666665,22.5,15.6,85.89583333333333,2021,12,19
2021-12-20,0.1,0.2,20.075000000000003,26.6,15.3,73.91666666666666,2021,12,20
2021-12-21,0.6,1.2,22.371014492753623,31.9,16.4,72.7663043478261,2021,12,21
2021-12-22,5.2,7.4,24.09166666666667,31.7,18.8,70.85416666666666,2021,12,22
2021-12-23,9.899999999999999,12.6,19.299999999999997,23.1,16.5,80.22916666666667,2021,12,23
2021-12-24,3.7,1.4,18.241666666666667,21.5,16.3,81.52083333333333,2021,12,24
2021-12-25,0.0,0.0,19.04375,27.3,14.6,72.875,2021,12,25
2021-12-26,0.0,0.0,22.424999999999997,30.7,16.4,64.9375,2021,12,26
2021-12-27,3.2,2.2,21.960416666666667,27.8,17.5,66.75,2021,12,27
2021-12-28,1.5,1.2,21.383333333333333,27.5,17.8,75.0625,2021,12,28
2021-12-29,0.1,0.2,21.31875,28.7,17.7,80.72916666666666,2021,12,29
2021-12-30,12.8,8.4,20.495833333333334,23.2,18.6,86.14583333333333,2021,12,30
2021-12-31,42.5,31.2,19.902083333333334,24.3,18.3,93.45833333333334,2021,12,31
2022-01-01,2.1,2.0,21.06041666666667,28.4,18.1,86.79166666666666,2022,1,1
2022-01-02,1.4,2.8,22.831250000000004,29.7,19.6,79.375,2022,1,2
2022-01-03,10.4,17.2,22.827083333333334,29.0,20.3,82.60416666666666,2022,1,3
2022-01-04,13.9,11.4,22.472916666666666,28.0,20.5,88.27083333333333,2022,1,4
2022-01-05,6.5,10.4,23.145833333333336,28.3,20.0,81.77083333333333,2022,1,5
2022-01-06,9.4,4.2,21.670833333333334,26.8,18.9,87.45833333333333,2022,1,6
2022-01-07,5.0,2.8,19.46666666666667,22.4,18.2,90.91666666666667,2022,1,7
2022-01-08,11.4,6.4,18.65416666666667,21.7,16.5,91.3125,2022,1,8
2022-01-09,15.0,5.8,17.352083333333333,20.4,16.0,94.125,2022,1,9
2022-01-10,1.0,0.4,19.395833333333336,24.3,16.4,87.41666666666666,2022,1,10
2022-01-11,20.6,16.4,20.039583333333333,23.8,18.0,89.4375,2022,1,11
2022-01-12,7.6,8.4,21.30833333333333,29.1,18.5,87.10416666666666,2022,1,12
2022-01-13,5.1,7.8,21.9125,29.6,19.6,88.29166666666666,2022,1,13
2022-01-14,0.1,0.2,23.070833333333333,28.4,19.8,83.39583333333333,2022,1,14
2022-01-15,0.1,0.2,24.106250000000003,28.8,21.6,79.5,2022,1,15
2022-01-16,17.9,14.6,23.450000000000003,30.1,19.3,72.91666666666666,2022,1,16
2022-01-17,0.30000000000000004,0.2,23.6625,30.6,18.5,74.0625,2022,1,17
2022-01-18,18.900000000000002,33.0,25.37708333333333,33.2,19.5,69.16666666666667,2022,1,18
2022-01-19,16.499999999999996,29.4,24.03125,32.7,18.8,71.77083333333334,2022,1,19
2022-01-20,11.999999999999998,12.6,23.50416666666667,31.5,18.5,72.52083333333334,2022,1,20
2022-01-21,0.1,0.2,23.739583333333332,30.9,19.8,76.91666666666667,2022,1,21
2022-01-22,0.0,0.0,23.445833333333333,32.5,18.6,73.5625,2022,1,22
2022-01-23,0.0,0.0,23.997916666666665,32.7,19.8,79.3125,2022,1,23
2022-01-24,0.0,0.0,24.379166666666666,32.0,21.1,79.20833333333334,2022,1,24
2022-01-25,0.6,1.2,24.34166666666667,31.5,20.3,76.95833333333334,2022,1,25
2022-01-26,12.6,19.2,25.52916666666667,32.3,21.0,69.89492753623188,2022,1,26
2022-01-27,1.0,1.8,25.3375,33.0,20.9,65.3586956521739,2022,1,27
2022-01-28,36.099999999999994,11.6,21.379166666666666,25.0,19.2,89.75,2022,1,28
2022-01-29,27.4,11.2,20.02916666666667,22.7,18.6,92.54166666666667,2022,1,29
2022-01-30,42.900000000000006,9.0,20.052083333333332,24.1,18.3,92.20833333333333,2022,1,30
2022-01-31,8.0,3.8,20.831249999999997,24.3,18.9,89.10416666666666,2022,1,31
2022-02-01,9.7,9.2,21.860416666666666,26.5,20.1,87.0625,2022,2,1
2022-02-02,12.8,7.4,21.40625,25.4,19.1,87.75,2022,2,2
2022-02-03,0.2,0.2,22.10833333333333,26.7,18.9,84.125,2022,2,3
2022-02-04,0.0,0.0,23.30833333333333,28.0,20.5,79.5625,2022,2,4
2022-02-05,3.5,2.6,24.19375,30.5,20.5,77.16666666666666,2022,2,5
2022-02-06,1.4,1.4,23.639583333333334,28.7,21.4,78.89583333333333,2022,2,6
2022-02-07,16.6,15.0,20.866666666666667,22.5,19.2,89.41666666666666,2022,2,7
2022-02-08,0.2,0.2,20.539583333333333,25.7,18.2,82.625,2022,2,8
2022-02-09,0.0,0.0,20.38125,24.9,16.6,73.60416666666666,2022,2,9
2022-02-10,0.0,0.0,20.40625,26.8,16.0,74.8125,2022,2,10
2022-02-11,0.0,0.0,20.629166666666666,25.0,17.5,78.125,2022,2,11
2022-02-12,0.0,0.0,21.2,27.0,18.4,78.91666666666666,2022,2,12
2022-02-13,0.0,0.0,21.985416666666666,30.3,17.8,78.6875,2022,2,13
2022-02-14,0.1,0.2,24.041666666666664,32.4,18.6,71.97916666666666,2022,2,14
2022-02-15,0.1,0.2,22.931250000000002,28.6,18.8,76.58333333333334,2022,2,15
2022-02-16,0.2,0.2,21.697916666666664,28.7,18.1,76.72916666666666,2022,2,16
2022-02-17,2.6,2.2,21.391666666666666,27.6,18.0,76.5,2022,2,17
2022-02-18,3.8,7.6,20.724999999999998,25.5,18.3,78.54166666666666,2022,2,18
2022-02-19,0.0,0.0,20.96875,27.8,16.3,77.20833333333334,2022,2,19
2022-02-20,7.8999999999999995,14.6,23.141666666666666,31.6,18.9,71.52083333333334,2022,2,20
2022-02-21,5.6,11.2,23.960416666666667,31.5,18.6,67.33333333333333,2022,2,21
2022-02-22,7.1,12.0,24.022916666666667,31.5,19.4,71.66666666666666,2022,2,22
2022-02-23,2.4,3.6,23.289583333333333,31.6,19.1,79.5625,2022,2,23
2022-02-24,0.2,0.2,22.947916666666664,30.3,18.5,75.5625,2022,2,24
2022-02-25,0.0,0.0,24.09583333333333,32.1,20.0,73.9375,2022,2,25
2022-02-26,0.0,0.0,23.44166666666667,31.4,18.6,71.47916666666667,2022,2,26
2022-02-27,0.1,0.2,23.214583333333337,31.0,18.8,76.54166666666666,2022,2,27
2022-02-28,0.0,0.0,25.81041666666667,33.6,20.3,65.27083333333334,2022,2,28
2022-03-01,4.4,2.4,25.91875,31.4,20.2,62.56250000000001,2022,3,1
2022-03-02,4.3,6.8,24.302083333333332,32.3,19.9,72.60416666666666,2022,3,2
2022-03-03,0.0,0.0,25.391666666666666,32.5,21.1,68.25,2022,3,3
2022-03-04,12.700000000000001,14.4,23.297916666666666,31.3,19.9,79.47916666666666,2022,3,4
2022-03-05,8.8,14.4,23.65625,32.0,18.9,77.35416666666666,2022,3,5
2022-03-06,0.8,1.2,24.51458333333333,32.8,20.4,72.35416666666666,2022,3,6
2022-03-07,8.7,16.8,24.083333333333336,32.3,19.5,70.64583333333333,2022,3,7
2022-03-08,0.1,0.2,24.7,31.2,20.5,74.625,2022,3,8
2022-03-09,0.9,1.8,23.89166666666667,30.8,19.3,77.5625,2022,3,9
2022-03-10,8.3,11.2,24.879166666666666,32.6,20.4,68.54166666666666,2022,3,10
2022-03-11,3.9,1.4,23.604166666666664,29.9,20.1,72.27083333333333,2022,3,11
2022-03-12,37.0,40.2,23.268749999999997,28.6,19.7,78.16666666666666,2022,3,12
2022-03-13,7.5,12.0,22.333333333333332,27.4,19.6,82.97916666666666,2022,3,13
2022-03-14,21.8,13.6,21.764583333333334,25.9,20.3,90.95833333333334,2022,3,14
2022-03-15,32.2,44.4,22.097916666666666,27.6,19.9,89.89583333333333,2022,3,15
2022-03-16,37.7,18.0,22.508333333333333,29.1,20.0,87.85416666666666,2022,3,16
2022-03-17,4.2,7.2,24.493750000000002,30.2,20.1,77.89583333333334,2022,3,17
2022-03-18,0.2,0.2,25.852083333333333,31.6,22.5,70.58333333333333,2022,3,18
2022-03-19,1.2000000000000002,0.8,24.78333333333333,30.9,20.7,75.83333333333334,2022,3,19
2022-03-20,12.8,7.0,19.1125,21.8,17.1,91.35416666666666,2022,3,20
2022-03-21,0.6,0.4,18.575000000000003,23.2,16.8,81.125,2022,3,21
2022-03-22,0.0,0.0,19.308333333333334,25.8,15.8,71.79166666666667,2022,3,22
2022-03-23,0.0,0.0,21.708333333333336,29.7,17.2,72.35416666666666,2022,3,23
2022-03-24,0.0,0.0,24.0375,30.8,18.1,67.60416666666667,2022,3,24
2022-03-25,2.6,5.2,25.03333333333333,30.5,20.9,67.02083333333333,2022,3,25
2022-03-26,0.1,0.2,24.94166666666667,30.6,21.1,72.875,2022,3,26
2022-03-27,8.5,9.2,23.072916666666668,27.1,20.5,83.95833333333333,2022,3,27
2022-03-28,19.3,38.0,21.916666666666664,26.4,19.2,82.85416666666666,2022,3,28
2022-03-29,4.300000000000001,5.4,22.13125,28.5,19.2,83.0625,2022,3,29
2022-03-30,0.0,0.0,24.549999999999997,31.9,19.6,70.52083333333334,2022,3,30
2022-03-31,3.0999999999999996,4.0,20.26875,25.0,16.9,85.64583333333334,2022,3,31
2022-04-01,9.1,2.0,17.495833333333334,20.5,16.0,92.35416666666666,2022,4,1
2022-04-02,4.2,2.8,18.472916666666666,22.4,16.6,92.16666666666666,2022,4,2
2022-04-03,0.2,0.2,20.87291666666667,28.1,17.7,86.25,2022,4,3
2022-04-04,0.1,0.2,24.13125,31.0,19.6,73.39583333333334,2022,4,4
2022-04-05,8.4,11.4,21.04375,25.5,18.7,88.25,2022,4,5
2022-04-06,0.0,0.0,20.73541666666667,27.0,17.1,80.79166666666666,2022,4,6
2022-04-07,0.0,0.0,20.14375,26.9,17.6,79.97916666666666,2022,4,7
2022-04-08,6.9,13.8,21.975,30.4,18.0,77.60416666666666,2022,4,8
2022-04-09,11.1,12.8,23.102083333333333,30.7,19.1,79.97916666666666,2022,4,9
2022-04-10,0.1,0.2,21.78125,28.0,18.5,78.60416666666666,2022,4,10
2022-04-11,0.0,0.0,21.635416666666664,28.5,17.7,76.95833333333334,2022,4,11
2022-04-12,1.7000000000000002,2.2,23.06458333333333,28.8,20.1,78.375,2022,4,12
2022-04-13,1.2000000000000002,1.6,23.18333333333333,26.9,20.7,77.72916666666666,2022,4,13
2022-04-14,3.2,3.4,20.497916666666665,25.8,16.9,84.0,2022,4,14
2022-04-15,1.1,0.4,16.533333333333335,21.3,13.9,76.22916666666666,2022,4,15
2022-04-16,0.7999999999999999,1.0,15.985416666666667,21.7,13.0,78.27083333333334,2022,4,16
2022-04-17,2.5,1.4,16.489583333333332,20.0,14.5,82.1875,2022,4,17
2022-04-18,0.0,0.0,17.03333333333333,23.4,13.8,79.4375,2022,4,18
2022-04-19,0.0,0.0,18.55833333333333,25.8,14.8,77.89583333333334,2022,4,19
2022-04-20,0.0,0.0,18.554166666666667,25.6,14.6,80.02083333333333,2022,4,20
2022-04-21,0.1,0.2,19.508333333333333,26.5,14.7,74.95833333333334,2022,4,21
2022-04-22,0.2,0.2,20.679166666666667,28.0,15.7,71.35416666666666,2022,4,22
2022-04-23,0.0,0.0,23.041666666666664,28.9,18.9,52.54166666666667,2022,4,23
2022-04-24,0.0,0.0,20.68958333333333,27.4,16.2,73.3125,2022,4,24
2022-04-25,0.0,0.0,21.347916666666666,28.2,17.5,76.25,2022,4,25
2022-04-26,0.0,0.0,22.641666666666666,30.5,18.3,73.27083333333333,2022,4,26
2022-04-27,0.0,0.0,23.56458333333333,30.1,18.3,64.9375,2022,4,27
2022-04-28,0.0,0.0,24.34375,30.8,19.3,60.416666666666664,2022,4,28
2022-04-29,0.30000000000000004,0.4,20.7875,24.8,18.3,81.85416666666666,2022,4,29
2022-04-30,5.0,1.6,19.079166666666666,22.1,18.0,92.35416666666666,2022,4,30
2022-05-01,0.30000000000000004,0.2,22.224999999999998,29.0,17.8,72.02083333333334,2022,5,1
2022-05-02,1.1,2.2,22.02916666666667,27.9,18.1,73.08333333333334,2022,5,2
2022-05-03,0.0,0.0,22.981250000000003,29.9,18.8,70.72916666666666,2022,5,3
2022-05-04,4.6,3.6,19.47083333333333,22.4,16.5,81.36231884057972,2022,5,4
2022-05-05,1.0,1.2,15.222916666666666,18.5,12.4,80.16666666666666,2022,5,5
2022-05-06,0.5,0.4,16.34583333333333,20.2,14.2,84.08333333333334,2022,5,6
2022-05-07,0.1,0.2,15.545833333333334,17.9,14.5,83.5625,2022,5,7
2022-05-08,0.0,0.0,16.7875,20.2,14.7,82.54166666666667,2022,5,8
2022-05-09,0.0,0.0,17.883333333333333,23.0,14.7,81.45833333333334,2022,5,9
2022-05-10,0.0,0.0,17.635416666666664,23.6,14.3,79.85416666666667,2022,5,10
2022-05-11,2.3,4.0,19.1,25.6,15.4,77.89583333333333,2022,5,11
2022-05-12,0.1,0.2,17.875,22.9,15.5,84.10416666666666,2022,5,12
2022-05-13,0.0,0.0,17.891666666666666,24.8,15.7,81.97916666666667,2022,5,13
2022-05-14,0.0,0.0,18.670833333333334,25.4,15.4,82.08333333333334,2022,5,14
2022-05-15,5.3,4.6,19.289583333333333,24.1,16.6,82.52083333333333,2022,5,15
2022-05-16,0.1,0.2,18.40625,23.0,15.2,79.35416666666666,2022,5,16
2022-05-17,0.0,0.0,15.475000000000001,19.0,12.7,63.916666666666664,2022,5,17
2022-05-18,0.0,0.0,9.904166666666665,13.0,7.1,57.625,2022,5,18
2022-05-19,0.0,0.0,10.600000000000001,14.2,8.4,72.33333333333334,2022,5,19
2022-05-20,0.1,0.2,11.8625,18.3,6.8,78.83333333333333,2022,5,20
2022-05-21,0.0,0.0,13.845833333333333,19.6,10.4,78.25,2022,5,21
2022-05-22,0.0,0.0,14.939583333333335,21.2,11.2,78.125,2022,5,22
2022-05-23,0.1,0.2,16.004166666666666,23.4,10.7,73.85416666666666,2022,5,23
2022-05-24,0.1,0.2,17.579166666666666,24.6,12.6,67.875,2022,5,24
2022-05-25,0.0,0.0,18.222916666666666,24.5,13.2,61.89583333333333,2022,5,25
2022-05-26,0.0,0.0,18.35625,24.5,13.2,66.64583333333334,2022,5,26
2022-05-27,0.0,0.0,19.016666666666666,25.6,13.9,60.6875,2022,5,27
2022-05-28,0.0,0.0,19.110416666666666,26.0,13.7,58.56249999999999,2022,5,28
2022-05-29,0.0,0.0,20.35,26.6,14.2,52.125,2022,5,29
2022-05-30,17.3,9.6,19.764583333333334,25.2,16.1,70.41666666666666,2022,5,30
2022-05-31,12.799999999999999,10.2,16.420833333333334,17.9,14.9,94.0625,2022,5,31
2022-06-01,3.3,0.8,17.195833333333333,22.1,14.9,92.8125,2022,6,1
2022-06-02,0.2,0.2,17.508333333333333,21.0,15.1,91.25,2022,6,2
2022-06-03,0.5,0.4,15.918750000000001,18.5,14.4,89.875,2022,6,3
2022-06-04,1.8,1.2,15.372916666666667,19.8,13.8,89.10416666666666,2022,6,4
2022-06-05,0.0,0.0,16.608333333333334,23.7,13.6,81.0,2022,6,5
2022-06-06,0.1,0.2,17.875,24.8,12.8,77.02083333333334,2022,6,6
2022-06-07,1.7,1.6,18.589583333333334,25.3,14.5,77.16666666666666,2022,6,7
2022-06-08,5.199999999999999,4.6,16.783333333333335,17.8,15.4,95.02083333333334,2022,6,8
2022-06-09,1.4000000000000001,2.2,16.74791666666667,20.8,13.7,88.8125,2022,6,9
2022-06-10,16.3,8.2,18.245833333333334,22.1,15.4,85.83333333333334,2022,6,10
2022-06-11,1.2000000000000002,0.8,14.985416666666666,16.9,12.8,88.9375,2022,6,11
2022-06-12,0.0,0.0,13.516666666666666,18.3,8.8,67.9375,2022,6,12
2022-06-13,0.0,0.0,11.914583333333333,18.3,6.8,67.47916666666666,2022,6,13
2022-06-14,0.0,0.0,13.120833333333332,17.8,9.7,83.02083333333334,2022,6,14
2022-06-15,0.0,0.0,14.366666666666667,19.2,11.7,79.95833333333334,2022,6,15
2022-06-16,0.2,0.2,16.6875,25.5,10.7,71.52083333333333,2022,6,16
2022-06-17,0.1,0.2,18.229166666666668,25.7,11.6,61.43750000000001,2022,6,17
2022-06-18,0.7,0.6,17.072916666666668,22.0,12.8,75.45833333333334,2022,6,18
2022-06-19,0.0,0.0,13.891666666666667,18.0,12.4,90.20833333333333,2022,6,19
2022-06-20,0.0,0.0,16.477083333333333,22.5,13.1,82.60416666666667,2022,6,20
2022-06-21,0.2,0.2,18.362499999999997,26.0,13.4,78.08333333333333,2022,6,21
2022-06-22,0.0,0.0,20.883333333333333,26.6,15.3,59.270833333333336,2022,6,22
2022-06-23,0.0,0.0,21.15,28.2,15.1,51.52083333333333,2022,6,23
2022-06-24,0.0,0.0,19.8,27.0,13.4,59.645833333333336,2022,6,24
2022-06-25,0.0,0.0,17.143749999999997,23.7,12.9,78.3125,2022,6,25
2022-06-26,1.2000000000000002,0.6,14.995833333333334,18.1,13.6,88.6875,2022,6,26
2022-06-27,0.0,0.0,14.389583333333334,17.3,13.0,85.1875,2022,6,27
2022-06-28,0.1,0.2,16.59166666666667,25.0,11.4,76.10416666666667,2022,6,28
2022-06-29,0.0,0.0,19.189583333333335,25.0,13.2,63.729166666666664,2022,6,29
2022-06-30,0.0,0.0,16.910416666666666,23.8,13.0,76.83333333333333,2022,6,30
2022-07-01,0.1,0.2,15.043749999999998,22.9,11.0,84.25,2022,7,1
2022-07-02,0.1,0.2,18.93125,27.4,12.9,66.27083333333333,2022,7,2
2022-07-03,0.0,0.0,20.383333333333333,27.8,14.7,60.0,2022,7,3
2022-07-04,0.0,0.0,19.854166666666664,27.2,14.1,57.27083333333333,2022,7,4
2022-07-05,0.0,0.0,19.18125,25.8,12.5,55.666666666666664,2022,7,5
2022-07-06,0.0,0.0,18.508333333333333,25.2,12.3,56.625,2022,7,6
2022-07-07,0.0,0.0,19.852083333333333,26.7,13.0,52.4375,2022,7,7
2022-07-08,0.0,0.0,19.077083333333334,25.7,14.4,60.35416666666667,2022,7,8
2022-07-09,0.0,0.0,17.433333333333334,24.4,13.2,75.22916666666666,2022,7,9
2022-07-10,0.0,0.0,18.202083333333334,25.2,13.1,69.9375,2022,7,10
2022-07-11,0.0,0.0,19.41875,25.1,14.0,56.35416666666667,2022,7,11
2022-07-12,0.0,0.0,21.195833333333333,26.5,16.2,45.6875,2022,7,12
2022-07-13,0.2,0.2,15.55,18.6,13.3,88.95833333333334,2022,7,13
2022-07-14,0.0,0.0,18.445833333333333,25.6,14.7,78.27083333333334,2022,7,14
2022-07-15,0.1,0.2,20.31666666666667,27.4,13.7,58.43750000000001,2022,7,15
2022-07-16,0.0,0.0,21.72083333333333,27.8,16.4,50.875,2022,7,16
2022-07-17,0.0,0.0,21.387500000000003,26.9,15.4,54.270833333333336,2022,7,17
2022-07-18,0.2,0.2,17.11875,22.8,14.9,86.91666666666666,2022,7,18
2022-07-19,0.0,0.0,19.03125,27.3,14.9,79.9375,2022,7,19
2022-07-20,0.0,0.0,17.422916666666666,23.0,15.0,83.89583333333334,2022,7,20
2022-07-21,0.0,0.0,18.570833333333333,25.4,14.3,73.4375,2022,7,21
2022-07-22,0.1,0.2,19.3375,27.0,13.9,61.916666666666664,2022,7,22
2022-07-23,0.0,0.0,19.225,26.8,12.7,56.479166666666664,2022,7,23
2022-07-24,0.0,0.0,18.95,26.6,12.1,59.520833333333336,2022,7,24
2022-07-25,0.1,0.2,18.9375,27.2,13.0,66.39583333333334,2022,7,25
2022-07-26,0.1,0.2,17.208333333333336,24.2,12.9,77.79166666666666,2022,7,26
2022-07-27,0.0,0.0,17.916666666666668,25.2,13.7,77.60416666666667,2022,7,27
2022-07-28,0.0,0.0,19.808514492753623,26.7,14.1,64.65398550724638,2022,7,28
2022-07-29,7.6,6.2,17.785416666666666,22.1,12.3,64.5,2022,7,29
2022-07-30,0.2,0.2,13.002083333333335,17.9,9.6,78.9375,2022,7,30
2022-07-31,0.0,0.0,14.339583333333334,22.7,10.9,72.52083333333333,2022,7,31
2022-08-01,0.0,0.0,16.464583333333334,26.8,11.1,76.375,2022,8,1
2022-08-02,0.1,0.2,18.54375,27.1,12.1,66.45833333333334,2022,8,2
2022-08-03,0.1,0.2,17.266666666666666,25.8,12.7,73.0,2022,8,3
2022-08-04,0.1,0.2,19.81875,28.9,13.8,65.83333333333334,2022,8,4
2022-08-05,3.6,5.2,20.2,26.9,13.5,55.5,2022,8,5
2022-08-06,0.0,0.0,14.685416666666665,18.5,13.1,87.47916666666666,2022,8,6
2022-08-07,0.7000000000000001,0.4,16.35,19.2,14.2,90.10416666666667,2022,8,7
2022-08-08,14.9,4.2,17.15,20.7,15.0,88.35416666666666,2022,8,8
2022-08-09,1.0,0.8,16.202083333333334,18.8,14.4,92.1875,2022,8,9
2022-08-10,9.3,2.6,15.587499999999999,17.1,11.7,74.95833333333334,2022,8,10
2022-08-11,3.5,1.0,12.335416666666667,16.8,9.5,86.39583333333334,2022,8,11
2022-08-12,1.0,0.4,14.470833333333331,20.1,11.7,81.79166666666667,2022,8,12
2022-08-13,0.0,0.0,16.177083333333332,25.2,11.8,73.70833333333333,2022,8,13
2022-08-14,0.1,0.2,18.1375,27.2,12.8,68.35416666666666,2022,8,14
2022-08-15,0.0,0.0,20.679166666666667,27.8,14.3,47.52083333333333,2022,8,15
2022-08-16,0.0,0.0,21.545833333333334,28.8,15.8,42.95833333333333,2022,8,16
2022-08-17,0.30000000000000004,0.2,18.24791666666667,23.3,14.5,73.625,2022,8,17
2022-08-18,0.1,0.2,21.31458333333333,28.3,16.9,53.66666666666667,2022,8,18
2022-08-19,3.6,2.0,11.645833333333332,20.5,8.2,82.95833333333334,2022,8,19
2022-08-20,0.1,0.2,10.741666666666667,13.8,8.2,82.0,2022,8,20
2022-08-21,0.0,0.0,13.345833333333331,19.7,10.6,78.02083333333334,2022,8,21
2022-08-22,0.0,0.0,14.472916666666666,20.3,12.5,76.72916666666666,2022,8,22
2022-08-23,0.0,0.0,15.625,22.7,12.4,76.5625,2022,8,23
2022-08-24,0.0,0.0,17.03333333333333,24.2,13.9,77.125,2022,8,24
2022-08-25,0.0,0.0,18.383333333333333,25.4,15.8,78.47916666666666,2022,8,25
2022-08-26,0.0,0.0,19.6375,27.0,15.2,71.75,2022,8,26
2022-08-27,0.0,0.0,21.229166666666668,28.9,14.4,56.541666666666664,2022,8,27
2022-08-28,0.1,0.2,19.291666666666668,29.0,15.1,65.02083333333334,2022,8,28
2022-08-29,1.0,0.4,12.6,15.3,9.3,87.16666666666666,2022,8,29
2022-08-30,1.1,0.4,11.877083333333335,16.7,9.6,84.47916666666667,2022,8,30
2022-08-31,0.0,0.0,13.797916666666666,22.1,9.8,74.22916666666666,2022,8,31
2022-09-01,0.1,0.2,16.18958333333333,26.2,9.9,65.875,2022,9,1
2022-09-02,0.0,0.0,19.15,29.6,12.3,52.270833333333336,2022,9,2
2022-09-03,0.0,0.0,16.716666666666665,22.3,12.5,76.47916666666667,2022,9,3
2022-09-04,13.3,4.4,11.683333333333334,14.7,9.8,89.375,2022,9,4
2022-09-05,0.1,0.2,13.53125,19.0,11.3,85.375,2022,9,5
2022-09-06,0.30000000000000004,0.2,15.320833333333333,23.2,13.0,86.27083333333334,2022,9,6
2022-09-07,12.100000000000001,5.4,15.322916666666668,18.0,13.7,91.89583333333333,2022,9,7
2022-09-08,0.1,0.2,20.214583333333334,29.2,13.8,62.395833333333336,2022,9,8
2022-09-09,0.0,0.0,24.93333333333333,33.4,18.4,44.8106884057971,2022,9,9
2022-09-10,0.0,0.0,21.891666666666666,30.9,14.3,57.375,2022,9,10
2022-09-11,3.0,3.2,13.12481884057971,16.1,11.4,88.7481884057971,2022,9,11
2022-09-12,0.4,0.4,14.272916666666665,17.6,12.0,90.8125,2022,9,12
2022-09-13,2.4000000000000004,0.8,18.68541666666667,25.8,14.6,81.97916666666666,2022,9,13
2022-09-14,6.8999999999999995,3.6,16.89375,20.3,14.5,92.75,2022,9,14
2022-09-15,3.3,0.8,14.414583333333333,15.9,13.0,93.5,2022,9,15
2022-09-16,1.5,0.6,13.872916666666669,16.0,12.2,90.125,2022,9,16
2022-09-17,1.0,0.6,13.489583333333332,18.2,11.5,78.75,2022,9,17
2022-09-18,0.1,0.2,14.210416666666667,22.4,9.5,74.02083333333334,2022,9,18
2022-09-19,0.0,0.0,16.364583333333332,26.4,11.7,74.1875,2022,9,19
2022-09-20,8.600000000000001,4.2,18.87083333333333,27.3,13.2,78.91666666666666,2022,9,20
2022-09-21,0.5,0.8,16.772916666666667,24.0,14.4,84.20833333333334,2022,9,21
2022-09-22,5.6,2.4,18.75625,24.5,14.7,85.39583333333333,2022,9,22
2022-09-23,0.0,0.0,17.50625,23.5,11.3,67.16666666666666,2022,9,23
2022-09-24,0.0,0.0,13.445833333333333,21.4,9.0,68.14583333333334,2022,9,24
2022-09-25,0.0,0.0,14.66875,22.1,12.2,80.35416666666666,2022,9,25
2022-09-26,24.8,7.0,15.45625,16.7,14.0,94.83333333333334,2022,9,26
2022-09-27,23.5,10.8,17.477083333333333,24.7,14.8,88.6875,2022,9,27
2022-09-28,33.7,5.4,15.039583333333333,17.1,13.0,96.75,2022,9,28
2022-09-29,4.2,0.8,13.4375,16.4,12.2,94.0,2022,9,29
2022-09-30,9.3,4.8,14.556249999999999,19.5,12.4,91.02083333333334,2022,9,30
2022-10-01,0.6,0.6,17.420833333333334,23.0,14.5,89.125,2022,10,1
2022-10-02,0.0,0.0,17.41875,23.1,14.8,85.35416666666667,2022,10,2
2022-10-03,1.8,2.6,16.666666666666664,22.4,14.4,85.39583333333334,2022,10,3
2022-10-04,0.4,0.4,16.62708333333333,21.2,14.6,90.0625,2022,10,4
2022-10-05,0.0,0.0,17.795833333333334,27.4,14.4,83.70833333333333,2022,10,5
2022-10-06,0.0,0.0,22.258333333333333,31.3,15.0,68.16666666666666,2022,10,6
2022-10-07,7.8999999999999995,5.8,21.325000000000003,25.4,17.8,72.0625,2022,10,7
2022-10-08,0.0,0.0,20.216666666666665,26.9,15.9,68.04166666666667,2022,10,8
2022-10-09,23.7,13.4,19.86875,28.9,15.6,80.66666666666667,2022,10,9
2022-10-10,3.3,1.2,17.866666666666667,20.0,16.5,93.95833333333334,2022,10,10
2022-10-11,0.1,0.2,20.866666666666667,26.1,16.0,85.4375,2022,10,11
2022-10-12,0.2,0.2,20.283333333333335,27.3,15.7,81.45833333333333,2022,10,12
2022-10-13,0.0,0.0,21.722916666666666,31.4,17.6,70.75,2022,10,13
2022-10-14,0.30000000000000004,0.4,18.754166666666666,25.4,16.4,85.625,2022,10,14
2022-10-15,8.5,6.2,18.585416666666667,23.8,16.7,89.89583333333334,2022,10,15
2022-10-16,0.1,0.2,19.839583333333334,27.5,16.6,80.33333333333334,2022,10,16
2022-10-17,0.2,0.2,19.545833333333334,27.3,15.3,83.33333333333334,2022,10,17
2022-10-18,5.5,5.2,17.675,20.2,16.4,89.95833333333334,2022,10,18
2022-10-19,1.2000000000000002,0.4,19.66875,26.4,16.9,83.16666666666667,2022,10,19
2022-10-20,0.1,0.2,21.412499999999998,28.9,16.7,77.16666666666666,2022,10,20
2022-10-21,7.7,5.6,21.545833333333334,25.0,18.0,74.125,2022,10,21
2022-10-22,0.0,0.0,20.72083333333333,27.0,16.6,77.4375,2022,10,22
2022-10-23,0.0,0.0,19.09166666666667,26.8,15.9,76.02083333333334,2022,10,23
2022-10-24,0.2,0.2,18.475,25.7,14.8,84.16666666666666,2022,10,24
2022-10-25,0.0,0.0,19.039583333333333,25.0,16.2,75.08333333333334,2022,10,25
2022-10-26,0.0,0.0,19.74375,30.6,14.1,73.41666666666666,2022,10,26
2022-10-27,1.5,2.8,24.514583333333334,33.4,17.0,60.81249999999999,2022,10,27
2022-10-28,0.2,0.2,23.62083333333333,30.7,18.8,66.5,2022,10,28
2022-10-29,5.999999999999999,9.6,24.364583333333332,32.1,18.7,64.64583333333334,2022,10,29
2022-10-30,3.4,1.8,23.529166666666665,30.5,17.8,68.95833333333334,2022,10,30
2022-10-31,38.7,14.4,21.772916666666667,25.7,19.0,82.22916666666666,2022,10,31
2022-11-01,2.0,0.8,16.75625,20.0,12.9,89.27083333333334,2022,11,1
2022-11-02,5.1,1.8,13.172916666666667,15.3,12.1,91.4375,2022,11,2
2022-11-03,4.9,3.0,13.233333333333333,17.8,11.6,84.60416666666667,2022,11,3
2022-11-04,0.0,0.0,14.241666666666665,18.7,10.3,74.47916666666666,2022,11,4
2022-11-05,0.5,0.4,15.229166666666666,22.0,11.7,73.97916666666667,2022,11,5
2022-11-06,0.0,0.0,15.466666666666665,20.3,12.5,76.54166666666667,2022,11,6
2022-11-07,0.0,0.0,15.45625,19.9,12.4,78.02083333333334,2022,11,7
2022-11-08,0.2,0.2,16.085416666666667,24.5,10.5,73.0,2022,11,8
2022-11-09,0.0,0.0,18.264583333333334,27.2,12.7,75.08333333333333,2022,11,9
2022-11-10,0.0,0.0,18.854166666666664,28.1,14.9,81.45833333333334,2022,11,10
2022-11-11,18.099999999999998,23.2,19.479166666666664,28.5,15.3,84.83333333333334,2022,11,11
2022-11-12,2.1,3.2,20.285416666666666,26.3,17.1,81.72916666666667,2022,11,12
2022-11-13,0.0,0.0,21.760416666666664,31.6,17.7,74.54166666666666,2022,11,13
2022-11-14,9.7,10.4,23.147916666666667,29.8,18.8,74.3125,2022,11,14
2022-11-15,0.0,0.0,23.06041666666667,28.3,17.9,62.04166666666667,2022,11,15
2022-11-16,0.0,0.0,19.739583333333332,24.4,16.3,61.87499999999999,2022,11,16
2022-11-17,0.0,0.0,18.960416666666667,26.1,13.2,60.97916666666667,2022,11,17
2022-11-18,0.0,0.0,18.518749999999997,25.0,15.3,69.6875,2022,11,18
2022-11-19,0.0,0.0,18.522916666666667,26.6,14.6,71.5,2022,11,19
2022-11-20,10.999999999999998,9.2,19.833333333333336,27.8,16.5,78.47916666666667,2022,11,20
2022-11-21,0.1,0.2,21.6375,30.2,16.5,74.39583333333334,2022,11,21
2022-11-22,20.9,22.0,21.927083333333336,30.8,17.2,73.6875,2022,11,22
2022-11-23,16.5,17.8,22.087500000000002,30.0,17.3,78.0625,2022,11,23
2022-11-24,5.6,3.0,19.639583333333334,26.0,15.7,80.91666666666667,2022,11,24
2022-11-25,18.7,5.2,17.09583333333333,20.8,14.8,85.35416666666667,2022,11,25
2022-11-26,0.0,0.0,18.527083333333334,24.4,14.1,76.33333333333333,2022,11,26
2022-11-27,0.2,0.2,19.56875,27.3,15.1,80.95833333333334,2022,11,27
2022-11-28,20.8,17.2,19.22083333333333,27.0,16.8,87.41666666666667,2022,11,28
2022-11-29,12.9,12.0,19.858333333333334,26.3,17.4,86.95833333333334,2022,11,29
2022-11-30,3.8000000000000003,3.4,19.84791666666667,26.4,17.8,87.22916666666667,2022,11,30
2022-12-01,3.1,2.2,21.950000000000003,28.5,17.4,76.47916666666667,2022,12,1
2022-12-02,1.6,1.8,23.25416666666667,30.6,19.3,76.64583333333333,2022,12,2
2022-12-03,11.5,4.6,22.706249999999997,28.5,20.2,83.54166666666666,2022,12,3
2022-12-04,4.1,2.4,22.152083333333337,27.2,19.7,84.70833333333333,2022,12,4
2022-12-05,13.1,10.4,21.5,25.5,19.9,89.77083333333334,2022,12,5
2022-12-06,21.0,10.8,21.352083333333333,23.7,19.9,91.04166666666666,2022,12,6
2022-12-07,15.399999999999999,16.0,21.558333333333334,27.2,18.9,88.58333333333334,2022,12,7
2022-12-08,0.6000000000000001,0.8,22.454166666666666,30.8,15.9,67.72916666666666,2022,12,8
2022-12-09,0.0,0.0,24.37083333333333,32.4,18.1,62.83333333333333,2022,12,9
2022-12-10,0.0,0.0,23.81875,33.9,16.5,67.1875,2022,12,10
2022-12-11,1.4,2.8,24.779166666666665,30.9,20.0,67.41666666666666,2022,12,11
2022-12-12,3.1,2.2,23.420833333333334,30.4,20.4,80.72916666666666,2022,12,12
2022-12-13,13.5,15.8,20.03125,22.9,16.8,91.375,2022,12,13
2022-12-14,0.6,1.0,18.456249999999997,23.8,15.4,75.3125,2022,12,14
2022-12-15,0.0,0.0,19.85,27.5,15.6,73.10416666666666,2022,12,15
2022-12-16,0.0,0.0,20.641666666666666,27.6,17.2,77.39583333333333,2022,12,16
2022-12-17,0.0,0.0,19.78333333333333,26.3,15.3,78.20833333333333,2022,12,17
2022-12-18,0.0,0.0,19.891666666666666,26.7,17.7,81.14583333333334,2022,12,18
2022-12-19,1.0,1.0,18.897916666666667,22.4,17.3,86.375,2022,12,19
2022-12-20,1.4,0.8,18.485416666666666,21.4,17.1,91.4375,2022,12,20
2022-12-21,1.1,0.6,17.847916666666666,22.2,15.8,90.85416666666666,2022,12,21
2022-12-22,0.4,0.2,17.40416666666667,21.8,15.3,89.41666666666667,2022,12,22
2022-12-23,0.0,0.0,18.356250000000003,25.8,15.0,79.58333333333333,2022,12,23
2022-12-24,0.0,0.0,20.2125,28.9,16.7,79.91666666666666,2022,12,24
2022-12-25,1.1,2.2,21.247916666666665,28.7,18.1,81.375,2022,12,25
2022-12-26,0.1,0.2,22.25625,29.0,19.3,78.8125,2022,12,26
2022-12-27,0.2,0.4,22.704166666666666,27.7,19.3,80.64583333333334,2022,12,27
2022-12-28,16.2,6.6,21.929166666666667,26.6,19.3,82.66666666666666,2022,12,28
2022-12-29,6.8,5.4,21.972916666666666,27.9,18.5,82.8125,2022,12,29
2022-12-30,7.8999999999999995,3.4,20.81875,25.6,18.5,88.58333333333334,2022,12,30
2022-12-31,22.0,32.0,21.1625,27.0,17.9,86.35416666666666,2022,12,31
2023-01-01,0.6,0.8,21.912499999999998,27.6,18.0,83.1875,2023,1,1
2023-01-02,0.1,0.2,23.224999999999998,30.7,18.8,74.04166666666667,2023,1,2
2023-01-03,10.7,9.2,23.183333333333334,28.8,19.9,74.8125,2023,1,3
2023-01-04,30.1,7.2,20.864583333333336,25.0,16.7,88.52083333333334,2023,1,4
2023-01-05,20.7,5.2,17.0125,18.3,15.9,95.89583333333334,2023,1,5
2023-01-06,4.3,2.6,16.69375,19.0,15.5,88.02083333333334,2023,1,6
2023-01-07,1.0,0.4,16.862499999999997,18.6,15.2,90.52083333333333,2023,1,7
2023-01-08,1.9000000000000001,1.2,18.6375,23.2,16.5,87.66666666666667,2023,1,8
2023-01-09,0.2,0.2,18.75625,22.0,16.7,90.45833333333334,2023,1,9
2023-01-10,4.0,2.4,20.15625,24.7,17.6,89.5,2023,1,10
2023-01-11,3.0,2.0,21.645833333333336,27.0,19.0,85.14583333333333,2023,1,11
2023-01-12,7.000000000000001,6.4,22.327083333333334,27.7,18.2,79.875,2023,1,12
2023-01-13,9.200000000000001,11.4,23.40625,29.7,19.7,79.5,2023,1,13
2023-01-14,24.1,23.6,23.320833333333333,29.4,18.9,77.375,2023,1,14
2023-01-15,24.000000000000004,46.2,24.85625,31.6,19.9,75.5,2023,1,15
2023-01-16,2.5999999999999996,2.4,24.137500000000003,31.2,20.7,82.33333333333334,2023,1,16
2023-01-17,0.5,1.0,24.375,31.1,20.5,80.25,2023,1,17
2023-01-18,0.6,0.6,23.049999999999997,30.5,19.9,82.0625,2023,1,18
2023-01-19,0.1,0.2,22.5,29.1,18.7,81.66666666666666,2023,1,19
2023-01-20,19.3,14.8,21.233333333333334,25.2,18.9,84.89583333333334,2023,1,20
2023-01-21,0.2,0.2,22.164583333333333,28.8,18.3,81.04166666666666,2023,1,21
2023-01-22,0.0,0.0,24.208333333333336,30.3,19.4,71.625,2023,1,22
2023-01-23,8.0,7.0,23.318749999999998,29.7,20.4,78.60416666666666,2023,1,23
2023-01-24,7.5,14.0,22.49791666666667,28.6,19.6,82.95833333333334,2023,1,24
2023-01-25,0.1,0.2,22.87291666666667,30.6,18.6,78.54166666666666,2023,1,25
2023-01-26,0.0,0.0,22.758333333333333,30.6,18.3,62.208333333333336,2023,1,26
2023-01-27,0.0,0.0,21.72291666666667,29.6,17.5,73.6875,2023,1,27
2023-01-28,13.6,18.0,22.952083333333334,30.8,19.5,79.41666666666666,2023,1,28
2023-01-29,5.9,5.2,23.335416666666667,30.9,20.0,82.27083333333333,2023,1,29
2023-01-30,1.0,1.8,23.03125,28.9,18.5,78.08333333333334,2023,1,30
2023-01-31,5.9,4.2,23.425,28.9,20.6,77.60416666666666,2023,1,31
2023-02-01,29.9,19.6,23.2625,28.7,19.7,80.33333333333334,2023,2,1
2023-02-02,16.3,19.0,24.52916666666667,31.3,20.0,74.35416666666667,2023,2,2
2023-02-03,3.3,3.2,23.441666666666663,28.3,19.9,76.85416666666667,2023,2,3
2023-02-04,9.5,9.0,22.87916666666667,28.0,20.0,77.52083333333334,2023,2,4
2023-02-05,8.2,10.2,24.09583333333333,30.1,21.5,78.66666666666666,2023,2,5
2023-02-06,6.5,5.6,22.53125,28.0,19.4,83.41666666666667,2023,2,6
2023-02-07,33.4,25.2,21.704166666666666,27.0,19.6,88.0,2023,2,7
2023-02-08,1.0,0.8,21.80625,27.4,18.7,84.04166666666666,2023,2,8
2023-02-09,5.1,10.2,22.392028985507245,30.2,18.1,80.50634057971014,2023,2,9
2023-02-10,0.2,0.4,22.99791666666667,29.8,19.8,80.75,2023,2,10
2023-02-11,16.5,19.2,21.195833333333333,25.5,19.4,87.97916666666666,2023,2,11
2023-02-12,34.0,20.0,21.789583333333333,28.5,19.2,86.35416666666667,2023,2,12
2023-02-13,8.1,5.2,22.675,29.3,18.7,81.1875,2023,2,13
2023-02-14,5.7,7.0,23.856250000000003,30.7,19.2,76.5,2023,2,14
2023-02-15,14.3,12.8,23.96875,31.6,19.7,76.875,2023,2,15
2023-02-16,0.1,0.2,23.610416666666666,29.7,21.0,77.27083333333334,2023,2,16
2023-02-17,30.099999999999998,16.0,23.585416666666667,28.9,19.4,75.91666666666666,2023,2,17
2023-02-18,25.700000000000003,24.6,22.018749999999997,26.1,18.9,89.29166666666666,2023,2,18
2023-02-19,28.2,5.8,18.50625,19.6,17.6,93.95833333333334,2023,2,19
2023-02-20,31.300000000000004,56.6,21.679166666666667,30.2,17.7,84.6875,2023,2,20
2023-02-21,31.1,32.2,22.320833333333336,28.7,18.9,83.39583333333334,2023,2,21
2023-02-22,6.3,7.4,21.34166666666667,27.1,18.7,87.0,2023,2,22
2023-02-23,5.5,6.2,21.79791666666667,28.6,18.9,86.10416666666666,2023,2,23
2023-02-24,0.1,0.2,23.614583333333336,29.1,19.5,78.14583333333334,2023,2,24
2023-02-25,1.0,0.8,24.387500000000003,30.3,20.2,75.64583333333334,2023,2,25
2023-02-26,0.1,0.2,25.34583333333333,31.3,20.2,68.41666666666666,2023,2,26
2023-02-27,1.4,1.2,22.916666666666664,27.4,20.7,85.41666666666667,2023,2,27
2023-02-28,7.900000000000001,8.8,21.485416666666666,27.1,18.9,89.125,2023,2,28
2023-03-01,1.7000000000000002,2.0,21.86875,29.7,18.0,80.77083333333334,2023,3,1
2023-03-02,1.2999999999999998,1.2,23.335416666666667,31.7,18.9,78.14583333333333,2023,3,2
2023-03-03,5.1000000000000005,8.4,24.166666666666668,31.5,20.5,75.79166666666667,2023,3,3
2023-03-04,0.2,0.2,23.866666666666667,28.1,21.6,80.25,2023,3,4
2023-03-05,0.8,1.0,23.541666666666668,28.7,19.3,73.58333333333333,2023,3,5
2023-03-06,13.5,7.4,22.764583333333334,29.0,18.0,75.14583333333333,2023,3,6
2023-03-07,1.6,1.6,23.114583333333332,29.6,18.6,67.83333333333334,2023,3,7
2023-03-08,9.3,7.4,23.25,30.9,18.7,69.5625,2023,3,8
2023-03-09,19.3,30.8,22.647916666666667,30.4,19.3,81.47916666666666,2023,3,9
2023-03-10,57.0,44.8,21.86875,30.4,19.0,88.0625,2023,3,10
2023-03-11,12.5,17.0,21.0375,26.1,19.1,88.875,2023,3,11
2023-03-12,35.8,22.4,20.9125,24.7,19.6,93.52083333333334,2023,3,12
2023-03-13,24.8,31.4,21.454166666666666,26.6,18.8,89.33333333333334,2023,3,13
2023-03-14,2.6,1.8,22.022916666666667,27.5,20.2,89.47916666666667,2023,3,14
2023-03-15,0.0,0.0,22.1875,27.7,19.2,83.95833333333334,2023,3,15
2023-03-16,0.0,0.0,22.347916666666666,28.7,19.3,79.125,2023,3,16
2023-03-17,0.0,0.0,21.637500000000003,28.3,18.0,78.27083333333333,2023,3,17
2023-03-18,0.1,0.2,21.920833333333334,30.4,17.6,78.3125,2023,3,18
2023-03-19,0.3,0.6,23.08958333333333,30.3,18.6,77.47916666666666,2023,3,19
2023-03-20,2.3,3.6,24.070833333333333,32.1,19.8,74.70833333333333,2023,3,20
2023-03-21,0.0,0.0,23.327083333333334,29.4,18.0,72.625,2023,3,21
2023-03-22,0.0,0.0,22.589583333333337,30.0,18.9,78.41666666666666,2023,3,22
2023-03-23,0.0,0.0,22.702083333333334,30.3,18.1,75.95833333333333,2023,3,23
2023-03-24,0.1,0.2,24.28333333333333,31.7,19.0,70.25,2023,3,24
2023-03-25,0.0,0.0,23.02916666666667,30.5,18.7,77.875,2023,3,25
2023-03-26,0.0,0.0,25.575,32.5,20.0,68.1875,2023,3,26
2023-03-27,8.4,9.8,20.71875,25.1,18.3,88.64583333333334,2023,3,27
2023-03-28,0.1,0.2,20.566666666666666,27.1,18.2,84.58333333333334,2023,3,28
2023-03-29,8.7,17.0,22.2875,29.9,19.2,81.14583333333334,2023,3,29
2023-03-30,0.0,0.0,24.241666666666664,30.5,20.2,70.70833333333334,2023,3,30
2023-03-31,22.0,14.2,22.22291666666667,28.7,19.3,81.8125,2023,3,31
2023-04-01,0.1,0.2,22.297916666666666,29.9,18.7,78.77083333333334,2023,4,1
2023-04-02,0.4,0.2,18.883333333333333,22.8,16.4,81.9375,2023,4,2
2023-04-03,0.0,0.0,19.489583333333336,26.9,15.3,79.77083333333333,2023,4,3
2023-04-04,0.0,0.0,21.55,29.1,18.4,77.02083333333333,2023,4,4
2023-04-05,0.1,0.2,20.46875,28.5,16.0,80.16666666666666,2023,4,5
2023-04-06,0.0,0.0,20.529166666666665,25.8,17.9,81.8125,2023,4,6
2023-04-07,9.5,6.2,19.7625,22.0,18.1,90.875,2023,4,7
2023-04-08,1.8,1.0,19.629166666666666,21.9,18.5,92.0,2023,4,8
2023-04-09,0.1,0.2,19.183333333333334,22.5,17.6,85.54166666666666,2023,4,9
2023-04-10,0.0,0.0,19.03333333333333,25.6,15.6,77.70833333333333,2023,4,10
2023-04-11,0.0,0.0,19.61875,26.5,16.0,80.8125,2023,4,11
2023-04-12,0.8,1.6,21.38125,28.8,16.9,79.60416666666667,2023,4,12
2023-04-13,1.0999999999999999,1.4,22.735960144927535,29.3,18.4,78.65760869565217,2023,4,13
2023-04-14,15.5,10.8,21.245833333333334,24.9,18.2,85.79166666666666,2023,4,14
2023-04-15,2.2,1.2,20.120833333333334,23.5,18.7,88.83333333333334,2023,4,15
2023-04-16,0.5,0.4,20.78125,27.0,17.5,82.6875,2023,4,16
2023-04-17,4.9,4.8,22.012500000000003,28.3,18.1,79.8125,2023,4,17
2023-04-18,42.9,25.8,21.38125,25.1,19.1,88.27083333333334,2023,4,18
2023-04-19,17.200000000000003,13.8,20.485416666666666,24.5,16.7,73.70833333333334,2023,4,19
2023-04-20,0.0,0.0,17.391757246376812,21.1,13.9,60.791666666666664,2023,4,20
2023-04-21,0.1,0.2,15.935416666666667,23.3,11.2,76.54166666666667,2023,4,21
2023-04-22,0.0,0.0,17.431250000000002,23.9,14.0,80.27083333333333,2023,4,22
2023-04-23,0.0,0.0,19.135416666666664,24.9,15.5,80.60416666666666,2023,4,23
2023-04-24,0.1,0.2,18.885416666666668,25.5,15.8,75.91666666666666,2023,4,24
2023-04-25,0.1,0.2,19.210416666666667,25.7,15.0,77.14880952380952,2023,4,25
2023-04-26,0.5,0.4,19.40833333333333,23.3,16.8,84.79166666666667,2023,4,26
2023-04-27,1.8,1.0,19.78333333333333,24.0,16.9,83.35416666666666,2023,4,27
2023-04-28,4.0,1.4,17.125,18.8,15.9,90.39583333333334,2023,4,28
2023-04-29,0.39999999999999997,0.6,18.10625,24.5,15.8,87.33333333333334,2023,4,29
2023-04-30,0.0,0.0,20.391576086956523,27.1,17.5,81.59782608695653,2023,4,30
2023-05-01,0.0,0.0,21.037499999999998,26.6,18.1,80.875,2023,5,1
2023-05-02,4.8999999999999995,9.6,20.629166666666666,27.9,17.8,83.64583333333334,2023,5,2
2023-05-03,0.0,0.0,20.78125,27.0,17.3,82.89583333333334,2023,5,3
2023-05-04,0.0,0.0,22.083333333333332,28.1,18.1,74.45833333333334,2023,5,4
2023-05-05,0.2,0.2,21.62853260869565,28.7,17.4,80.59057971014492,2023,5,5
2023-05-06,0.0,0.0,21.22083333333333,26.3,18.4,83.1875,2023,5,6
2023-05-07,0.0,0.0,21.295833333333334,27.7,17.7,80.35416666666667,2023,5,7
2023-05-08,0.0,0.0,22.112500000000004,28.0,18.0,74.70833333333334,2023,5,8
2023-05-09,1.1,1.0,21.197916666666664,26.1,17.9,81.66666666666667,2023,5,9
2023-05-10,10.200000000000001,6.8,19.18125,22.0,16.7,92.58333333333333,2023,5,10
2023-05-11,0.2,0.2,18.693568840579708,24.5,16.2,80.76449275362319,2023,5,11
2023-05-12,0.0,0.0,16.114583333333332,20.2,14.0,81.20833333333333,2023,5,12
2023-05-13,0.1,0.2,15.45061274509804,20.5,12.5,80.7389705882353,2023,5,13
2023-05-14,0.1,0.2,16.447554347826085,22.9,12.3,75.19021739130434,2023,5,14
2023-05-15,0.30000000000000004,0.2,16.27916666666667,23.1,12.2,72.10416666666667,2023,5,15
2023-05-16,0.1,0.2,15.883967391304349,23.2,10.2,69.54891304347827,2023,5,16
2023-05-17,0.1,0.2,15.854166666666666,20.8,12.9,79.27083333333333,2023,5,17
2023-05-18,0.1,0.2,15.735416666666664,21.7,12.4,79.27083333333334,2023,5,18
2023-05-19,0.0,0.0,15.885416666666666,22.6,12.2,79.02083333333334,2023,5,19
2023-05-20,0.1,0.2,16.420833333333334,24.4,12.0,76.45833333333334,2023,5,20
2023-05-21,0.2,0.2,17.254464285714285,23.8,12.4,74.95535714285714,2023,5,21
2023-05-22,0.1,0.2,18.36239035087719,24.9,13.4,71.27083333333334,2023,5,22
2023-05-23,0.1,0.2,18.583333333333332,24.8,14.1,72.39583333333334,2023,5,23
2023-05-24,0.2,0.2,18.391666666666666,24.4,14.1,78.04166666666666,2023,5,24
2023-05-25,0.1,0.2,19.33125,26.0,16.0,81.45833333333334,2023,5,25
2023-05-26,0.0,0.0,20.083333333333332,27.1,15.4,71.5,2023,5,26
2023-05-27,0.0,0.0,20.729166666666668,27.1,15.9,67.125,2023,5,27
2023-05-28,6.3,8.8,19.06875,22.8,16.4,84.375,2023,5,28
2023-05-29,1.2000000000000002,0.4,16.075,19.0,15.0,90.64583333333334,2023,5,29
2023-05-30,0.1,0.2,15.622916666666667,18.7,14.1,88.27083333333334,2023,5,30
2023-05-31,36.7,7.8,15.654166666666667,16.7,15.1,95.8125,2023,5,31
2023-06-01,1.2000000000000002,0.6,16.614583333333332,20.4,14.3,88.3125,2023,6,1
2023-06-02,0.0,0.0,16.8375,20.5,13.9,84.875,2023,6,2
2023-06-03,0.0,0.0,17.570833333333333,23.4,13.8,79.95833333333333,2023,6,3
2023-06-04,0.30000000000000004,0.2,17.941666666666666,25.0,12.8,73.64583333333333,2023,6,4
2023-06-05,0.30000000000000004,0.2,17.1,24.2,12.4,76.41666666666667,2023,6,5
2023-06-06,0.1,0.2,16.638446969696968,22.5,12.8,80.56818181818181,2023,6,6
2023-06-07,0.2,0.2,18.496590909090905,24.4,12.2,67.58143939393939,2023,6,7
2023-06-08,0.0,0.0,19.084775641025644,24.2,13.4,67.00320512820512,2023,6,8
2023-06-09,0.1,0.2,19.81041666666667,25.8,13.3,62.016666666666666,2023,6,9
2023-06-10,0.0,0.0,20.71017156862745,26.2,15.4,53.529411764705884,2023,6,10
2023-06-11,0.0,0.0,22.001041666666666,27.4,16.5,47.36458333333333,2023,6,11
2023-06-12,0.0,0.0,19.254166666666666,27.1,15.7,78.95833333333334,2023,6,12
2023-06-13,0.7000000000000001,0.4,16.3375,18.3,14.7,90.9375,2023,6,13
2023-06-14,12.8,2.4,15.320833333333333,16.6,13.6,94.27083333333334,2023,6,14
2023-06-15,10.6,2.4,16.275,17.9,14.9,95.16666666666666,2023,6,15
2023-06-16,0.5,0.2,14.775000000000002,17.3,11.9,87.66666666666666,2023,6,16
2023-06-17,0.1,0.2,12.745833333333334,17.9,7.7,79.85416666666667,2023,6,17
2023-06-18,0.0,0.0,14.05625,19.1,11.4,82.64583333333334,2023,6,18
2023-06-19,0.0,0.0,14.416666666666668,19.8,11.7,84.27083333333334,2023,6,19
2023-06-20,0.0,0.0,16.03125,22.6,13.1,75.52083333333333,2023,6,20
2023-06-21,0.2,0.2,16.77952898550725,23.5,11.6,71.50634057971014,2023,6,21
2023-06-22,0.0,0.0,19.454166666666666,24.6,12.5,58.72916666666667,2023,6,22
2023-06-23,0.0,0.0,19.796794871794873,25.0,13.4,59.57532051282051,2023,6,23
2023-06-24,0.0,0.0,20.206249999999997,26.1,14.4,60.70833333333333,2023,6,24
2023-06-25,0.0,0.0,20.95,26.7,14.6,60.425,2023,6,25
2023-06-26,0.0,0.0,20.501470588235293,26.4,14.6,61.99632352941177,2023,6,26
2023-06-27,0.0,0.0,20.09842105263158,25.3,13.2,57.382894736842104,2023,6,27
2023-06-28,0.1,0.2,19.936011904761905,26.1,14.0,59.94345238095239,2023,6,28
2023-06-29,1.5,1.2,17.7225,22.7,14.4,78.7125,2023,6,29
2023-06-30,3.3,2.6,16.875,21.8,14.8,85.625,2023,6,30
2023-07-01,0.0,0.0,17.135416666666668,23.3,14.3,82.375,2023,7,1
2023-07-02,0.1,0.2,15.910416666666668,21.0,12.7,80.375,2023,7,2
2023-07-03,0.30000000000000004,0.4,14.78125,18.6,12.7,82.70833333333333,2023,7,3
2023-07-04,0.1,0.2,14.316666666666666,22.0,9.7,79.02083333333334,2023,7,4
2023-07-05,0.1,0.2,15.981249999999998,23.6,10.7,71.59722222222223,2023,7,5
2023-07-06,0.0,0.0,18.934583333333336,24.0,11.7,51.920833333333334,2023,7,6
2023-07-07,0.0,0.0,20.32,24.7,14.4,41.8,2023,7,7
2023-07-08,0.0,0.0,21.272344322344324,26.0,13.9,43.752747252747255,2023,7,8
2023-07-09,5.3,2.2,17.633653846153848,22.3,15.9,85.11057692307692,2023,7,9
2023-07-10,1.7,2.4,18.025,22.9,15.6,87.79166666666666,2023,7,10
2023-07-11,0.0,0.0,20.220833333333335,27.5,16.8,81.66666666666666,2023,7,11
2023-07-12,0.0,0.0,21.008333333333333,28.2,16.7,69.85416666666666,2023,7,12
2023-07-13,0.1,0.2,21.77916666666667,25.8,17.9,40.54166666666667,2023,7,13
2023-07-14,0.0,0.0,14.65710144927536,18.9,10.6,55.837681159420285,2023,7,14
2023-07-15,0.0,0.0,13.794940476190476,20.5,10.1,74.94642857142858,2023,7,15
2023-07-16,0.1,0.2,16.131666666666668,24.0,10.2,69.4625,2023,7,16
2023-07-17,0.0,0.0,17.365563725490198,25.9,14.1,74.95220588235294,2023,7,17
2023-07-18,0.1,0.2,15.529166666666667,17.9,13.9,90.41666666666667,2023,7,18
2023-07-19,0.7000000000000001,0.4,14.725000000000001,17.5,13.4,90.70833333333333,2023,7,19
2023-07-20,0.2,0.2,15.922916666666664,21.4,13.8,84.77083333333333,2023,7,20
2023-07-21,0.0,0.0,17.297916666666666,24.3,14.5,81.25,2023,7,21
2023-07-22,0.0,0.0,16.727083333333333,22.6,14.0,82.64583333333333,2023,7,22
2023-07-23,0.1,0.2,18.272916666666667,26.0,12.9,71.35416666666666,2023,7,23
2023-07-24,0.0,0.0,19.539583333333333,26.1,14.2,61.8125,2023,7,24
2023-07-25,0.1,0.2,20.38263888888889,26.3,14.4,60.21527777777778,2023,7,25
2023-07-26,0.0,0.0,20.30625,27.6,14.0,62.208333333333336,2023,7,26
2023-07-27,0.0,0.0,19.11875,26.4,15.9,74.85416666666666,2023,7,27
2023-07-28,2.3,3.6,19.76875,26.2,16.6,76.16666666666666,2023,7,28
2023-07-29,0.30000000000000004,0.2,15.07121212121212,18.8,12.5,88.58522727272728,2023,7,29
2023-07-30,0.4,0.2,14.558333333333334,19.8,12.2,86.89583333333333,2023,7,30
2023-07-31,0.0,0.0,17.50625,24.9,14.3,81.0,2023,7,31
2023-08-01,0.0,0.0,17.825,24.6,12.9,80.33333333333334,2023,8,1
2023-08-02,0.0,0.0,19.700000000000003,29.4,13.8,69.875,2023,8,2
2023-08-03,0.1,0.2,20.179166666666667,28.8,14.2,63.625,2023,8,3
2023-08-04,0.1,0.2,17.30163043478261,25.4,11.8,75.69927536231884,2023,8,4
2023-08-05,0.2,0.2,20.196666666666665,28.3,12.3,63.65416666666666,2023,8,5
2023-08-06,0.1,0.2,20.16685606060606,29.8,12.1,63.092803030303024,2023,8,6
2023-08-07,0.0,0.0,22.74791666666667,30.1,15.5,50.770833333333336,2023,8,7
2023-08-08,0.2,0.2,17.029619565217388,18.8,15.6,87.59963768115942,2023,8,8
2023-08-09,7.9,5.8,17.597916666666666,24.9,15.6,87.79166666666667,2023,8,9
2023-08-10,0.1,0.2,19.191666666666666,26.2,15.4,81.79166666666666,2023,8,10
2023-08-11,1.8,2.0,20.389583333333334,30.2,16.1,72.52083333333334,2023,8,11
2023-08-12,1.9000000000000001,2.2,18.291666666666664,26.9,15.3,82.10416666666667,2023,8,12
2023-08-13,0.2,0.2,15.870833333333335,17.9,13.0,89.10416666666666,2023,8,13
2023-08-14,0.2,0.2,14.927083333333334,17.6,13.0,91.16666666666666,2023,8,14
2023-08-15,0.1,0.2,17.904166666666665,25.4,14.4,86.79166666666667,2023,8,15
2023-08-16,0.0,0.0,20.379166666666666,27.1,16.9,80.04166666666666,2023,8,16
2023-08-17,0.0,0.0,21.7375,28.5,16.6,66.60416666666666,2023,8,17
2023-08-18,0.0,0.0,22.739583333333336,29.8,16.9,58.083333333333336,2023,8,18
2023-08-19,0.0,0.0,21.822916666666664,25.5,16.3,50.604166666666664,2023,8,19
2023-08-20,0.0,0.0,19.479166666666668,25.6,15.1,69.125,2023,8,20
2023-08-21,0.0,0.0,21.277083333333337,27.2,16.5,60.56250000000001,2023,8,21
2023-08-22,0.0,0.0,21.983333333333334,30.6,15.6,59.45561594202899,2023,8,22
2023-08-23,0.0,0.0,26.177976190476187,32.4,20.0,30.032738095238095,2023,8,23
2023-08-24,4.1,3.8,25.146829710144928,32.6,19.8,41.96829710144928,2023,8,24
2023-08-25,2.8,1.8,17.710416666666667,22.9,14.5,86.64583333333333,2023,8,25
2023-08-26,4.8,2.4,13.502083333333333,15.4,11.0,93.0,2023,8,26
2023-08-27,3.4,1.8,11.345289855072464,12.7,10.4,92.38677536231884,2023,8,27
2023-08-28,1.2000000000000002,0.8,12.591304347826087,15.6,11.1,92.41304347826087,2023,8,28
2023-08-29,0.2,0.2,15.833333333333334,23.0,12.9,85.20833333333334,2023,8,29
2023-08-30,0.1,0.2,17.641666666666666,26.1,14.0,79.8125,2023,8,30
2023-08-31,0.1,0.2,17.59375,26.0,12.5,72.20833333333334,2023,8,31
2023-09-01,0.1,0.2,17.768939393939394,27.5,11.0,73.07007575757576,2023,9,1
2023-09-02,8.2,8.0,20.975,30.1,15.1,78.08333333333334,2023,9,2
2023-09-03,23.200000000000003,13.4,23.366666666666667,31.6,18.0,75.0625,2023,9,3
2023-09-04,0.0,0.0,26.141666666666666,31.8,20.3,62.291666666666664,2023,9,4
2023-09-05,0.2,0.2,21.410416666666666,27.5,15.6,77.75,2023,9,5
2023-09-06,0.4,0.2,16.491666666666667,19.6,14.9,88.875,2023,9,6
2023-09-07,0.0,0.0,17.47083333333333,26.5,15.0,83.83333333333333,2023,9,7
2023-09-08,0.1,0.2,21.4375,30.2,15.2,68.27083333333333,2023,9,8
2023-09-09,0.0,0.0,21.339583333333334,26.7,17.1,70.8125,2023,9,9
2023-09-10,0.0,0.0,19.70625,26.0,16.7,80.45833333333334,2023,9,10
2023-09-11,0.1,0.2,21.85,30.1,17.4,73.77083333333334,2023,9,11
2023-09-12,0.1,0.2,24.05625,30.9,17.2,48.77083333333333,2023,9,12
2023-09-13,0.0,0.0,25.481250000000003,33.4,18.6,41.4375,2023,9,13
2023-09-14,20.200000000000003,5.2,20.441666666666666,28.3,12.9,70.0625,2023,9,14
2023-09-15,0.0,0.0,15.308333333333332,21.0,12.4,83.77083333333333,2023,9,15
2023-09-16,0.1,0.2,19.320833333333333,29.4,13.6,73.60416666666667,2023,9,16
2023-09-17,0.1,0.2,24.03125,33.4,16.8,60.91666666666667,2023,9,17
2023-09-18,3.4,5.0,25.50625,33.2,20.0,51.453804347826086,2023,9,18
2023-09-19,0.5,0.8,24.68541666666667,32.3,19.5,59.645833333333336,2023,9,19
2023-09-20,0.0,0.0,22.360416666666666,31.3,17.7,69.5,2023,9,20
2023-09-21,0.0,0.0,20.958333333333332,31.4,17.2,81.67210144927536,2023,9,21
2023-09-22,0.1,0.2,24.022916666666667,34.2,17.5,67.29166666666666,2023,9,22
2023-09-23,0.0,0.0,24.12083333333333,34.0,18.4,65.66666666666667,2023,9,23
2023-09-24,0.0,0.0,27.060144927536236,36.4,17.9,51.975543478260875,2023,9,24
2023-09-25,0.0,0.0,22.737499999999997,33.0,19.0,82.02083333333333,2023,9,25
2023-09-26,0.30000000000000004,0.2,24.93125,34.9,19.0,74.04166666666666,2023,9,26
2023-09-27,17.2,16.8,26.204166666666666,33.9,19.6,69.29166666666666,2023,9,27
2023-09-28,9.1,10.8,15.68586956521739,20.4,12.9,87.32934782608694,2023,9,28
2023-09-29,0.0,0.0,17.501923076923077,22.8,14.3,78.82692307692308,2023,9,29
2023-09-30,0.0,0.0,19.3125,28.0,16.2,80.8125,2023,9,30
2023-10-01,53.9,25.6,19.31041666666667,22.7,16.8,91.29166666666667,2023,10,1
2023-10-02,1.1,1.4,17.489583333333336,21.6,15.3,88.125,2023,10,2
2023-10-03,0.1,0.2,19.25,29.1,15.3,82.95833333333334,2023,10,3
2023-10-04,10.100000000000001,9.4,21.4875,29.6,16.8,83.10416666666666,2023,10,4
2023-10-05,34.0,19.0,21.3375,30.5,17.3,83.04166666666667,2023,10,5
2023-10-06,0.5,0.8,23.804166666666667,32.6,17.1,74.0,2023,10,6
2023-10-07,20.6,8.0,25.522916666666667,31.5,18.1,71.60416666666666,2023,10,7
2023-10-08,32.3,23.0,21.177083333333332,26.2,18.5,88.79166666666666,2023,10,8
2023-10-09,33.3,21.0,20.358333333333334,24.5,17.1,84.58333333333333,2023,10,9
2023-10-10,0.6,0.4,18.40625,24.1,16.3,83.79166666666667,2023,10,10
2023-10-11,0.0,0.0,23.558333333333334,32.8,16.6,67.10416666666666,2023,10,11
2023-10-12,23.8,16.6,22.020833333333332,26.5,19.1,83.5625,2023,10,12
2023-10-13,1.3,0.6,16.839583333333334,20.0,13.7,88.83333333333334,2023,10,13
2023-10-14,1.4000000000000001,0.6,15.360416666666666,18.4,13.7,87.1875,2023,10,14
2023-10-15,0.0,0.0,17.952083333333334,27.3,14.6,83.20833333333334,2023,10,15
2023-10-16,0.0,0.0,22.977083333333333,31.8,17.3,74.97916666666667,2023,10,16
2023-10-17,24.1,10.6,21.125,25.8,18.6,81.47916666666666,2023,10,17
2023-10-18,1.1,0.6,18.956249999999997,21.9,16.9,83.85416666666666,2023,10,18
2023-10-19,0.30000000000000004,0.2,16.768297101449278,18.9,14.9,85.58514492753622,2023,10,19
2023-10-20,0.1,0.2,17.016666666666666,21.6,15.1,85.5625,2023,10,20
2023-10-21,0.0,0.0,17.675,22.3,15.7,84.66666666666666,2023,10,21
2023-10-22,0.1,0.2,19.347916666666666,27.2,16.4,78.75,2023,10,22
2023-10-23,0.0,0.0,21.487771739130437,32.0,16.6,74.74456521739131,2023,10,23
2023-10-24,0.4,0.4,24.994474637681158,33.7,17.9,64.9981884057971,2023,10,24
2023-10-25,0.7000000000000001,0.4,20.94375,24.6,17.4,80.22916666666666,2023,10,25
2023-10-26,9.6,12.2,19.104166666666664,24.0,16.7,85.25,2023,10,26
2023-10-27,5.5,6.8,19.78333333333333,27.9,16.5,83.16666666666667,2023,10,27
2023-10-28,0.9,0.4,22.866666666666667,28.3,18.0,76.16666666666667,2023,10,28
2023-10-29,23.9,13.2,23.65625,28.4,20.5,77.1875,2023,10,29
2023-10-30,1.4,0.8,24.777083333333334,30.4,21.1,74.9375,2023,10,30
2023-10-31,8.6,10.6,23.59375,26.7,20.2,79.625,2023,10,31
2023-11-01,2.2,1.6,19.55625,22.4,16.8,85.04166666666667,2023,11,1
2023-11-02,0.8,0.8,18.291666666666668,22.4,16.1,84.5625,2023,11,2
2023-11-03,12.0,10.4,22.164583333333333,31.8,16.9,79.5,2023,11,3
2023-11-04,0.7999999999999999,0.6,22.56458333333333,27.4,17.6,64.0,2023,11,4
2023-11-05,0.0,0.0,17.929166666666667,23.3,13.4,68.79166666666666,2023,11,5
2023-11-06,0.0,0.0,17.379166666666666,25.9,13.9,67.0,2023,11,6
2023-11-07,0.0,0.0,18.450000000000003,27.9,15.0,71.5,2023,11,7
2023-11-08,0.0,0.0,22.345833333333335,32.5,14.9,61.916666666666664,2023,11,8
2023-11-09,2.3,4.0,25.947916666666668,34.0,19.9,53.25,2023,11,9
2023-11-10,0.0,0.0,22.65,32.4,18.7,75.02083333333333,2023,11,10
2023-11-11,0.0,0.0,26.439583333333335,34.8,19.6,59.333333333333336,2023,11,11
2023-11-12,0.0,0.0,29.079166666666666,36.4,21.2,48.39583333333333,2023,11,12
2023-11-13,0.0,0.0,30.58125,37.9,23.2,41.833333333333336,2023,11,13
2023-11-14,0.1,0.2,26.402083333333337,37.2,21.1,68.1875,2023,11,14
2023-11-15,18.400000000000002,35.2,26.339583333333337,36.4,20.0,68.3125,2023,11,15
2023-11-16,23.200000000000003,25.8,25.637500000000003,32.2,20.3,65.9375,2023,11,16
2023-11-17,0.0,0.0,27.806250000000002,36.2,21.5,62.458333333333336,2023,11,17
2023-11-18,0.0,0.0,28.627898550724638,34.9,22.8,61.37047101449275,2023,11,18
2023-11-19,36.7,8.8,21.69166666666667,29.0,17.9,86.16666666666666,2023,11,19
2023-11-20,0.30000000000000004,0.2,20.489583333333336,25.8,18.3,86.625,2023,11,20
2023-11-21,0.1,0.2,21.37291666666667,30.3,19.2,83.86666666666667,2023,11,21
2023-11-22,0.0,0.0,27.630000000000003,32.3,20.4,62.93333333333334,2023,11,22
2023-11-23,7.4,5.0,24.225,28.6,20.1,75.66666666666666,2023,11,23
2023-11-24,2.0,0.6,18.722916666666666,21.1,16.6,86.20833333333333,2023,11,24
2023-11-25,6.7,4.0,16.008333333333333,17.7,14.7,80.52083333333334,2023,11,25
2023-11-26,0.0,0.0,16.428869047619045,20.3,14.8,85.31547619047619,2023,11,26
2023-11-27,1.7000000000000002,3.2,20.079166666666666,23.9,17.8,86.79166666666667,2023,11,27
2023-11-28,0.5,0.4,24.583143939393935,30.4,19.3,73.54166666666666,2023,11,28
2023-11-29,38.3,14.6,21.98125,27.0,19.3,83.0,2023,11,29
2023-11-30,0.9,1.0,23.883333333333333,31.2,19.5,76.35416666666667,2023,11,30
2023-12-01,0.1,0.2,23.804166666666667,31.0,19.7,77.1875,2023,12,1
2023-12-02,0.0,0.0,24.947916666666668,33.8,18.8,69.89583333333334,2023,12,2
2023-12-03,0.1,0.2,26.00625,34.4,20.3,67.60416666666667,2023,12,3
2023-12-04,0.4,0.4,23.710416666666667,32.7,19.3,74.27083333333334,2023,12,4
2023-12-05,1.5,2.0,22.835416666666667,28.0,20.0,78.29166666666666,2023,12,5
2023-12-06,0.0,0.0,25.6875,32.5,21.0,69.0,2023,12,6
2023-12-07,0.0,0.0,28.224818840579708,35.1,23.1,59.24365942028986,2023,12,7
2023-12-08,13.0,10.0,23.739583333333336,30.3,19.1,73.64583333333334,2023,12,8
2023-12-09,0.30000000000000004,0.2,19.019836956521736,21.6,16.9,84.19836956521739,2023,12,9
2023-12-10,0.1,0.2,19.93541666666667,26.9,17.2,76.5625,2023,12,10
2023-12-11,25.8,23.2,20.672916666666666,27.4,17.8,82.89583333333334,2023,12,11
2023-12-12,0.2,0.2,19.6875,25.1,16.9,77.6875,2023,12,12
2023-12-13,0.0,0.0,20.822735507246378,29.8,15.7,76.2463768115942,2023,12,13
2023-12-14,0.0,0.0,24.409848484848485,32.5,18.8,69.52272727272728,2023,12,14
2023-12-15,0.1,0.2,25.022916666666667,33.4,18.9,70.83333333333334,2023,12,15
2023-12-16,3.7,7.4,24.745833333333337,32.7,20.2,75.6875,2023,12,16
2023-12-17,6.6,13.2,24.879166666666666,31.7,20.0,73.47916666666666,2023,12,17
2023-12-18,0.0,0.0,24.616485507246374,32.4,20.5,65.16394927536231,2023,12,18
2023-12-19,0.0,0.0,22.945833333333333,31.4,19.2,71.66666666666667,2023,12,19
2023-12-20,0.0,0.0,21.788068181818183,28.6,18.3,69.75568181818181,2023,12,20
2023-12-21,0.0,0.0,22.512500000000003,30.4,18.3,72.45833333333333,2023,12,21
2023-12-22,3.7,7.4,24.56041666666667,33.0,19.6,72.60416666666667,2023,12,22
2023-12-23,37.099999999999994,31.2,24.25625,33.1,19.7,74.83333333333333,2023,12,23
2023-12-24,0.0,0.0,24.15,30.6,19.4,72.5625,2023,12,24
2023-12-25,0.0,0.0,26.660416666666663,33.5,21.1,63.45833333333333,2023,12,25
2023-12-26,0.9,1.0,24.18333333333333,28.7,19.2,71.45833333333334,2023,12,26
2023-12-27,0.1,0.2,20.624909420289853,26.0,17.6,68.58876811594203,2023,12,27
2023-12-28,0.0,0.0,22.150000000000002,30.7,16.7,65.54166666666667,2023,12,28
2023-12-29,0.0,0.0,26.516666666666666,34.7,19.5,57.58333333333333,2023,12,29
2023-12-30,7.4,4.0,22.0375,28.8,18.6,74.33333333333333,2023,12,30
2023-12-31,0.2,0.2,20.195833333333333,24.3,17.7,75.79166666666667,2023,12,31
2024-01-01,0.0,0.0,20.625,25.4,18.3,75.04166666666666,2024,1,1
2024-01-02,0.1,0.2,21.991666666666667,30.9,19.2,74.4375,2024,1,2
2024-01-03,4.999999999999999,9.4,22.779166666666665,29.8,19.9,77.89583333333333,2024,1,3
2024-01-04,8.6,2.0,21.053409090909092,23.8,18.9,87.35416666666666,2024,1,4
2024-01-05,5.699999999999999,4.6,21.585416666666667,28.4,19.0,81.29166666666667,2024,1,5
2024-01-06,0.30000000000000004,0.4,22.08125,29.2,18.9,76.70833333333333,2024,1,6
2024-01-07,0.0,0.0,23.802083333333332,32.9,19.1,71.25,2024,1,7
2024-01-08,6.2,9.4,25.358333333333334,34.0,20.7,68.33333333333334,2024,1,8
2024-01-09,16.5,19.0,24.99791666666667,33.2,20.3,68.5,2024,1,9
2024-01-10,5.3999999999999995,4.6,26.164583333333333,33.7,20.8,67.22916666666667,2024,1,10
2024-01-11,36.8,48.8,24.927083333333336,32.0,20.4,75.0,2024,1,11
2024-01-12,44.0,18.4,23.677083333333336,28.4,20.7,80.91666666666666,2024,1,12
2024-01-13,67.80000000000001,23.4,20.639583333333334,23.3,18.2,89.89583333333334,2024,1,13
2024-01-14,0.30000000000000004,0.2,22.6,31.2,17.3,75.14583333333334,2024,1,14
2024-01-15,0.0,0.0,25.73125,33.1,20.6,70.83333333333334,2024,1,15
2024-01-16,0.0,0.0,27.664583333333333,33.6,22.4,62.041666666666664,2024,1,16
2024-01-17,14.099999999999998,8.6,26.958333333333336,33.4,22.2,68.125,2024,1,17
2024-01-18,0.2,0.2,25.589583333333337,33.3,21.8,77.52083333333334,2024,1,18
2024-01-19,24.1,22.6,24.852083333333333,31.8,20.2,73.35416666666667,2024,1,19
2024-01-20,17.6,18.6,23.802083333333336,28.7,20.4,79.35416666666666,2024,1,20
2024-01-21,14.2,6.8,21.700000000000003,27.2,20.0,86.0625,2024,1,21
2024-01-22,3.5000000000000004,2.2,20.695833333333333,25.6,18.7,83.91666666666666,2024,1,22
2024-01-23,27.9,7.2,18.387500000000003,19.9,16.9,88.5625,2024,1,23
2024-01-24,0.7,0.6,18.729166666666664,24.3,16.0,82.64583333333334,2024,1,24
2024-01-25,2.4000000000000004,0.6,17.952083333333334,21.3,15.9,86.79166666666666,2024,1,25
2024-01-26,1.7000000000000002,1.2,18.237499999999997,23.9,15.5,83.375,2024,1,26
2024-01-27,5.0,7.8,20.120833333333334,27.4,17.1,82.75,2024,1,27
2024-01-28,9.9,11.2,20.358333333333334,25.2,17.5,82.1875,2024,1,28
2024-01-29,0.0,0.0,22.74791666666667,30.1,16.8,69.875,2024,1,29
2024-01-30,0.1,0.2,24.554166666666667,32.2,18.9,65.45833333333334,2024,1,30
2024-01-31,24.6,32.0,22.75588768115942,29.2,17.9,74.74365942028986,2024,1,31
2024-02-01,7.3,13.8,21.129166666666666,27.5,17.4,77.04166666666666,2024,2,1
2024-02-02,23.3,20.0,20.389583333333334,24.6,18.5,85.22916666666666,2024,2,2
2024-02-03,0.1,0.2,21.914583333333333,27.3,18.4,81.52083333333333,2024,2,3
2024-02-04,27.5,32.6,22.489583333333332,29.4,18.3,77.60416666666667,2024,2,4
2024-02-05,0.2,0.2,23.024728260869566,30.9,17.3,67.83423913043478,2024,2,5
2024-02-06,0.0,0.0,23.616666666666667,30.5,18.1,70.14583333333333,2024,2,6
2024-02-07,0.1,0.2,23.58197463768116,31.2,19.0,74.97554347826087,2024,2,7
2024-02-08,0.1,0.2,24.1,31.4,19.5,74.08333333333334,2024,2,8
2024-02-09,0.0,0.0,24.268749999999997,32.7,19.5,73.02083333333334,2024,2,9
2024-02-10,0.1,0.2,24.74375,31.9,20.5,72.22916666666667,2024,2,10
2024-02-11,0.0,0.0,24.98333333333333,33.3,20.0,70.04166666666666,2024,2,11
2024-02-12,0.0,0.0,26.36521739130435,32.4,21.4,63.92210144927536,2024,2,12
2024-02-13,0.0,0.0,27.416666666666664,34.1,22.3,58.770833333333336,2024,2,13
2024-02-14,69.1,30.4,22.302083333333336,25.2,20.1,86.8125,2024,2,14
2024-02-15,10.3,4.4,20.327083333333334,23.0,18.3,88.72916666666666,2024,2,15
2024-02-16,0.6,0.4,20.575000000000003,26.1,18.1,82.5,2024,2,16
2024-02-17,0.0,0.0,21.59583333333333,28.0,17.6,77.33333333333334,2024,2,17
2024-02-18,10.9,17.6,21.68396739130435,27.7,18.0,81.10235507246378,2024,2,18
2024-02-19,7.6,14.2,22.064583333333335,28.7,18.4,81.35416666666667,2024,2,19
2024-02-20,18.5,30.6,21.5,27.4,19.1,85.77083333333334,2024,2,20
2024-02-21,13.6,6.6,21.302083333333332,28.0,18.9,85.25,2024,2,21
2024-02-22,4.2,3.4,23.155615942028984,30.7,19.8,80.72463768115942,2024,2,22
2024-02-23,6.4,9.8,24.893750000000004,32.4,21.2,74.29166666666666,2024,2,23
2024-02-24,30.1,47.0,23.539583333333333,31.6,20.8,83.20833333333334,2024,2,24
2024-02-25,0.0,0.0,23.78541666666667,30.5,20.9,82.64583333333334,2024,2,25
2024-02-26,0.0,0.0,23.445833333333333,28.4,20.9,81.20833333333334,2024,2,26
2024-02-27,0.0,0.0,26.052083333333336,32.7,21.5,70.91666666666666,2024,2,27
2024-02-28,12.499999999999998,12.6,25.80625,32.5,21.4,74.8125,2024,2,28
2024-02-29,0.7000000000000001,0.8,25.195833333333333,32.3,21.1,77.0625,2024,2,29
2024-03-01,2.3,2.4,24.104166666666664,30.1,20.2,77.0,2024,3,1
2024-03-02,0.1,0.2,22.572916666666664,28.4,19.8,73.20833333333334,2024,3,2
2024-03-03,0.0,0.0,23.56666666666667,32.4,19.4,73.45833333333334,2024,3,3
2024-03-04,0.0,0.0,24.2473731884058,31.9,18.8,75.20018115942028,2024,3,4
2024-03-05,33.4,37.2,24.097916666666666,31.1,19.9,79.125,2024,3,5
2024-03-06,6.699999999999999,3.4,22.731250000000003,28.9,20.4,84.64583333333333,2024,3,6
2024-03-07,0.3,0.6,22.53125,29.0,19.7,83.0625,2024,3,7
2024-03-08,18.599999999999998,19.4,23.397916666666667,29.8,21.2,83.20833333333334,2024,3,8
2024-03-09,8.3,4.2,24.729166666666664,31.6,21.0,81.77083333333334,2024,3,9
2024-03-10,9.5,11.4,24.085416666666667,27.6,21.9,82.83333333333333,2024,3,10
2024-03-11,0.7,0.8,22.572916666666664,28.0,19.3,76.47916666666666,2024,3,11
2024-03-12,0.0,0.0,21.15833333333333,28.5,17.6,77.89583333333334,2024,3,12
2024-03-13,0.0,0.0,23.116666666666667,32.4,19.8,78.25,2024,3,13
2024-03-14,0.0,0.0,25.052083333333336,33.0,20.0,76.52083333333333,2024,3,14
2024-03-15,0.0,0.0,27.5125,34.6,22.1,63.87500000000001,2024,3,15
2024-03-16,0.0,0.0,28.285416666666663,34.6,23.4,60.583333333333336,2024,3,16
2024-03-17,0.0,0.0,28.258333333333333,34.9,23.8,62.666666666666664,2024,3,17
2024-03-18,35.7,48.2,24.670833333333334,30.7,22.1,79.875,2024,3,18
2024-03-19,9.5,18.0,24.77708333333333,32.0,20.4,82.04166666666666,2024,3,19
2024-03-20,0.2,0.2,25.625,32.3,22.0,77.625,2024,3,20
2024-03-21,0.1,0.2,27.06875,33.1,22.6,68.22916666666666,2024,3,21
2024-03-22,10.3,3.0,20.619565217391305,24.5,17.7,89.45199275362319,2024,3,22
2024-03-23,13.3,6.4,17.63125,18.5,16.9,88.72916666666666,2024,3,23
2024-03-24,10.1,4.4,18.775000000000002,23.9,16.6,87.89583333333334,2024,3,24
2024-03-25,0.0,0.0,21.366666666666667,27.8,17.8,80.70833333333333,2024,3,25
2024-03-26,0.0,0.0,20.433333333333334,24.9,17.9,80.1875,2024,3,26
2024-03-27,0.30000000000000004,0.2,19.4875,21.2,18.4,81.75,2024,3,27
2024-03-28,9.1,3.2,19.235416666666666,21.1,17.9,91.39583333333333,2024,3,28
2024-03-29,0.0,0.0,21.8,27.5,19.1,83.02083333333334,2024,3,29
2024-03-30,0.0,0.0,22.2375,29.4,18.9,79.5625,2024,3,30
2024-03-31,0.1,0.2,22.34791666666667,30.1,17.3,72.39583333333333,2024,3,31
2024-04-01,0.0,0.0,21.710416666666667,30.0,17.5,73.375,2024,4,1
2024-04-02,0.4,0.4,22.84375,29.9,18.9,70.35416666666666,2024,4,2
2024-04-03,0.0,0.0,22.96458333333333,30.4,18.9,73.60416666666666,2024,4,3
2024-04-04,0.0,0.0,23.24185606060606,32.1,18.7,77.25378787878788,2024,4,4
2024-04-05,0.1,0.2,22.2725,29.8,19.4,79.94166666666666,2024,4,5
2024-04-06,2.4,2.4,21.660416666666666,27.1,19.4,78.875,2024,4,6
2024-04-07,0.7,1.0,21.172916666666666,27.0,17.9,81.64583333333333,2024,4,7
2024-04-08,1.1,1.4,21.904166666666665,26.8,19.3,79.45833333333333,2024,4,8
2024-04-09,3.1,1.6,22.110416666666666,28.0,18.7,81.4375,2024,4,9
2024-04-10,0.0,0.0,22.597916666666663,29.9,19.0,78.77083333333333,2024,4,10
2024-04-11,0.2,0.4,21.379166666666666,27.5,19.1,85.125,2024,4,11
2024-04-12,0.1,0.2,22.0625,27.8,19.4,79.20833333333333,2024,4,12
2024-04-13,0.0,0.0,22.691666666666666,29.6,19.0,76.04166666666667,2024,4,13
2024-04-14,0.0,0.0,22.50208333333333,26.5,20.0,79.33333333333334,2024,4,14
2024-04-15,22.400000000000002,42.6,22.77708333333333,29.1,20.1,79.875,2024,4,15
2024-04-16,0.2,0.2,24.450000000000003,30.4,20.3,73.375,2024,4,16
2024-04-17,12.4,8.6,23.933333333333334,28.1,20.7,79.41666666666667,2024,4,17
2024-04-18,1.5000000000000002,0.4,18.195833333333333,22.7,15.9,84.58333333333334,2024,4,18
2024-04-19,0.0,0.0,17.56458333333333,24.7,14.1,70.66666666666666,2024,4,19
2024-04-20,0.0,0.0,19.047916666666666,26.6,16.1,75.60416666666667,2024,4,20
2024-04-21,0.1,0.2,20.235416666666666,28.4,15.6,74.45833333333334,2024,4,21
2024-04-22,0.1,0.2,22.010416666666664,29.5,17.0,67.4375,2024,4,22
2024-04-23,0.0,0.0,23.442028985507246,30.3,17.8,57.622282608695656,2024,4,23
2024-04-24,0.0,0.0,23.637499999999996,30.4,18.0,60.47916666666667,2024,4,24
2024-04-25,0.4,0.4,21.68958333333333,28.1,19.5,80.58333333333333,2024,4,25
2024-04-26,0.2,0.2,21.87291666666667,28.1,19.0,81.9375,2024,4,26
2024-04-27,0.0,0.0,24.133333333333333,31.2,18.9,70.47916666666666,2024,4,27
2024-04-28,0.0,0.0,25.235416666666666,31.6,20.3,61.87499999999999,2024,4,28
2024-04-29,0.0,0.0,24.14375,31.1,19.7,73.83333333333334,2024,4,29
2024-04-30,0.0,0.0,25.581249999999997,31.6,20.6,60.75000000000001,2024,4,30
2024-05-01,0.0,0.0,25.206249999999997,31.6,19.9,56.25,2024,5,1
2024-05-02,0.0,0.0,25.51666666666667,32.1,19.7,53.645833333333336,2024,5,2
2024-05-03,0.0,0.0,23.9375,31.7,18.6,66.5625,2024,5,3
2024-05-04,0.1,0.2,24.481250000000003,32.5,18.7,63.10416666666667,2024,5,4
2024-05-05,0.0,0.0,24.945833333333333,32.5,20.0,56.520833333333336,2024,5,5
2024-05-06,0.0,0.0,23.79375,30.9,18.5,57.39583333333333,2024,5,6
2024-05-07,0.0,0.0,24.491666666666667,31.6,18.6,58.354166666666664,2024,5,7
2024-05-08,0.0,0.0,24.74375,30.5,20.5,57.91666666666667,2024,5,8
2024-05-09,0.0,0.0,23.789583333333333,31.0,19.5,61.99999999999999,2024,5,9
2024-05-10,0.6000000000000001,0.8,22.80833333333333,29.1,19.6,74.39583333333334,2024,5,10
2024-05-11,0.1,0.2,23.645833333333336,30.3,19.1,65.39583333333334,2024,5,11
2024-05-12,0.0,0.0,24.164583333333333,30.4,17.8,53.625,2024,5,12
2024-05-13,0.0,0.0,24.75625,30.1,18.5,45.02083333333333,2024,5,13
2024-05-14,1.4,1.2,19.70625,24.5,17.0,81.52083333333334,2024,5,14
2024-05-15,0.0,0.0,17.0625,18.6,15.9,85.35416666666666,2024,5,15
2024-05-16,0.0,0.0,21.081249999999997,29.1,15.8,72.1875,2024,5,16
2024-05-17,0.0,0.0,24.96458333333333,31.3,19.2,55.14583333333333,2024,5,17
2024-05-18,0.0,0.0,22.666666666666664,29.9,17.0,65.75,2024,5,18
2024-05-19,0.0,0.0,20.68541666666667,26.8,18.1,78.4375,2024,5,19
2024-05-20,3.2,5.0,20.33958333333333,27.1,16.6,82.79166666666666,2024,5,20
2024-05-21,0.2,0.2,18.4,24.5,15.6,84.39583333333334,2024,5,21
2024-05-22,0.1,0.2,21.125,29.2,16.7,76.33333333333334,2024,5,22
2024-05-23,0.1,0.2,22.106250000000003,28.3,16.4,62.5625,2024,5,23
2024-05-24,2.8,3.0,20.46666666666667,25.9,16.7,62.645833333333336,2024,5,24
2024-05-25,0.30000000000000004,0.4,16.493750000000002,19.4,13.9,84.79166666666667,2024,5,25
2024-05-26,16.200000000000003,7.8,14.7,16.9,13.6,91.0,2024,5,26
2024-05-27,32.4,8.6,16.433333333333334,19.3,14.7,92.22916666666667,2024,5,27
2024-05-28,0.1,0.2,18.327083333333334,20.5,16.4,83.85416666666667,2024,5,28
2024-05-29,0.1,0.2,14.043750000000001,20.0,9.4,70.9375,2024,5,29
2024-05-30,0.0,0.0,13.616666666666667,18.9,10.7,77.0,2024,5,30
2024-05-31,0.0,0.0,14.908333333333331,20.7,11.5,78.375,2024,5,31
2024-06-01,0.0,0.0,17.239583333333336,24.2,13.6,69.35416666666666,2024,6,1
2024-06-02,0.30000000000000004,0.2,17.704166666666666,25.3,12.4,72.41666666666666,2024,6,2
2024-06-03,0.0,0.0,19.1625,26.4,14.9,71.4375,2024,6,3
2024-06-04,0.2,0.2,16.856250000000003,19.5,14.8,84.8125,2024,6,4
2024-06-05,0.4,0.4,17.464583333333334,23.6,14.9,81.52083333333334,2024,6,5
2024-06-06,0.1,0.2,18.03333333333333,25.4,13.0,77.79166666666666,2024,6,6
2024-06-07,0.30000000000000004,0.2,19.10625,26.7,13.8,70.04166666666666,2024,6,7
2024-06-08,0.1,0.2,19.427083333333336,27.5,14.4,70.85416666666666,2024,6,8
2024-06-09,0.2,0.2,20.12708333333333,27.4,15.0,67.5,2024,6,9
2024-06-10,0.0,0.0,21.78125,27.9,16.9,55.416666666666664,2024,6,10
2024-06-11,0.1,0.2,19.87708333333333,26.7,14.7,69.97916666666666,2024,6,11
2024-06-12,0.1,0.2,19.87291666666667,27.7,14.5,69.97916666666666,2024,6,12
2024-06-13,0.2,0.2,19.7625,26.7,14.5,64.08333333333334,2024,6,13
2024-06-14,0.0,0.0,21.079166666666666,27.1,14.7,47.66666666666667,2024,6,14
2024-06-15,0.0,0.0,21.18958333333333,28.1,15.4,59.08333333333333,2024,6,15
2024-06-16,0.0,0.0,21.19166666666667,27.9,15.5,61.833333333333336,2024,6,16
2024-06-17,0.0,0.0,21.50625,27.5,15.6,54.43749999999999,2024,6,17
2024-06-18,0.0,0.0,20.77916666666667,26.6,14.4,48.8125,2024,6,18
2024-06-19,0.0,0.0,20.335416666666667,27.5,14.2,52.5,2024,6,19
2024-06-20,0.0,0.0,19.677083333333336,27.5,13.8,56.708333333333336,2024,6,20
2024-06-21,0.2,0.2,18.5125,25.9,12.3,64.66666666666667,2024,6,21
2024-06-22,0.1,0.2,19.804166666666667,27.0,13.5,61.1875,2024,6,22
2024-06-23,0.0,0.0,21.3125,28.0,15.6,56.89583333333333,2024,6,23
2024-06-24,0.0,0.0,22.179166666666667,28.6,17.1,54.770833333333336,2024,6,24
2024-06-25,0.1,0.2,18.147916666666667,19.9,16.2,82.41666666666667,2024,6,25
2024-06-26,0.0,0.0,20.797916666666666,27.9,15.3,69.6875,2024,6,26
2024-06-27,0.0,0.0,19.977083333333333,25.2,15.3,71.04166666666666,2024,6,27
2024-06-28,0.1,0.2,19.72083333333333,25.7,14.8,70.75,2024,6,28
2024-06-29,0.0,0.0,18.820833333333333,25.2,14.4,68.35416666666667,2024,6,29
2024-06-30,0.4,0.4,13.389583333333334,16.5,11.0,84.875,2024,6,30
2024-07-01,0.0,0.0,13.635416666666668,18.0,11.1,83.39583333333334,2024,7,1
2024-07-02,0.1,0.2,16.09375,25.0,12.1,77.64583333333334,2024,7,2
2024-07-03,0.2,0.2,18.541666666666668,26.7,12.7,69.14583333333334,2024,7,3
2024-07-04,0.0,0.0,20.00625,25.3,16.2,61.916666666666664,2024,7,4
2024-07-05,0.0,0.0,20.50625,27.3,14.6,56.27083333333333,2024,7,5
2024-07-06,0.0,0.0,17.102083333333333,21.7,14.8,72.64583333333334,2024,7,6
2024-07-07,0.0,0.0,18.02708333333333,27.0,13.8,74.29166666666666,2024,7,7
2024-07-08,4.0,2.6,14.458333333333332,17.6,12.8,85.0625,2024,7,8
2024-07-09,37.599999999999994,4.8,12.956249999999999,14.6,11.4,92.66666666666666,2024,7,9
2024-07-10,21.3,7.6,17.125,22.6,14.2,88.0625,2024,7,10
2024-07-11,0.0,0.0,18.160416666666666,23.8,15.3,84.64583333333333,2024,7,11
2024-07-12,0.1,0.2,16.510416666666664,21.7,14.1,86.20833333333333,2024,7,12
2024-07-13,0.0,0.0,14.052083333333334,17.1,12.2,86.41666666666666,2024,7,13
2024-07-14,0.0,0.0,17.1125,25.3,12.4,78.1875,2024,7,14
2024-07-15,0.0,0.0,15.531250000000002,22.4,11.6,81.45833333333334,2024,7,15
2024-07-16,0.0,0.0,15.895833333333334,22.9,13.5,82.79166666666666,2024,7,16
2024-07-17,0.0,0.0,17.77916666666667,25.4,12.7,74.04166666666666,2024,7,17
2024-07-18,0.2,0.2,17.4875,25.5,13.2,73.625,2024,7,18
2024-07-19,0.0,0.0,15.575000000000001,23.4,12.2,74.58333333333333,2024,7,19
2024-07-20,0.2,0.2,15.225,22.4,11.6,78.02083333333334,2024,7,20
2024-07-21,0.0,0.0,16.427083333333332,24.5,12.1,73.33333333333334,2024,7,21
2024-07-22,0.2,0.2,18.20625,26.9,12.2,66.52083333333333,2024,7,22
2024-07-23,0.1,0.2,17.20625,24.9,10.2,59.395833333333336,2024,7,23
2024-07-24,0.0,0.0,17.84375,25.4,11.4,55.125,2024,7,24
2024-07-25,0.1,0.2,18.464583333333334,26.9,12.6,60.354166666666664,2024,7,25
2024-07-26,0.0,0.0,19.09583333333333,26.2,13.5,55.58333333333333,2024,7,26
2024-07-27,0.0,0.0,19.272916666666667,26.2,14.0,56.625,2024,7,27
2024-07-28,0.0,0.0,20.3875,29.0,14.6,57.3125,2024,7,28
2024-07-29,0.0,0.0,18.4125,24.5,14.4,64.0625,2024,7,29
2024-07-30,5.6,1.6,14.11875,17.1,12.7,85.39583333333334,2024,7,30
2024-07-31,0.0,0.0,16.356250000000003,22.7,13.3,78.70833333333334,2024,7,31
2024-08-01,0.0,0.0,17.647916666666667,25.3,14.6,76.4375,2024,8,1
2024-08-02,0.0,0.0,18.38125,26.1,13.3,71.39583333333333,2024,8,2
2024-08-03,0.0,0.0,20.704166666666666,28.5,14.9,57.270833333333336,2024,8,3
2024-08-04,0.0,0.0,22.029166666666665,28.4,16.5,54.9375,2024,8,4
2024-08-05,0.0,0.0,22.706249999999997,29.0,17.3,57.0,2024,8,5
2024-08-06,0.0,0.0,22.272916666666667,29.4,16.9,55.58333333333333,2024,8,6
2024-08-07,0.0,0.0,22.777083333333334,28.7,17.5,48.270833333333336,2024,8,7
2024-08-08,0.0,0.0,23.3375,29.1,17.5,42.458333333333336,2024,8,8
2024-08-09,5.9,2.6,18.30625,25.3,14.1,70.83333333333333,2024,8,9
2024-08-10,40.5,7.4,11.122916666666667,15.5,8.6,84.97916666666666,2024,8,10
2024-08-11,0.2,0.2,12.508333333333333,20.6,7.1,69.625,2024,8,11
2024-08-12,0.0,0.0,14.227083333333333,19.2,9.7,50.89583333333333,2024,8,12
2024-08-13,0.0,0.0,10.345833333333335,15.3,7.6,71.1875,2024,8,13
2024-08-14,0.0,0.0,13.297916666666667,23.3,8.4,71.0625,2024,8,14
2024-08-15,0.2,0.2,18.15625,29.3,10.1,65.4375,2024,8,15
2024-08-16,0.0,0.0,21.160416666666666,30.9,13.5,58.041666666666664,2024,8,16
2024-08-17,0.0,0.0,22.46875,31.3,15.7,51.91666666666667,2024,8,17
2024-08-18,0.0,0.0,22.69375,31.9,15.0,47.47916666666667,2024,8,18
2024-08-19,0.0,0.0,23.329166666666666,32.3,15.8,45.5625,2024,8,19
2024-08-20,0.0,0.0,22.179166666666667,31.6,15.5,52.29166666666667,2024,8,20
2024-08-21,0.0,0.0,19.547916666666666,28.5,15.4,64.66666666666666,2024,8,21
2024-08-22,0.0,0.0,22.8375,31.6,16.3,52.58333333333333,2024,8,22
2024-08-23,0.0,0.0,23.78125,32.2,15.9,45.22916666666667,2024,8,23
2024-08-24,8.700000000000001,6.4,16.620833333333334,21.8,14.0,75.0,2024,8,24
2024-08-25,3.7,2.2,11.752083333333331,15.9,8.4,83.10416666666667,2024,8,25
2024-08-26,0.1,0.2,10.808333333333334,17.3,8.0,67.89583333333334,2024,8,26
2024-08-27,0.1,0.2,10.716666666666667,20.9,4.9,67.83333333333333,2024,8,27
2024-08-28,0.0,0.0,13.220833333333333,22.1,9.7,73.35416666666667,2024,8,28
2024-08-29,0.0,0.0,17.35625,27.1,12.7,73.20833333333333,2024,8,29
2024-08-30,0.1,0.2,20.910416666666663,30.1,14.6,56.8125,2024,8,30
2024-08-31,0.0,0.0,19.770833333333332,29.3,13.1,55.770833333333336,2024,8,31
2024-09-01,0.1,0.2,21.891666666666666,32.0,14.0,50.4375,2024,9,1
2024-09-02,0.0,0.0,20.28125,28.6,15.0,56.27083333333333,2024,9,2
2024-09-03,0.0,0.0,21.12708333333333,31.7,14.1,66.08333333333334,2024,9,3
2024-09-04,0.0,0.0,24.110416666666666,32.4,15.9,50.95833333333333,2024,9,4
2024-09-05,0.0,0.0,21.318749999999998,26.9,15.5,54.91666666666667,2024,9,5
2024-09-06,0.0,0.0,16.66875,22.7,13.9,74.47916666666666,2024,9,6
2024-09-07,0.0,0.0,22.316666666666663,33.1,15.8,68.6875,2024,9,7
2024-09-08,0.0,0.0,25.712500000000002,33.8,19.3,58.333333333333336,2024,9,8
2024-09-09,0.0,0.0,25.070833333333336,33.5,19.1,51.70833333333333,2024,9,9
2024-09-10,0.0,0.0,24.402083333333334,32.8,15.7,43.5,2024,9,10
2024-09-11,0.0,0.0,25.75208333333333,33.0,19.2,42.8125,2024,9,11
2024-09-12,0.0,0.0,25.895833333333336,33.5,18.6,40.66666666666667,2024,9,12
2024-09-13,0.0,0.0,25.40208333333333,33.0,16.4,41.1875,2024,9,13
2024-09-14,0.0,0.0,23.941938405797103,29.4,18.5,46.796195652173914,2024,9,14
2024-09-15,0.1,0.2,18.508333333333333,22.0,16.4,71.375,2024,9,15
2024-09-16,15.5,6.6,15.779166666666667,18.1,14.1,82.45833333333333,2024,9,16
2024-09-17,1.5,0.4,14.85625,17.6,13.6,81.27083333333334,2024,9,17
2024-09-18,0.0,0.0,16.389583333333334,20.9,13.8,77.77083333333333,2024,9,18
2024-09-19,2.0,3.6,18.145833333333332,24.4,15.5,77.85416666666666,2024,9,19
2024-09-20,0.2,0.2,22.572916666666664,33.1,16.1,70.16666666666666,2024,9,20
2024-09-21,0.8,0.6,21.614583333333332,27.3,17.2,66.29166666666666,2024,9,21
2024-09-22,0.0,0.0,22.87291666666667,31.8,17.9,64.97916666666667,2024,9,22
2024-09-23,0.1,0.2,24.049999999999997,33.6,16.7,58.645833333333336,2024,9,23
2024-09-24,0.0,0.0,23.08958333333333,35.2,16.1,59.68750000000001,2024,9,24
2024-09-25,0.0,0.0,25.710416666666667,34.9,17.7,57.270833333333336,2024,9,25
2024-09-26,0.0,0.0,27.758333333333333,35.9,20.1,47.770833333333336,2024,9,26
2024-09-27,0.9,1.0,20.918750000000003,28.2,15.4,67.4375,2024,9,27
2024-09-28,0.1,0.2,16.927083333333332,22.7,14.1,67.29166666666666,2024,9,28
2024-09-29,0.0,0.0,19.125,30.6,14.9,69.4375,2024,9,29
2024-09-30,0.0,0.0,21.789583333333333,32.4,16.7,67.70833333333333,2024,9,30
2024-10-01,0.0,0.0,25.87083333333333,34.9,18.2,55.18750000000001,2024,10,1
2024-10-02,0.0,0.0,26.110416666666666,36.0,19.8,51.25,2024,10,2
2024-10-03,3.4,2.2,18.827083333333334,22.0,15.6,75.29166666666667,2024,10,3
2024-10-04,1.0,0.4,15.858333333333334,17.9,14.6,77.95833333333333,2024,10,4
2024-10-05,0.1,0.2,17.0875,24.6,14.5,75.64583333333333,2024,10,5
2024-10-06,0.0,0.0,18.59583333333333,29.2,14.4,71.70833333333334,2024,10,6
2024-10-07,0.0,0.0,18.59375,29.0,14.8,65.4375,2024,10,7
2024-10-08,0.0,0.0,20.18858695652174,33.4,15.7,68.80797101449275,2024,10,8
2024-10-09,0.1,0.2,17.864583333333336,22.7,15.1,75.27083333333334,2024,10,9
2024-10-10,1.5,1.4,19.55,26.0,16.6,77.47916666666667,2024,10,10
2024-10-11,19.4,16.0,21.754166666666663,27.7,18.0,80.85416666666667,2024,10,11
2024-10-12,2.0,2.0,21.254166666666663,28.0,18.0,74.54166666666666,2024,10,12
2024-10-13,0.4,0.2,18.397916666666667,27.5,15.3,71.95833333333333,2024,10,13
2024-10-14,0.1,0.2,18.200000000000003,26.1,16.0,74.91666666666666,2024,10,14
2024-10-15,0.0,0.0,19.539583333333333,28.6,15.4,71.52083333333333,2024,10,15
2024-10-16,0.0,0.0,21.3375,30.0,15.4,71.6875,2024,10,16
2024-10-17,0.0,0.0,21.23541666666667,30.6,15.7,73.125,2024,10,17
2024-10-18,0.0,0.0,19.522916666666667,27.9,15.7,74.4375,2024,10,18
2024-10-19,16.5,12.2,16.929166666666667,19.1,13.8,82.29166666666667,2024,10,19
2024-10-20,7.9,2.2,16.095833333333335,18.8,13.2,87.97916666666666,2024,10,20
2024-10-21,0.0,0.0,19.639583333333334,25.0,17.4,82.89583333333334,2024,10,21
2024-10-22,0.0,0.0,23.606159420289856,30.9,19.1,74.8161231884058,2024,10,22
2024-10-23,39.900000000000006,26.0,23.304166666666664,28.6,19.3,79.58333333333334,2024,10,23
2024-10-24,18.2,9.2,23.31458333333333,30.3,20.0,76.8125,2024,10,24
2024-10-25,22.9,7.8,22.506249999999998,26.7,19.2,75.625,2024,10,25
2024-10-26,0.0,0.0,23.754166666666666,29.9,18.9,70.0625,2024,10,26
2024-10-27,1.0,0.8,16.97083333333333,19.6,15.0,77.125,2024,10,27
2024-10-28,0.7999999999999999,1.0,17.56041666666667,21.6,15.8,78.4375,2024,10,28
2024-10-29,0.0,0.0,19.37291666666667,24.5,17.3,77.8125,2024,10,29
2024-10-30,0.1,0.2,20.200000000000003,27.4,17.4,71.25,2024,10,30
2024-10-31,0.0,0.0,19.53125,26.9,15.5,68.60416666666666,2024,10,31
2024-11-01,0.0,0.0,21.72083333333333,30.3,17.4,63.75,2024,11,1
2024-11-02,19.0,14.2,21.733333333333334,29.5,19.0,74.16666666666667,2024,11,2
2024-11-03,6.6,2.8,20.170833333333334,22.5,19.2,86.0,2024,11,3
2024-11-04,11.100000000000001,2.0,19.954166666666666,23.5,18.2,89.125,2024,11,4
2024-11-05,1.3,1.2,22.558333333333334,27.3,19.4,77.29166666666667,2024,11,5
2024-11-06,16.9,13.2,22.900000000000002,29.2,20.5,78.83333333333333,2024,11,6
2024-11-07,6.300000000000001,3.4,21.59166666666667,22.8,20.7,84.70833333333333,2024,11,7
2024-11-08,53.2,18.4,20.266666666666666,22.7,17.6,87.29166666666667,2024,11,8
2024-11-09,0.30000000000000004,0.2,18.430434782608696,21.1,16.4,80.0,2024,11,9
2024-11-10,0.2,0.2,18.795833333333334,24.9,14.9,70.0,2024,11,10
2024-11-11,0.0,0.0,22.2625,30.6,14.8,54.583333333333336,2024,11,11
2024-11-12,0.0,0.0,22.954166666666666,31.1,18.3,57.625,2024,11,12
2024-11-13,7.200000000000001,5.4,17.025000000000002,18.8,15.2,81.625,2024,11,13
2024-11-14,0.0,0.0,17.170833333333334,20.8,14.9,77.33333333333333,2024,11,14
2024-11-15,0.1,0.2,19.545833333333334,26.1,16.5,78.75,2024,11,15
2024-11-16,0.1,0.2,21.4,25.8,19.5,77.47826086956522,2024,11,16
2024-11-17,0.0,0.0,22.141666666666666,29.8,18.0,69.08333333333333,2024,11,17
2024-11-18,0.1,0.2,23.625,31.3,17.8,62.833333333333336,2024,11,18
2024-11-19,0.1,0.2,23.09166666666667,30.7,19.1,60.958333333333336,2024,11,19
2024-11-20,0.0,0.0,23.3125,31.3,18.0,64.54166666666667,2024,11,20
2024-11-21,0.30000000000000004,0.4,21.633333333333336,25.0,20.0,73.0,2024,11,21
2024-11-22,1.3,0.6,20.2625,21.9,18.6,74.95833333333333,2024,11,22
2024-11-23,0.6000000000000001,0.4,20.466666666666665,24.0,17.8,71.375,2024,11,23
2024-11-24,0.0,0.0,18.708333333333332,23.3,15.5,66.20833333333333,2024,11,24
2024-11-25,0.0,0.0,21.229166666666668,29.2,16.1,60.458333333333336,2024,11,25
2024-11-26,0.0,0.0,24.52916666666667,31.6,18.0,51.791666666666664,2024,11,26
2024-11-27,0.0,0.0,27.5125,33.8,21.2,42.833333333333336,2024,11,27
2024-11-28,13.5,11.6,27.162499999999998,33.6,21.5,49.0,2024,11,28
2024-11-29,4.9,5.2,23.337500000000002,27.2,20.6,74.875,2024,11,29
2024-11-30,0.0,0.0,24.566666666666666,28.7,21.3,71.33333333333333,2024,11,30
2024-12-01,0.0,0.0,24.133333333333336,32.1,20.4,67.875,2024,12,1
2024-12-02,2.8,4.8,24.641666666666666,29.7,22.1,72.125,2024,12,2
2024-12-03,21.8,9.0,21.84583333333333,22.9,20.8,85.83333333333333,2024,12,3
2024-12-04,0.1,0.2,19.079166666666666,20.5,17.8,79.70833333333333,2024,12,4
2024-12-05,17.1,16.2,20.566666666666666,27.7,17.0,82.16666666666667,2024,12,5
2024-12-06,0.39999999999999997,0.6,25.504166666666666,32.1,20.5,72.41666666666667,2024,12,6
2024-12-07,0.0,0.0,27.162499999999998,32.5,22.6,56.875,2024,12,7
2024-12-08,1.5,0.8,23.5,25.7,21.9,72.16666666666667,2024,12,8
2024-12-09,0.7,1.0,23.545833333333334,26.6,21.4,72.20833333333333,2024,12,9
2024-12-10,11.4,8.4,22.25,26.9,18.3,78.41666666666667,2024,12,10
2024-12-11,0.2,0.2,19.97291666666667,25.4,17.5,75.14583333333334,2024,12,11
2024-12-12,0.0,0.0,20.120833333333334,27.2,15.9,71.91666666666667,2024,12,12
2024-12-13,0.0,0.0,20.785416666666666,27.1,17.4,76.10416666666667,2024,12,13
2024-12-14,1.1,0.8,21.983333333333334,25.9,19.3,77.39583333333334,2024,12,14
2024-12-15,1.3,0.6,23.625,29.6,20.0,70.89583333333333,2024,12,15
2024-12-16,0.0,0.0,24.62916666666667,30.5,20.6,57.208333333333336,2024,12,16
2024-12-17,0.0,0.0,20.910416666666663,27.2,16.3,71.89583333333334,2024,12,17
2024-12-18,0.1,0.2,20.708333333333332,29.0,16.4,73.54166666666666,2024,12,18
2024-12-19,0.0,0.0,22.670833333333334,30.9,17.4,70.14583333333333,2024,12,19
2024-12-20,31.9,23.0,23.766666666666666,31.3,18.8,74.27083333333333,2024,12,20
2024-12-21,16.8,11.0,22.18958333333333,28.5,19.3,83.375,2024,12,21
2024-12-22,0.4,0.4,22.831249999999997,29.0,19.6,80.625,2024,12,22
2024-12-23,7.1,2.4,21.127083333333335,24.9,18.7,87.0,2024,12,23
2024-12-24,0.30000000000000004,0.2,20.75,28.3,18.0,79.6875,2024,12,24
2024-12-25,23.7,27.4,23.210416666666667,31.1,19.2,76.1875,2024,12,25
2024-12-26,30.099999999999998,7.2,21.46875,25.0,19.4,89.41666666666666,2024,12,26
2024-12-27,42.8,12.8,21.3125,25.3,18.1,90.08333333333334,2024,12,27
2024-12-28,2.1,2.2,22.981250000000003,28.8,20.4,82.54166666666666,2024,12,28
2024-12-29,0.4,0.2,22.241666666666664,28.5,18.8,79.39583333333334,2024,12,29
2024-12-30,1.9000000000000001,1.6,21.54375,27.4,18.9,79.66666666666667,2024,12,30
2024-12-31,0.7999999999999999,1.2,21.93333333333333,28.4,18.5,77.04166666666667,2024,12,31
2025-01-01,2.6000000000000005,2.2,22.235416666666666,29.7,18.7,77.9375,2025,1,1
2025-01-02,0.30000000000000004,0.2,24.27916666666667,31.5,19.0,69.6875,2025,1,2
2025-01-03,7.3,12.0,24.00625,31.7,19.4,71.8125,2025,1,3
2025-01-04,0.2,0.4,24.333333333333336,30.3,20.9,71.5625,2025,1,4
2025-01-05,0.5,0.4,22.616666666666667,28.4,19.0,76.72916666666666,2025,1,5
2025-01-06,0.0,0.0,22.679166666666667,31.0,18.9,75.125,2025,1,6
2025-01-07,9.100000000000001,7.4,21.916666666666668,29.1,19.5,79.375,2025,1,7
2025-01-08,1.4999999999999998,1.4,21.375,27.9,19.0,79.75,2025,1,8
2025-01-09,0.1,0.2,20.370833333333334,25.6,18.5,79.60416666666667,2025,1,9
2025-01-10,0.5,0.4,20.664583333333333,26.5,17.5,74.54166666666666,2025,1,10
2025-01-11,0.0,0.0,20.414583333333333,27.7,15.6,72.625,2025,1,11
2025-01-12,0.2,0.2,20.110416666666666,24.9,17.4,77.54166666666667,2025,1,12
2025-01-13,0.0,0.0,19.804166666666667,24.5,16.8,71.45833333333333,2025,1,13
2025-01-14,0.0,0.0,18.93541666666667,23.1,16.1,77.875,2025,1,14
2025-01-15,0.0,0.0,21.34166666666667,28.4,18.3,73.64583333333334,2025,1,15
2025-01-16,12.100000000000001,15.4,23.087500000000002,29.4,20.0,77.58333333333334,2025,1,16
2025-01-17,21.8,16.6,23.66041666666667,27.9,20.5,80.83333333333334,2025,1,17
2025-01-18,0.6000000000000001,0.6,25.637500000000003,32.7,20.1,70.14583333333334,2025,1,18
2025-01-19,2.3,4.6,26.15416666666667,32.8,22.2,69.39583333333334,2025,1,19
2025-01-20,0.0,0.0,26.49375,32.4,21.3,64.97916666666666,2025,1,20
2025-01-21,0.0,0.0,27.460416666666667,33.6,22.5,59.43749999999999,2025,1,21
2025-01-22,10.1,12.0,26.45625,34.1,22.0,64.83333333333333,2025,1,22
2025-01-23,0.1,0.2,24.460054347826087,31.1,20.2,70.17391304347827,2025,1,23
2025-01-24,63.099999999999994,82.0,23.639583333333334,31.9,19.3,78.02083333333334,2025,1,24
2025-01-25,0.5,0.6,25.333333333333332,33.1,20.4,72.25,2025,1,25
2025-01-26,31.4,18.4,23.072916666666668,29.3,19.8,81.125,2025,1,26
2025-01-27,7.5,8.2,21.775000000000002,25.9,19.3,84.875,2025,1,27
2025-01-28,6.1,5.2,21.87708333333333,27.4,18.6,85.45833333333334,2025,1,28
2025-01-29,25.3,9.2,21.80833333333333,25.6,20.3,92.29166666666666,2025,1,29
2025-01-30,22.5,12.6,21.725,25.6,20.2,90.3125,2025,1,30
2025-01-31,6.4,4.4,22.75625,27.7,20.5,83.91666666666666,2025,1,31
2025-02-01,59.6,19.6,22.0,27.6,19.0,86.89583333333333,2025,2,1
2025-02-02,21.299999999999997,9.2,22.91041666666667,28.5,20.4,84.20833333333334,2025,2,2
2025-02-03,39.900000000000006,23.6,22.093659420289857,27.1,20.1,85.36141304347825,2025,2,3
2025-02-04,7.6,7.2,23.195833333333333,27.9,20.2,77.91666666666667,2025,2,4
2025-02-05,0.1,0.2,24.002083333333335,31.0,20.0,76.02083333333333,2025,2,5
2025-02-06,12.8,15.8,25.53333333333333,32.6,20.3,66.27083333333334,2025,2,6
2025-02-07,1.1,1.8,24.589583333333334,31.0,20.0,73.72916666666666,2025,2,7
2025-02-08,0.0,0.0,24.397916666666667,31.2,21.1,74.33333333333334,2025,2,8
2025-02-09,0.0,0.0,24.414583333333333,32.6,19.8,69.08333333333334,2025,2,9
2025-02-10,18.5,35.6,23.36875,31.0,18.7,76.29166666666667,2025,2,10
2025-02-11,0.0,0.0,25.329891304347825,31.7,20.5,68.55163043478261,2025,2,11
2025-02-12,1.4,2.8,26.583333333333336,32.7,21.9,60.416666666666664,2025,2,12
2025-02-13,10.0,12.6,24.368840579710145,31.5,20.3,72.35326086956522,2025,2,13
2025-02-14,18.799999999999997,34.4,22.833333333333336,28.3,20.2,83.375,2025,2,14
2025-02-15,1.5,2.8,23.822916666666664,32.3,19.5,78.39583333333334,2025,2,15
2025-02-16,0.0,0.0,27.039583333333333,34.2,21.5,65.5625,2025,2,16
2025-02-17,0.0,0.0,28.427083333333332,34.2,22.3,50.9375,2025,2,17
2025-02-18,14.6,14.4,25.8375,32.7,21.2,66.875,2025,2,18
2025-02-19,9.5,14.0,23.758333333333333,32.2,18.7,74.22916666666666,2025,2,19
2025-02-20,0.1,0.2,25.18958333333333,32.6,21.9,73.6875,2025,2,20
2025-02-21,0.5,1.0,24.70625,30.9,21.4,77.375,2025,2,21
2025-02-22,0.1,0.2,24.270833333333332,30.7,21.6,75.3125,2025,2,22
2025-02-23,0.1,0.2,23.975,31.3,19.8,73.79166666666667,2025,2,23
2025-02-24,0.0,0.0,25.129166666666663,31.2,21.1,70.3125,2025,2,24
2025-02-25,0.0,0.0,25.393749999999997,32.3,21.1,67.875,2025,2,25
2025-02-26,0.8,1.6,25.639583333333334,32.5,21.3,68.66666666666667,2025,2,26
2025-02-27,2.0,3.4,24.93125,32.9,20.5,70.79166666666666,2025,2,27
2025-02-28,0.0,0.0,24.65833333333333,32.0,20.1,73.4375,2025,2,28
2025-03-01,0.1,0.2,25.15625,33.2,20.6,69.16666666666666,2025,3,1
2025-03-02,0.1,0.2,25.5625,33.6,21.1,67.52083333333334,2025,3,2
2025-03-03,0.0,0.0,24.74375,32.8,19.9,68.8125,2025,3,3
2025-03-04,0.0,0.0,24.145833333333332,31.1,20.1,69.08333333333333,2025,3,4
2025-03-05,0.0,0.0,24.145833333333332,31.7,20.5,70.0,2025,3,5
2025-03-06,0.0,0.0,23.347916666666666,30.6,19.4,71.8125,2025,3,6
2025-03-07,0.0,0.0,23.40833333333333,31.2,19.3,69.75,2025,3,7
2025-03-08,0.0,0.0,23.635416666666664,31.5,19.4,72.04166666666666,2025,3,8
2025-03-09,0.0,0.0,25.014583333333334,33.7,19.5,67.22916666666666,2025,3,9
2025-03-10,0.30000000000000004,0.4,23.254166666666663,29.5,19.6,71.85416666666666,2025,3,10
2025-03-11,23.700000000000003,30.8,23.030978260869563,30.4,20.0,76.98278985507247,2025,3,11
2025-03-12,6.3,3.8,23.045833333333334,30.8,19.7,80.14583333333333,2025,3,12
2025-03-13,9.3,14.0,23.452083333333334,30.1,20.2,79.66666666666666,2025,3,13
2025-03-14,0.0,0.0,22.929166666666667,28.2,19.5,79.14583333333333,2025,3,14
2025-03-15,0.0,0.0,22.45036231884058,28.8,20.1,78.7481884057971,2025,3,15
2025-03-16,0.7,1.0,20.522916666666667,23.1,18.8,85.1875,2025,3,16
2025-03-17,0.0,0.0,21.51875,27.4,18.6,80.33333333333334,2025,3,17
2025-03-18,10.799999999999999,11.6,22.337047101449272,30.2,18.9,80.42300724637681,2025,3,18
2025-03-19,12.9,19.4,20.764583333333334,25.0,18.4,84.125,2025,3,19
2025-03-20,0.7,0.6,20.087409420289855,25.9,17.2,77.23007246376812,2025,3,20
2025-03-21,0.0,0.0,20.3875,26.7,17.6,76.83333333333333,2025,3,21
2025-03-22,0.0,0.0,22.299999999999997,30.6,18.0,75.13677536231884,2025,3,22
2025-03-23,15.2,7.6,21.58958333333333,27.9,18.7,82.375,2025,3,23
2025-03-24,0.30000000000000004,0.2,22.02735507246377,29.8,18.5,79.46739130434783,2025,3,24
2025-03-25,0.2,0.2,23.054166666666667,29.6,19.4,77.97916666666666,2025,3,25
2025-03-26,0.0,0.0,21.927083333333332,25.8,19.6,78.8125,2025,3,26
2025-03-27,0.0,0.0,22.1875,28.7,18.6,75.97916666666666,2025,3,27
2025-03-28,4.5,3.6,22.597916666666666,30.8,19.0,76.375,2025,3,28
2025-03-29,0.2,0.2,22.2125,29.8,18.5,80.39583333333333,2025,3,29
2025-03-30,0.0,0.0,22.81041666666667,28.9,19.3,75.625,2025,3,30
2025-03-31,15.1,9.0,22.114583333333336,28.6,19.1,80.70833333333333,2025,3,31
2025-04-01,0.2,0.2,22.802083333333332,29.9,19.4,79.89583333333333,2025,4,1
2025-04-02,0.30000000000000004,0.4,24.664583333333333,31.3,20.4,73.08333333333333,2025,4,2
2025-04-03,6.6,3.6,23.375,29.1,20.8,80.64583333333333,2025,4,3
2025-04-04,29.6,24.2,22.05625,26.9,19.6,87.47916666666666,2025,4,4
2025-04-05,4.5,2.6,17.25,19.9,14.8,86.0,2025,4,5
2025-04-06,0.6,0.4,17.485416666666666,21.1,15.7,78.58333333333334,2025,4,6
2025-04-07,1.0,0.8,18.327083333333334,22.3,15.7,77.0625,2025,4,7
2025-04-08,0.0,0.0,19.597916666666666,27.6,14.8,75.6875,2025,4,8
2025-04-09,4.2,7.6,22.554891304347827,30.0,18.5,73.73641304347825,2025,4,9
2025-04-10,26.6,21.2,20.395833333333332,25.6,17.4,87.875,2025,4,10
2025-04-11,0.2,0.2,19.916666666666664,26.5,16.2,81.83333333333334,2025,4,11
2025-04-12,0.0,0.0,20.3643115942029,27.1,17.3,78.65489130434783,2025,4,12
2025-04-13,1.0,2.0,21.908333333333335,28.6,18.2,74.60416666666666,2025,4,13
2025-04-14,52.3,32.0,19.68451086956522,23.1,17.6,86.47826086956522,2025,4,14
2025-04-15,0.1,0.2,19.504166666666666,26.6,16.3,79.75,2025,4,15
2025-04-16,0.6000000000000001,0.4,20.5125,25.9,17.9,80.75,2025,4,16
2025-04-17,0.0,0.0,21.304166666666667,26.8,18.7,79.66666666666666,2025,4,17
2025-04-18,25.900000000000002,26.4,20.985507246376812,26.6,18.3,81.39855072463769,2025,4,18
2025-04-19,14.200000000000001,21.2,21.458333333333336,28.2,18.5,83.47916666666667,2025,4,19
2025-04-20,9.200000000000001,6.2,19.527083333333334,23.3,18.1,86.77083333333333,2025,4,20
2025-04-21,1.2,1.2,18.347916666666666,23.3,16.2,84.52083333333334,2025,4,21
2025-04-22,0.0,0.0,17.70643115942029,21.4,15.6,78.95742753623188,2025,4,22
2025-04-23,0.0,0.0,18.941666666666666,24.7,16.3,79.16666666666667,2025,4,23
2025-04-24,7.8,11.6,20.675,27.1,18.0,80.64583333333334,2025,4,24
2025-04-25,17.4,7.8,18.565126811594205,22.8,17.3,92.40307971014492,2025,4,25
2025-04-26,0.0,0.0,20.254166666666666,26.3,17.7,84.04166666666667,2025,4,26
2025-04-27,0.0,0.0,21.041666666666664,27.2,17.3,80.58333333333334,2025,4,27
2025-04-28,0.2,0.4,20.78125,25.4,18.1,82.85416666666666,2025,4,28
2025-04-29,0.1,0.2,18.291666666666668,22.9,15.8,79.89583333333334,2025,4,29
2025-04-30,0.0,0.0,17.547916666666666,23.2,14.8,75.83333333333334,2025,4,30
2025-05-01,0.0,0.0,17.820833333333333,24.7,15.2,75.6875,2025,5,1
2025-05-02,0.0,0.0,18.422916666666666,25.0,14.8,75.20833333333334,2025,5,2
2025-05-03,0.0,0.0,18.25208333333333,25.0,14.8,78.29166666666666,2025,5,3
2025-05-04,0.1,0.2,18.539583333333333,24.6,15.7,79.8125,2025,5,4
2025-05-05,0.0,0.0,18.799999999999997,25.5,14.6,75.10416666666666,2025,5,5
2025-05-06,0.0,0.0,19.183333333333334,26.0,15.4,75.95833333333334,2025,5,6
2025-05-07,0.1,0.2,19.90416666666667,25.9,16.2,76.1875,2025,5,7
2025-05-08,0.1,0.2,21.643749999999997,28.6,17.0,72.41666666666666,2025,5,8
2025-05-09,0.0,0.0,23.34375,29.2,17.6,63.729166666666664,2025,5,9
2025-05-10,10.0,6.0,20.979166666666668,26.4,16.8,73.60416666666667,2025,5,10
2025-05-11,4.5,2.6,16.114583333333332,17.9,14.8,88.625,2025,5,11
2025-05-12,0.1,0.2,16.858333333333334,20.8,14.6,82.0625,2025,5,12
2025-05-13,0.1,0.2,18.0,23.5,14.5,80.33333333333333,2025,5,13
2025-05-14,0.0,0.0,17.527083333333334,21.9,14.5,77.97916666666666,2025,5,14
2025-05-15,0.1,0.2,17.052083333333332,23.4,13.2,77.08333333333333,2025,5,15
2025-05-16,0.0,0.0,18.604347826086958,24.8,15.4,76.3913043478261,2025,5,16
2025-05-17,0.2,0.2,19.1151268115942,26.4,14.7,78.64764492753622,2025,5,17
2025-05-18,0.2,0.2,20.36875,27.5,15.2,71.95833333333334,2025,5,18
2025-05-19,0.0,0.0,20.991666666666667,27.6,15.8,65.79166666666667,2025,5,19
2025-05-20,0.0,0.0,20.958333333333332,27.9,15.8,65.58333333333334,2025,5,20
2025-05-21,0.0,0.0,20.62708333333333,26.1,17.3,74.20833333333334,2025,5,21
2025-05-22,10.8,8.0,20.00271739130435,24.9,18.0,82.29076086956522,2025,5,22
2025-05-23,1.6,1.8,18.004166666666666,22.9,16.6,87.20833333333334,2025,5,23
2025-05-24,0.0,0.0,17.325,20.9,15.5,84.7518115942029,2025,5,24
2025-05-25,0.1,0.2,18.50208333333333,26.0,14.3,72.04166666666666,2025,5,25
2025-05-26,0.1,0.2,19.583333333333336,26.7,15.1,74.45833333333334,2025,5,26
2025-05-27,0.1,0.2,20.1375,25.6,15.2,71.6875,2025,5,27
2025-05-28,0.0,0.0,21.279166666666665,25.9,18.4,60.25,2025,5,28
2025-05-29,1.6,1.8,16.59166666666667,20.5,12.5,65.375,2025,5,29
2025-05-30,0.0,0.0,13.577083333333334,20.1,9.2,66.375,2025,5,30
2025-05-31,0.0,0.0,16.195833333333333,24.1,13.0,77.41666666666667,2025,5,31
2025-06-01,0.1,0.2,16.666666666666668,23.1,13.3,79.27083333333334,2025,6,1
2025-06-02,0.0,0.0,17.74375,23.6,15.3,80.14583333333334,2025,6,2
2025-06-03,2.1,1.8,17.988224637681157,22.0,16.2,81.93206521739131,2025,6,3
2025-06-04,0.1,0.2,20.03125,26.9,14.2,68.54166666666667,2025,6,4
2025-06-05,20.5,12.2,18.752083333333335,24.8,15.9,82.625,2025,6,5
2025-06-06,1.1,1.4,17.204166666666666,20.0,15.7,86.64583333333333,2025,6,6
2025-06-07,3.0,3.6,18.18541666666667,24.0,15.7,83.14583333333333,2025,6,7
2025-06-08,2.5999999999999996,2.4,17.879166666666666,20.4,16.1,84.04166666666667,2025,6,8
2025-06-09,10.8,3.4,15.602083333333335,17.9,14.1,89.72916666666667,2025,6,9
2025-06-10,0.1,0.2,14.908333333333335,18.7,13.3,84.8125,2025,6,10
2025-06-11,2.2,1.6,13.497916666666667,16.9,10.9,80.60416666666666,2025,6,11
2025-06-12,1.5,1.0,11.982518115942028,16.5,9.5,80.9981884057971,2025,6,12
2025-06-13,0.0,0.0,13.3125,19.2,10.2,75.97916666666666,2025,6,13
2025-06-14,0.1,0.2,14.25,19.9,11.0,75.85416666666666,2025,6,14
2025-06-15,0.0,0.0,14.852083333333333,19.6,10.7,71.60416666666666,2025,6,15
2025-06-16,0.1,0.2,17.08125,25.0,12.1,72.22916666666666,2025,6,16
2025-06-17,0.2,0.2,17.666666666666664,25.1,12.6,70.75,2025,6,17
2025-06-18,0.1,0.2,17.885416666666668,24.3,12.6,64.85416666666666,2025,6,18
2025-06-19,0.0,0.0,18.81875,25.5,12.8,63.56249999999999,2025,6,19
2025-06-20,0.0,0.0,19.264583333333334,26.2,13.9,65.0,2025,6,20
2025-06-21,0.0,0.0,19.077083333333334,24.4,15.6,65.66666666666666,2025,6,21
2025-06-22,1.0,1.2,18.614583333333336,22.1,15.5,75.70833333333333,2025,6,22
2025-06-23,2.8000000000000003,1.2,19.041666666666664,24.6,16.2,69.64583333333334,2025,6,23
2025-06-24,20.2,13.2,14.759239130434782,18.2,9.3,67.7961956521739,2025,6,24
2025-06-25,0.1,0.2,11.035416666666666,18.7,6.1,72.95833333333334,2025,6,25
2025-06-26,0.1,0.2,17.1125,27.2,10.7,71.875,2025,6,26
2025-06-27,3.9,2.2,18.53179347826087,22.9,15.1,79.8215579710145,2025,6,27
2025-06-28,0.1,0.2,18.29375,25.5,15.0,83.54166666666667,2025,6,28
2025-06-29,0.1,0.2,21.541666666666668,27.0,16.5,60.958333333333336,2025,6,29
2025-06-30,0.0,0.0,17.395833333333332,22.2,14.4,81.22916666666667,2025,6,30
2025-07-01,0.1,0.2,14.166666666666666,15.8,11.5,85.22916666666667,2025,7,1
2025-07-02,0.4,0.2,11.260416666666668,12.9,9.9,87.85416666666666,2025,7,2
2025-07-03,1.5000000000000002,2.6,11.48913043478261,13.1,10.1,90.08695652173913,2025,7,3
2025-07-04,0.6,0.4,13.458333333333332,17.8,11.2,85.47916666666666,2025,7,4
2025-07-05,0.2,0.2,14.747916666666669,21.5,10.3,76.04166666666666,2025,7,5
2025-07-06,0.0,0.0,13.914583333333333,20.0,11.3,80.9375,2025,7,6
2025-07-07,0.0,0.0,14.220833333333333,20.6,10.9,79.52083333333334,2025,7,7
2025-07-08,0.0,0.0,16.049999999999997,23.1,13.0,75.3125,2025,7,8
2025-07-09,0.1,0.2,13.579166666666666,18.9,10.6,80.3125,2025,7,9
2025-07-10,0.0,0.0,15.327083333333336,21.7,13.2,79.1875,2025,7,10
2025-07-11,0.0,0.0,16.15480072463768,22.1,12.8,78.64402173913044,2025,7,11
2025-07-12,0.0,0.0,17.0,22.9,14.4,78.125,2025,7,12
2025-07-13,0.0,0.0,16.93333333333333,22.9,14.0,69.1875,2025,7,13
2025-07-14,0.1,0.2,15.147916666666667,22.2,10.5,74.41666666666667,2025,7,14
2025-07-15,0.1,0.2,15.222916666666666,23.0,10.0,71.5,2025,7,15
2025-07-16,0.2,0.2,15.672916666666667,23.8,9.7,63.75,2025,7,16
2025-07-17,0.1,0.2,16.89375,24.7,10.6,56.729166666666664,2025,7,17
2025-07-18,0.0,0.0,16.85,24.5,12.5,64.89583333333334,2025,7,18
2025-07-19,0.1,0.2,13.5875,21.2,9.1,74.20833333333334,2025,7,19
2025-07-20,0.0,0.0,14.104166666666668,20.2,11.7,76.10416666666667,2025,7,20
2025-07-21,0.0,0.0,16.279166666666665,25.1,13.2,77.85416666666666,2025,7,21
2025-07-22,0.0,0.0,17.85625,26.1,13.0,72.45833333333334,2025,7,22
2025-07-23,0.0,0.0,16.11875,21.9,11.3,66.60416666666666,2025,7,23
2025-07-24,0.2,0.2,15.0375,20.5,12.5,81.54166666666667,2025,7,24
2025-07-25,2.1,3.0,15.508333333333333,17.5,14.0,85.79166666666666,2025,7,25
2025-07-26,0.0,0.0,17.265851449275363,24.6,12.9,74.74184782608695,2025,7,26
2025-07-27,0.2,0.2,19.46893115942029,28.1,13.1,65.09963768115942,2025,7,27
2025-07-28,7.199999999999999,3.8,19.74338768115942,22.6,14.8,64.18478260869566,2025,7,28
2025-07-29,0.0,0.0,15.533333333333335,19.9,10.0,58.208333333333336,2025,7,29
2025-07-30,0.1,0.2,11.133333333333333,16.9,7.0,73.9375,2025,7,30
2025-07-31,0.0,0.0,12.318749999999998,19.6,8.7,75.83333333333333,2025,7,31
2025-08-01,0.0,0.0,15.214583333333334,23.2,10.8,72.45833333333333,2025,8,1
2025-08-02,0.1,0.2,17.4625,26.4,10.7,63.14583333333333,2025,8,2
2025-08-03,0.0,0.0,18.639583333333334,26.3,11.6,51.08333333333333,2025,8,3
2025-08-04,0.0,0.0,16.197916666666664,22.5,12.1,67.625,2025,8,4
2025-08-05,0.0,0.0,15.746014492753622,19.5,13.6,79.22916666666666,2025,8,5
2025-08-06,5.3999999999999995,3.6,14.741666666666667,18.8,12.6,84.45833333333334,2025,8,6
2025-08-07,0.0,0.0,17.0,25.5,12.7,74.66666666666666,2025,8,7
2025-08-08,0.7000000000000001,0.4,17.11875,25.1,13.0,76.85416666666666,2025,8,8
2025-08-09,0.0,0.0,13.820833333333333,19.7,10.6,78.16666666666666,2025,8,9
2025-08-10,0.1,0.2,10.827083333333334,14.5,7.9,78.77083333333334,2025,8,10
2025-08-11,0.0,0.0,11.74375,17.8,8.5,74.27083333333333,2025,8,11
2025-08-12,0.0,0.0,12.5625,20.1,7.8,76.60416666666666,2025,8,12
2025-08-13,0.1,0.2,16.326721014492755,25.5,10.2,63.69112318840579,2025,8,13
2025-08-14,0.1,0.2,14.110416666666666,19.6,9.6,74.6875,2025,8,14
2025-08-15,0.0,0.0,14.39375,20.4,11.3,75.85416666666667,2025,8,15
2025-08-16,0.0,0.0,15.789583333333333,22.3,13.6,79.64583333333334,2025,8,16
2025-08-17,0.0,0.0,17.327083333333334,25.1,14.7,79.14583333333333,2025,8,17
2025-08-18,0.1,0.2,16.090670289855073,23.6,12.4,79.83152173913044,2025,8,18
2025-08-19,0.0,0.0,17.335416666666667,24.6,13.4,75.1875,2025,8,19
2025-08-20,0.0,0.0,20.5625,28.5,15.0,62.416666666666664,2025,8,20
2025-08-21,0.0,0.0,22.65480072463768,30.7,17.7,55.5606884057971,2025,8,21
2025-08-22,0.0,0.0,22.980978260869566,32.0,15.0,58.17028985507246,2025,8,22
2025-08-23,0.0,0.0,24.87291666666667,31.3,18.9,37.95833333333333,2025,8,23
2025-08-24,0.0,0.0,17.929166666666667,24.6,14.1,71.97916666666666,2025,8,24
2025-08-25,0.2,0.2,16.927083333333336,28.7,13.3,79.0625,2025,8,25
2025-08-26,3.2,3.4,14.941666666666666,20.4,12.6,85.4375,2025,8,26
2025-08-27,9.3,6.0,16.93541666666667,23.7,14.2,85.27083333333334,2025,8,27
2025-08-28,0.1,0.2,16.92663043478261,25.5,14.3,82.7663043478261,2025,8,28
2025-08-29,0.2,0.2,16.597916666666666,21.3,14.5,83.79166666666667,2025,8,29
2025-08-30,0.0,0.0,17.489583333333336,24.5,14.1,78.41666666666667,2025,8,30
2025-08-31,0.1,0.2,17.320833333333333,25.0,13.0,78.29166666666666,2025,8,31
2025-09-01,0.0,0.0,18.539583333333333,25.7,15.7,78.16666666666667,2025,9,1
2025-09-02,0.0,0.0,19.768749999999997,27.6,16.3,72.39583333333334,2025,9,2
2025-09-03,0.0,0.0,20.393749999999997,27.2,14.9,66.45833333333334,2025,9,3
2025-09-04,0.0,0.0,21.724999999999998,29.7,15.4,52.0,2025,9,4
2025-09-05,0.0,0.0,20.15,29.9,15.4,59.208333333333336,2025,9,5
2025-09-06,0.4,0.2,15.781249999999998,18.8,13.9,83.5625,2025,9,6
2025-09-07,0.2,0.2,16.175,21.3,14.0,85.04166666666666,2025,9,7
2025-09-08,0.1,0.2,20.039583333333333,29.2,15.5,76.22916666666667,2025,9,8
2025-09-09,0.0,0.0,22.28333333333333,27.3,17.5,56.29166666666667,2025,9,9
2025-09-10,0.0,0.0,18.40480072463768,27.0,13.0,66.47554347826087,2025,9,10
2025-09-11,0.1,0.2,18.856250000000003,30.8,11.6,65.64583333333334,2025,9,11
2025-09-12,0.0,0.0,16.158333333333335,21.6,13.7,72.89583333333333,2025,9,12
2025-09-13,0.1,0.2,16.0625,20.5,13.8,76.22916666666666,2025,9,13
2025-09-14,0.0,0.0,16.706249999999997,25.6,13.0,75.64583333333334,2025,9,14
2025-09-15,0.0,0.0,18.65625,29.4,14.7,74.25,2025,9,15
2025-09-16,0.1,0.2,19.177083333333336,24.3,16.1,74.97916666666666,2025,9,16
2025-09-17,0.4,0.4,18.06983695652174,24.0,15.0,73.02536231884058,2025,9,17
2025-09-18,0.6,1.2,17.522916666666667,24.8,14.3,76.35416666666667,2025,9,18
2025-09-19,0.1,0.2,20.922916666666666,31.0,16.1,68.02083333333334,2025,9,19
2025-09-20,0.1,0.2,23.449999999999996,32.2,16.4,62.56250000000001,2025,9,20
2025-09-21,0.5,0.8,25.414583333333333,33.8,19.3,52.0625,2025,9,21
2025-09-22,50.5,12.8,19.541666666666664,22.2,16.9,86.58333333333333,2025,9,22
2025-09-23,0.5,0.8,15.948641304347825,19.3,13.2,82.27989130434783,2025,9,23
2025-09-24,0.0,0.0,15.21875,18.1,13.9,85.75,2025,9,24
2025-09-25,0.6000000000000001,0.8,14.235416666666667,16.5,12.8,82.85416666666667,2025,9,25
2025-09-26,0.9,1.0,14.1125,19.6,11.6,77.79166666666667,2025,9,26
2025-09-27,0.0,0.0,15.812228260869565,23.4,11.8,71.5661231884058,2025,9,27
2025-09-28,0.1,0.2,17.254166666666666,29.6,12.0,72.20833333333334,2025,9,28
2025-09-29,0.0,0.0,21.154166666666665,30.7,15.4,64.97916666666667,2025,9,29
2025-09-30,0.1,0.2,22.15,32.5,14.4,62.5625,2025,9,30
2025-10-01,0.0,0.0,20.112499999999997,26.8,16.4,69.6875,2025,10,1
2025-10-02,0.0,0.0,17.981250000000003,22.5,16.3,81.58333333333333,2025,10,2
2025-10-03,0.2,0.2,19.804166666666667,28.9,16.4,78.64583333333333,2025,10,3
2025-10-04,0.1,0.2,19.724999999999998,23.9,16.3,75.375,2025,10,4
2025-10-05,0.0,0.0,24.070833333333333,32.4,17.1,55.41666666666667,2025,10,5
2025-10-06,0.0,0.0,26.602083333333333,34.5,19.7,45.479166666666664,2025,10,6
2025-10-07,0.1,0.2,19.28333333333333,28.0,14.3,78.20833333333333,2025,10,7
2025-10-08,6.3,4.2,15.102083333333333,17.4,13.7,87.47916666666666,2025,10,8
2025-10-09,0.30000000000000004,0.2,15.279166666666667,20.0,12.9,86.45833333333334,2025,10,9
2025-10-10,25.5,11.4,15.883333333333333,18.9,14.3,90.20833333333334,2025,10,10
2025-10-11,3.4,5.6,18.110416666666666,25.9,15.1,84.66666666666666,2025,10,11
2025-10-12,0.0,0.0,21.91041666666667,30.4,15.6,71.0,2025,10,12
2025-10-13,1.3,1.6,21.44375,25.8,17.5,71.22916666666666,2025,10,13
2025-10-14,0.0,0.0,20.516666666666666,25.7,17.1,71.5,2025,10,14
2025-10-15,0.0,0.0,17.96666666666667,24.5,14.7,78.75,2025,10,15
2025-10-16,0.0,0.0,20.03125,32.3,15.6,76.39583333333333,2025,10,16
2025-10-17,0.1,0.2,22.545833333333334,33.5,14.7,67.91666666666666,2025,10,17
2025-10-18,36.2,17.6,19.9875,24.2,17.4,87.14583333333334,2025,10,18
2025-10-19,3.6,1.4,14.175,17.9,12.1,81.97916666666666,2025,10,19
2025-10-20,0.6,0.8,13.912500000000001,18.7,11.3,71.875,2025,10,20
2025-10-21,0.0,0.0,14.579166666666666,20.7,10.8,66.83333333333334,2025,10,21
2025-10-22,0.0,0.0,15.379166666666666,22.6,10.6,68.16666666666666,2025,10,22
2025-10-23,0.1,0.2,16.695833333333333,25.1,11.8,65.54166666666667,2025,10,23
2025-10-24,0.0,0.0,17.933333333333334,26.1,13.1,65.08333333333334,2025,10,24
2025-10-25,0.0,0.0,21.085416666666667,30.8,14.3,59.854166666666664,2025,10,25
2025-10-26,0.0,0.0,23.6375,31.7,17.9,52.27083333333333,2025,10,26
2025-10-27,1.6,1.0,19.231250000000003,21.2,16.9,79.5,2025,10,27
2025-10-28,11.299999999999999,5.6,18.208333333333336,20.0,17.0,91.375,2025,10,28
2025-10-29,17.6,13.4,20.464583333333334,26.9,16.8,83.27083333333334,2025,10,29
2025-10-30,5.0,3.0,16.045833333333334,18.7,14.6,87.875,2025,10,30
2025-10-31,7.7,2.8,16.620833333333334,20.9,14.1,88.60416666666666,2025,10,31
2025-11-01,0.1,0.2,20.022916666666667,28.8,15.6,80.4375,2025,11,1
2025-11-02,23.9,11.2,19.164583333333333,21.4,17.0,88.64583333333333,2025,11,2
2025-11-03,0.0,0.0,21.260416666666664,26.8,17.1,77.5,2025,11,3
2025-11-04,1.8,3.6,20.43958333333333,29.6,17.0,83.70833333333333,2025,11,4
2025-11-05,0.0,0.0,23.21458333333333,29.4,18.3,74.29166666666667,2025,11,5
2025-11-06,1.1,1.4,18.03125,22.7,14.8,76.72916666666667,2025,11,6
2025-11-07,0.2,0.4,17.735416666666666,26.9,14.3,78.8125,2025,11,7
2025-11-08,12.1,8.0,20.675,26.2,15.7,77.6875,2025,11,8
2025-11-09,1.7,0.6,15.987499999999999,20.5,13.9,81.95833333333334,2025,11,9
2025-11-10,0.30000000000000004,0.4,16.358333333333334,23.3,12.7,70.72916666666666,2025,11,10
2025-11-11,0.0,0.0,17.5125,26.4,13.1,71.125,2025,11,11
2025-11-12,0.0,0.0,20.06875,30.7,14.1,68.75,2025,11,12
2025-11-13,0.0,0.0,20.97083333333333,26.8,15.8,70.3125,2025,11,13
2025-11-14,0.0,0.0,19.214583333333334,24.6,16.2,73.07699275362319,2025,11,14
2025-11-15,0.0,0.0,18.93125,25.2,16.1,80.625,2025,11,15
2025-11-16,2.1,1.0,21.1,25.0,17.9,80.22916666666666,2025,11,16
2025-11-17,1.2,1.2,22.672916666666666,27.5,19.1,76.66666666666666,2025,11,17
2025-11-18,5.2,2.6,21.160416666666666,24.0,17.8,79.52083333333334,2025,11,18
2025-11-19,1.4,2.8,19.208333333333336,25.6,14.6,64.02083333333333,2025,11,19
2025-11-20,0.0,0.0,18.174999999999997,24.4,15.2,70.14583333333333,2025,11,20
2025-11-21,0.0,0.0,20.735416666666666,30.9,14.3,57.708333333333336,2025,11,21
2025-11-22,0.6,1.2,22.352083333333333,28.7,17.5,64.83333333333334,2025,11,22
2025-11-23,1.4,2.8,19.702083333333334,24.4,17.6,80.625,2025,11,23
2025-11-24,9.9,7.2,18.539583333333333,22.6,16.1,84.60416666666666,2025,11,24
2025-11-25,0.7000000000000001,0.2,17.745833333333334,23.5,14.6,78.04166666666666,2025,11,25
2025-11-26,0.0,0.0,18.422916666666666,24.3,14.0,67.60416666666667,2025,11,26
2025-11-27,0.1,0.2,17.301284584980237,25.8,12.1,71.701581027668,2025,11,27
2025-11-28,0.1,0.2,20.889583333333334,29.9,15.9,72.77083333333334,2025,11,28
2025-11-29,0.1,0.2,23.06875,31.7,16.9,61.375,2025,11,29
2025-11-30,0.0,0.0,22.93958333333333,33.0,16.3,62.208333333333336,2025,11,30
2025-12-01,0.0,0.0,22.016666666666666,31.6,18.6,76.64583333333334,2025,12,1
2025-12-02,3.3000000000000003,4.2,21.7525641025641,28.0,19.0,79.03846153846155,2025,12,2
2025-12-03,0.1,0.2,21.975,30.3,17.6,77.625,2025,12,3
2025-12-04,2.1,3.0,19.754166666666666,24.7,16.8,77.10416666666666,2025,12,4
2025-12-05,0.1,0.2,20.018749999999997,29.2,16.2,74.83333333333334,2025,12,5
2025-12-06,0.0,0.0,22.145833333333332,31.8,16.7,71.02083333333334,2025,12,6
2025-12-07,0.1,0.2,23.50208333333333,33.5,18.2,70.85416666666666,2025,12,7
2025-12-08,11.200000000000001,20.2,21.854166666666664,30.6,18.3,79.85416666666666,2025,12,8
2025-12-09,32.5,11.4,20.53405797101449,21.8,19.1,89.41576086956522,2025,12,9
2025-12-10,36.099999999999994,14.6,22.791666666666664,28.4,18.0,69.0,2025,12,10
2025-12-11,0.0,0.0,24.702083333333334,29.9,20.4,48.583333333333336,2025,12,11
2025-12-12,8.8,6.2,23.341666666666665,30.5,18.1,58.45833333333333,2025,12,12
2025-12-13,35.5,10.0,21.210416666666667,26.9,18.6,84.89583333333334,2025,12,13
2025-12-14,5.7,10.4,22.341666666666665,26.2,19.7,80.0,2025,12,14
2025-12-15,0.1,0.2,24.65625,30.5,19.6,72.8125,2025,12,15
2025-12-16,2.6999999999999997,4.6,24.620833333333337,30.9,20.6,76.6875,2025,12,16
2025-12-17,5.8999999999999995,3.6,17.21875,20.8,15.1,85.20833333333334,2025,12,17
2025-12-18,0.1,0.2,17.864583333333336,22.4,15.5,81.22916666666667,2025,12,18
2025-12-19,0.2,0.2,19.470833333333335,23.4,17.7,85.14583333333334,2025,12,19
2025-12-20,0.2,0.2,21.5125,28.1,18.6,78.52083333333333,2025,12,20
2025-12-21,0.1,0.2,23.62708333333333,33.0,18.1,68.5625,2025,12,21
2025-12-22,0.6,1.2,25.391304347826086,33.5,20.9,59.630434782608695,2025,12,22
2025-12-23,0.0,0.0,27.38695652173913,33.4,22.9,53.95652173913044,2025,12,23
2025-12-24,0.0,0.0,27.854166666666668,34.3,23.5,50.54166666666667,2025,12,24
2025-12-25,0.0,0.0,28.15208333333333,35.1,21.9,52.604166666666664,2025,12,25
2025-12-26,7.5,13.2,27.70625,35.2,22.6,58.08333333333333,2025,12,26
2025-12-27,3.4,6.6,26.464583333333334,34.6,21.7,67.08333333333334,2025,12,27
2025-12-28,0.1,0.2,27.05625,35.9,22.6,65.1875,2025,12,28
2025-12-29,6.8999999999999995,10.6,26.139583333333334,33.3,23.0,70.66666666666666,2025,12,29
2025-12-30,16.1,8.4,25.670833333333334,32.6,20.0,72.58333333333334,2025,12,30
2025-12-31,8.6,4.8,25.079166666666666,31.4,20.0,72.27083333333333,2025,12,31
2026-01-01,0.0,0.0,25.825000000000003,30.8,22.2,63.97916666666667,2026,1,1
2026-01-02,3.4000000000000004,3.0,24.004166666666666,28.8,21.0,75.9375,2026,1,2
2026-01-03,0.8,1.2,24.735416666666666,30.8,20.5,71.54166666666667,2026,1,3
2026-01-04,1.2,1.0,21.477083333333333,26.1,17.4,79.25,2026,1,4
2026-01-05,0.30000000000000004,0.2,18.475,22.6,16.5,82.91666666666667,2026,1,5
2026-01-06,0.7000000000000001,0.8,20.316666666666666,27.3,16.5,74.77083333333334,2026,1,6
2026-01-07,33.199999999999996,24.4,22.25,30.1,18.2,74.04166666666667,2026,1,7
2026-01-08,9.0,9.0,23.354347826086958,32.2,18.7,73.02173913043478,2026,1,8
2026-01-09,2.1,1.8,23.964583333333334,32.0,19.9,75.89583333333334,2026,1,9
2026-01-10,9.4,17.0,25.681250000000002,34.0,20.2,66.5,2026,1,10
2026-01-11,3.5,2.2,26.395833333333332,33.6,20.7,63.708333333333336,2026,1,11
2026-01-12,2.6,5.2,26.88125,33.6,22.2,60.083333333333336,2026,1,12
2026-01-13,6.3999999999999995,3.4,23.835416666666667,31.0,18.9,73.625,2026,1,13
2026-01-14,14.200000000000001,19.0,22.770833333333332,29.6,18.9,74.125,2026,1,14
2026-01-15,36.7,25.2,22.352083333333333,29.9,19.4,78.02083333333333,2026,1,15
2026-01-16,22.4,12.4,22.147916666666667,29.0,18.7,80.45833333333334,2026,1,16
2026-01-17,10.7,6.8,22.612499999999997,28.5,19.1,79.08333333333334,2026,1,17
2026-01-18,4.5,4.0,22.885416666666664,27.8,19.7,78.5625,2026,1,18
2026-01-19,17.9,5.4,21.043297101449276,25.0,17.9,84.42481884057972,2026,1,19
2026-01-20,6.3,4.8,18.204166666666666,22.9,16.1,79.5625,2026,1,20
2026-01-21,0.6,0.4,17.047916666666666,19.1,15.4,81.625,2026,1,21
2026-01-22,0.9,0.4,17.516666666666666,21.6,16.0,82.70833333333334,2026,1,22
2026-01-23,0.6000000000000001,0.4,19.08125,25.0,15.9,81.83333333333334,2026,1,23
2026-01-24,0.4,0.2,20.24375,24.0,18.0,81.10416666666666,2026,1,24
2026-01-25,26.900000000000002,40.2,20.90416666666667,28.3,17.3,84.5625,2026,1,25
2026-01-26,0.1,0.2,21.691666666666663,28.6,17.2,77.79166666666666,2026,1,26
2026-01-27,10.799999999999999,21.4,22.235416666666666,30.1,18.5,78.1875,2026,1,27
2026-01-28,2.5,4.6,22.831249999999997,30.7,19.1,77.125,2026,1,28
2026-01-29,2.0,3.0,22.979166666666664,30.7,17.6,71.58333333333333,2026,1,29
2026-01-30,26.0,14.2,20.913134057971014,26.2,18.2,82.7427536231884,2026,1,30
2026-01-31,0.30000000000000004,0.4,22.364583333333336,28.4,17.9,74.5,2026,1,31
2026-02-01,44.0,48.8,22.689583333333335,27.2,19.3,79.3125,2026,2,1
2026-02-02,0.4,0.4,22.116666666666664,26.5,19.1,82.1875,2026,2,2
2026-02-03,6.8,4.8,22.918749999999996,27.1,20.9,82.14583333333334,2026,2,3
2026-02-04,11.0,4.8,22.710416666666667,27.5,20.0,83.8125,2026,2,4
2026-02-05,2.4000000000000004,1.2,22.0875,28.2,19.7,83.45833333333333,2026,2,5
2026-02-06,1.0,0.8,22.510416666666668,30.2,19.3,81.16666666666667,2026,2,6
2026-02-07,18.0,15.0,22.68125,28.2,20.6,86.08333333333334,2026,2,7
2026-02-08,3.1,1.8,21.75,26.9,19.1,82.125,2026,2,8
2026-02-09,1.9,1.4,21.072916666666664,23.9,19.2,81.97916666666667,2026,2,9
2026-02-10,7.5,4.0,21.3375,25.7,18.7,82.9375,2026,2,10
2026-02-11,12.100000000000001,4.2,22.56875,27.5,20.1,79.58333333333333,2026,2,11
2026-02-12,0.1,0.2,24.947916666666664,31.6,21.4,68.77083333333334,2026,2,12
2026-02-13,8.8,9.2,26.277083333333334,33.5,21.5,66.25,2026,2,13
2026-02-14,0.30000000000000004,0.4,23.314583333333335,27.9,21.0,79.02083333333333,2026,2,14
2026-02-15,0.0,0.0,24.414583333333333,32.2,20.3,69.125,2026,2,15
2026-02-16,12.8,24.8,24.5,33.5,19.4,70.35416666666666,2026,2,16
2026-02-17,5.8999999999999995,7.8,25.262500000000003,32.3,20.8,68.1875,2026,2,17
2026-02-18,0.30000000000000004,0.2,24.422916666666666,29.9,20.0,72.70833333333333,2026,2,18
2026-02-19,2.9,5.0,23.35625,29.5,20.5,77.47916666666666,2026,2,19
2026-02-20,0.1,0.2,23.8125,32.2,18.8,72.9375,2026,2,20
2026-02-21,0.0,0.0,23.495833333333334,28.6,20.9,76.54166666666666,2026,2,21
2026-02-22,12.3,7.0,21.883333333333333,26.6,19.8,84.02083333333333,2026,2,22
2026-02-23,4.8999999999999995,3.6,22.122916666666665,26.9,20.0,82.125,2026,2,23
2026-02-24,8.7,7.6,22.43541666666667,27.9,20.3,82.89583333333333,2026,2,24
2026-02-25,4.0,7.2,23.333333333333336,29.2,20.0,81.10416666666666,2026,2,25
2026-02-26,8.5,2.6,21.339583333333337,24.0,19.8,89.6875,2026,2,26
2026-02-27,10.8,4.2,19.43541666666667,21.9,17.5,88.16666666666667,2026,2,27
2026-02-28,0.30000000000000004,0.2,19.456249999999997,25.9,16.0,76.66666666666666,2026,2,28
2026-03-01,0.7999999999999999,1.0,19.21875,25.1,16.0,74.625,2026,3,1
2026-03-02,0.0,0.0,19.087500000000002,23.8,15.8,76.20833333333334,2026,3,2
2026-03-03,0.0,0.0,19.758333333333333,26.4,16.8,76.875,2026,3,3
2026-03-04,0.0,0.0,20.65833333333333,27.6,16.5,75.22916666666666,2026,3,4
2026-03-05,0.1,0.2,21.59583333333333,28.4,18.1,77.375,2026,3,5
2026-03-06,13.200000000000001,11.0,22.358333333333334,27.6,20.4,82.52083333333334,2026,3,6
2026-03-07,28.8,20.0,22.26875,28.8,19.3,85.70833333333334,2026,3,7
2026-03-08,7.0,3.6,21.647916666666664,28.7,18.0,83.27083333333334,2026,3,8
2026-03-09,6.5,1.8,19.97083333333333,21.6,18.2,91.625,2026,3,9
2026-03-10,23.4,9.4,19.150000000000002,21.8,18.0,92.875,2026,3,10
2026-03-11,4.300000000000001,1.8,19.862499999999997,22.6,18.5,91.47916666666667,2026,3,11
2026-03-12,24.0,7.4,20.16875,21.9,18.8,90.58333333333333,2026,3,12
2026-03-13,6.5,7.8,19.985416666666666,23.8,17.5,86.33333333333334,2026,3,13
2026-03-14,0.2,0.2,21.260416666666668,29.7,16.5,77.9375,2026,3,14
2026-03-15,0.2,0.2,22.816666666666663,30.1,17.7,75.33333333333333,2026,3,15
2026-03-16,0.1,0.2,24.118478260869566,32.7,18.7,67.90489130434783,2026,3,16
2026-03-17,0.1,0.2,22.8375,31.1,17.6,74.70833333333334,2026,3,17
2026-03-18,1.5,2.4,22.47083333333333,30.4,18.4,80.625,2026,3,18
2026-03-19,31.5,22.2,21.764583333333334,25.9,19.8,86.125,2026,3,19
2026-03-20,0.1,0.2,21.268749999999997,26.8,18.0,79.8125,2026,3,20
2026-03-21,0.0,0.0,22.454166666666666,30.1,18.3,76.95833333333334,2026,3,21
2026-03-22,0.2,0.2,22.483333333333334,31.4,17.7,73.91666666666666,2026,3,22
2026-03-23,0.0,0.0,22.677445652173915,29.4,19.0,67.11503623188406,2026,3,23
2026-03-24,0.1,0.2,22.322916666666664,30.6,17.7,72.89583333333334,2026,3,24
2026-03-25,0.0,0.0,23.022916666666667,30.0,17.9,74.66666666666667,2026,3,25
2026-03-26,15.100000000000001,14.8,23.037499999999998,31.2,19.2,79.4375,2026,3,26
2026-03-27,0.2,0.2,23.2875,30.5,19.4,74.6875,2026,3,27
2026-03-28,0.0,0.0,22.56875,29.6,18.3,73.5625,2026,3,28
2026-03-29,0.0,0.0,22.816666666666663,30.1,18.6,73.79166666666667,2026,3,29
2026-03-30,0.1,0.2,21.464583333333334,28.5,17.4,78.02083333333334,2026,3,30
2026-03-31,5.7,4.4,20.345833333333335,25.2,18.0,82.22916666666667,2026,3,31
2026-04-01,15.6,13.4,21.125,27.8,17.8,78.14583333333333,2026,4,1
2026-04-02,1.7000000000000002,1.2,22.706249999999997,30.1,18.1,75.375,2026,4,2
2026-04-03,0.2,0.2,23.391666666666666,30.3,19.0,71.79166666666667,2026,4,3
2026-04-04,0.8,0.8,23.270833333333336,30.4,19.0,74.20833333333334,2026,4,4
2026-04-05,0.1,0.2,22.947916666666668,28.2,19.4,76.95833333333333,2026,4,5
2026-04-06,0.0,0.0,22.516666666666666,28.9,18.9,77.9375,2026,4,6
2026-04-07,16.9,16.8,22.572916666666668,28.4,19.8,81.3125,2026,4,7
2026-04-08,0.2,0.2,22.516938405797102,25.9,19.8,75.86231884057972,2026,4,8
2026-04-09,0.0,0.0,22.389583333333334,27.3,18.9,75.83333333333334,2026,4,9
2026-04-10,7.2,8.0,18.38125,20.6,16.1,81.6875,2026,4,10
2026-04-11,0.0,0.0,19.004166666666666,25.9,15.5,73.16666666666666,2026,4,11
2026-04-12,0.0,0.0,19.588858695652174,27.4,15.8,73.73913043478261,2026,4,12
2026-04-13,0.0,0.0,20.786775362318842,27.0,17.2,75.08605072463769,2026,4,13
2026-04-14,0.0,0.0,20.37708333333333,26.6,17.1,75.35416666666666,2026,4,14
2026-04-15,0.0,0.0,19.94139492753623,26.8,15.6,70.91666666666666,2026,4,15
2026-04-16,0.0,0.0,20.583333333333336,28.1,16.2,73.8125,2026,4,16
2026-04-17,0.1,0.2,22.37916666666667,29.9,17.3,69.08333333333333,2026,4,17
2026-04-18,0.39999999999999997,0.6,23.34375,28.7,19.7,65.5,2026,4,18
2026-04-19,0.1,0.2,21.56458333333333,28.7,16.8,70.66666666666667,2026,4,19
2026-04-20,0.0,0.0,19.839583333333334,26.5,15.2,70.6875,2026,4,20
2026-04-21,0.1,0.2,18.872916666666665,26.6,14.3,74.0,2026,4,21
2026-04-22,0.0,0.0,19.354166666666664,26.8,14.7,75.625,2026,4,22
2026-04-23,0.0,0.0,20.360416666666666,27.6,17.1,76.14583333333334,2026,4,23
2026-04-24,0.0,0.0,21.229166666666664,27.5,17.7,72.02083333333334,2026,4,24
2026-04-25,0.1,0.2,22.85625,29.2,17.9,66.625,2026,4,25
2026-04-26,0.0,0.0,24.18541666666667,29.9,18.5,61.333333333333336,2026,4,26
2026-04-27,0.0,0.0,23.110869565217392,27.2,19.9,72.3768115942029,2026,4,27
2026-04-28,4.1,5.0,21.135416666666664,26.8,18.4,85.1875,2026,4,28
2026-04-29,0.2,0.2,21.28333333333333,29.3,17.1,82.89583333333333,2026,4,29
2026-04-30,4.9,5.8,19.78161231884058,26.1,17.1,81.98641304347825,2026,4,30
2026-05-01,0.1,0.2,21.05,27.7,17.9,79.875,2026,5,1
2026-05-02,0.0,0.0,21.854166666666664,29.0,18.3,75.35416666666667,2026,5,2
2026-05-03,1.3,0.6,17.69375,21.6,14.6,81.14583333333333,2026,5,3
2026-05-04,0.0,0.0,18.4375,27.0,14.8,78.04166666666666,2026,5,4
2026-05-05,0.1,0.2,21.433333333333334,29.0,17.1,75.39583333333334,2026,5,5
2026-05-06,0.1,0.2,22.445561594202896,29.2,17.7,71.71105072463769,2026,5,6
2026-05-07,0.0,0.0,22.967844202898554,29.3,18.3,63.013586956521735,2026,5,7
2026-05-08,0.0,0.0,24.06875,27.4,20.9,56.4375,2026,5,8
2026-05-09,0.0,0.0,23.26875,26.9,19.2,62.95833333333333,2026,5,9
2026-05-10,20.6,5.0,15.283333333333331,21.2,11.8,90.25,2026,5,10
2026-05-11,0.6000000000000001,0.4,13.1125,19.6,7.2,73.875,2026,5,11
2026-05-12,0.1,0.2,13.962499999999999,21.1,9.7,75.8125,2026,5,12
2026-05-13,0.1,0.2,16.62291666666667,25.0,10.9,68.77083333333334,2026,5,13
2026-05-14,0.1,0.2,18.075,26.8,13.2,71.6875,2026,5,14
2026-05-15,4.6,1.6,17.09166666666667,19.7,15.5,83.9375,2026,5,15
2026-05-16,0.4,0.4,18.995833333333334,26.4,14.9,81.66666666666667,2026,5,16
2026-05-17,14.800000000000002,10.4,18.952083333333334,21.6,16.9,87.22916666666666,2026,5,17
2026-05-18,1.2000000000000002,0.8,17.677083333333336,20.5,15.9,87.54166666666666,2026,5,18
2026-05-19,2.0,3.0,16.388068181818184,18.1,15.0,89.10984848484848,2026,5,19
2026-05-20,1.1,0.8,16.736666666666665,20.6,15.2,87.325,2026,5,20
2026-05-21,0.7000000000000001,0.4,15.07767857142857,16.7,13.2,87.72321428571428,2026,5,21
2026-05-22,0.7000000000000001,0.2,14.205253623188405,15.9,13.3,89.55163043478261,2026,5,22
2026-05-23,9.2,5.0,15.39375,16.7,14.0,92.08333333333334,2026,5,23
2026-05-24,0.8,0.6,17.454166666666666,23.5,16.1,92.54583333333333,2026,5,24
2026-05-25,0.1,0.2,17.198958333333334,22.7,15.0,86.58333333333334,2026,5,25
2026-05-26,0.0,0.0,20.15625,26.6,15.9,79.08333333333333,2026,5,26
2026-05-27,0.1,0.2,18.62708333333333,24.4,14.7,85.22916666666667,2026,5,27
2026-05-28,0.0,0.0,15.852083333333333,21.7,12.7,75.97916666666666,2026,5,28
2026-05-29,0.0,0.0,15.689583333333333,20.9,13.0,79.85416666666666,2026,5,29
2026-05-30,0.0,0.0,16.908522727272725,22.6,14.7,81.33143939393939,2026,5,30
2026-05-31,0.0,0.0,16.58269927536232,21.6,14.4,80.92300724637681,2026,5,31
2026-06-01,0.0,0.0,15.364583333333332,20.8,12.4,80.54166666666666,2026,6,1
2026-06-02,0.0,0.0,14.872916666666669,20.2,11.3,81.1875,2026,6,2
2026-06-03,0.5,0.6,16.44139492753623,21.5,14.0,79.90307971014492,2026,6,3
2026-06-04,0.0,0.0,16.519202898550724,21.0,14.2,81.02989130434783,2026,6,4
2026-06-05,0.1,0.2,15.791666666666666,21.1,12.4,77.41666666666666,2026,6,5
2026-06-06,0.0,0.0,16.383333333333333,23.1,11.9,69.58333333333334,2026,6,6
2026-06-07,0.1,0.2,16.20996376811594,23.5,10.5,68.28985507246378,2026,6,7
2026-06-08,0.1,0.2,16.694583333333334,23.9,11.2,65.65833333333333,2026,6,8
2026-06-09,0.1,0.2,17.270833333333336,23.1,12.0,63.06249999999999,2026,6,9
2026-06-10,1.2,0.8,16.702083333333334,23.6,12.2,74.64583333333334,2026,6,10
2026-06-11,18.8,4.4,16.630871212121214,19.8,15.2,88.19318181818181,2026,6,11
2026-06-12,6.2,5.2,16.427083333333332,19.9,13.4,87.33333333333334,2026,6,12
2026-06-13,0.5,0.4,19.237499999999997,22.1,17.2,79.25,2026,6,13
2026-06-14,0.30000000000000004,0.4,18.5375,21.5,16.7,81.97916666666666,2026,6,14
2026-06-15,17.200000000000003,6.2,16.04945652173913,18.3,14.1,91.73731884057972,2026,6,15
2026-06-16,0.4,0.2,15.166666666666668,18.8,13.7,88.41666666666666,2026,6,16
2026-06-17,0.0,0.0,15.152083333333334,21.4,11.0,76.95833333333334,2026,6,17
2026-06-18,0.2,0.2,13.631250000000001,19.4,10.4,74.72916666666666,2026,6,18
2026-06-19,0.0,0.0,15.872916666666667,24.9,10.8,70.125,2026,6,19
2026-06-20,0.7,1.0,18.320833333333333,23.2,14.1,70.3125,2026,6,20
2026-06-21,3.9,3.6,15.793750000000001,22.2,11.2,75.22916666666667,2026,6,21
2026-06-22,0.30000000000000004,0.2,17.43958333333333,26.2,11.2,68.22916666666667,2026,6,22
2026-06-23,25.7,9.8,18.596527777777776,21.9,13.1,71.22916666666667,2026,6,23
2026-06-24,36.699999999999996,8.2,12.434313725490195,13.6,10.6,94.98284313725489,2026,6,24
2026-06-25,0.9,0.4,11.295238095238094,13.3,9.9,93.81845238095238,2026,6,25
2026-06-26,0.8,0.2,14.4375,20.1,10.5,91.83333333333334,2026,6,26
2026-06-27,0.2,0.2,18.30625,25.6,13.5,82.9375,2026,6,27
2026-06-28,0.1,0.2,19.179166666666667,26.4,14.6,78.79166666666667,2026,6,28
2026-06-29,0.0,0.0,19.244166666666665,26.6,15.7,76.34166666666667,2026,6,29
2026-06-30,0.0,0.0,20.14465579710145,26.7,15.9,74.1965579710145,2026,6,30
2026-07-01,0.0,0.0,19.777499999999996,27.3,14.8,70.075,2026,7,1
2026-07-02,0.0,0.0,20.392769607843135,27.3,15.2,68.9718137254902,2026,7,2
2026-07-03,0.1,0.2,18.602916666666665,26.1,14.4,75.0375,2026,7,3
2026-07-04,0.2,0.2,15.25625,21.0,11.7,87.77083333333334,2026,7,4
2026-07-05,0.0,0.0,14.247916666666665,21.5,11.9,87.52083333333334,2026,7,5
2026-07-06,0.0,0.0,16.7625,24.5,12.6,79.0625,2026,7,6
2026-07-07,0.1,0.2,15.656249999999998,19.9,13.0,83.25,2026,7,7
2026-07-08,0.0,0.0,15.1,22.9,12.3,81.5,2026,7,8
2026-07-09,0.0,0.0,15.082127192982455,23.0,11.3,80.14473684210526,2026,7,9
2026-07-10,0.1,0.2,17.829166666666666,26.2,10.5,65.83333333333334,2026,7,10
2026-07-11,0.0,0.0,18.803179824561404,27.4,12.7,60.42214912280702,2026,7,11
2026-07-12,9.399999999999999,6.6,17.16815476190476,22.4,13.0,82.64880952380952,2026,7,12
2026-07-13,0.0,0.0,12.997916666666665,17.5,10.0,78.02083333333334,2026,7,13
2026-07-14,0.0,0.0,12.420833333333334,18.0,9.1,82.0625,2026,7,14
2026-07-15,0.0,0.0,14.4375,21.3,11.0,74.97916666666666,2026,7,15
2026-07-16,0.1,0.2,16.093333333333334,25.8,10.6,69.09583333333333,2026,7,16
2026-07-17,0.0,0.0,16.913480392156863,24.8,11.0,60.450980392156865,2026,7,17
2026-07-18,0.0,0.0,18.07164855072464,24.4,11.7,52.64492753623189,2026,7,18
2026-07-19,0.0,0.0,18.939583333333335,25.5,11.8,51.89583333333333,2026,7,19
2026-07-20,0.0,0.0,20.47083333333333,27.2,14.1,51.125,2026,7,20
2026-07-21,0.0,0.0,21.110416666666666,27.8,15.8,48.416666666666664,2026,7,21
2026-07-22,0.0,0.0,19.141666666666666,23.1,15.9,59.50000000000001,2026,7,22
2026-07-23,1.9000000000000001,1.2,17.732083333333335,23.2,13.9,78.14166666666667,2026,7,23
2026-07-24,0.0,0.0,14.704464285714284,16.2,13.3,89.95833333333334,2026,7,24
2026-07-25,0.5,0.4,16.072916666666664,20.1,13.8,85.8125,2026,7,25
2026-07-26,0.0,0.0,17.90625,25.7,12.6,70.89583333333334,2026,7,26
2026-07-27,0.0,0.0,19.479891304347824,27.6,13.3,65.64855072463769,2026,7,27
2026-07-28,0.0,0.0,20.991666666666667,28.6,14.9,61.49999999999999,2026,7,28
2026-07-29,0.4,0.6,20.45919117647059,29.4,15.2,62.24142156862745,2026,7,29
2026-07-30,0.2,0.2,16.497619047619047,22.2,12.8,78.63392857142857,2026,7,30
2026-07-31,0.0,0.0,16.852355072463766,22.9,14.4,79.10326086956522,2026,7,31
2026-08-01,0.0,0.0,18.995833333333334,26.7,13.8,70.4375,2026,8,1
2026-08-02,0.0,0.0,20.422916666666666,28.6,14.1,59.81250000000001,2026,8,2
2026-08-03,0.0,0.0,18.69867424242424,25.8,13.3,69.05492424242425,2026,8,3
2026-08-04,0.1,0.2,19.079166666666666,26.0,14.7,67.43055555555556,2026,8,4
2026-08-05,0.0,0.0,21.356250000000003,28.6,16.0,56.66666666666667,2026,8,5
2026-08-06,4.0,5.2,21.64963768115942,27.2,15.7,62.199275362318836,2026,8,6
2026-08-07,0.4,0.8,21.227083333333333,24.1,18.1,61.333333333333336,2026,8,7
2026-08-08,2.4,1.6,21.99375,28.8,17.0,72.83333333333333,2026,8,8
2026-08-09,0.0,0.0,20.703219696969697,26.1,14.9,74.88636363636364,2026,8,9
2026-08-10,2.8,2.8,14.629861111111111,16.3,13.0,92.47916666666667,2026,8,10
2026-08-11,0.1,0.2,13.729276315789473,17.2,12.4,90.32785087719299,2026,8,11
2026-08-12,0.0,0.0,16.93541666666667,24.6,13.7,84.9375,2026,8,12
2026-08-13,0.1,0.2,21.225,30.2,14.9,71.58333333333334,2026,8,13
2026-08-14,2.8,5.6,18.9625,25.2,16.5,85.875,2026,8,14
2026-08-15,21.4,18.8,18.477083333333333,22.7,16.1,87.08333333333334,2026,8,15
2026-08-16,0.0,0.0,19.433333333333334,27.1,15.6,80.22916666666667,2026,8,16
2026-08-17,0.0,0.0,20.938257575757575,29.4,16.0,74.90151515151516,2026,8,17
2026-08-18,0.0,0.0,23.393749999999997,30.7,17.1,60.0625,2026,8,18
2026-08-19,0.0,0.0,23.049909420289858,31.3,16.9,61.40851449275362,2026,8,19
2026-08-20,0.0,0.0,22.88791666666667,31.9,16.0,60.42916666666667,2026,8,20
2026-08-21,0.0,0.0,21.331702898550724,25.7,14.2,53.841485507246375,2026,8,21
2026-08-22,0.0,0.0,15.88125,22.8,13.0,73.79166666666666,2026,8,22
2026-08-23,0.0,0.0,16.25,23.0,13.3,73.54166666666667,2026,8,23
2026-08-24,0.0,0.0,14.65625,17.6,12.8,87.625,2026,8,24
2026-08-25,0.0,0.0,15.135416666666668,19.1,13.0,89.04166666666667,2026,8,25
2026-08-26,0.0,0.0,18.01875,23.5,14.3,81.625,2026,8,26
2026-08-27,0.5,0.2,20.96875,28.0,16.2,71.16666666666666,2026,8,27
2026-08-28,0.0,0.0,22.90208333333333,32.3,15.6,65.70833333333334,2026,8,28
2026-08-29,0.0,0.0,24.70625,30.4,20.9,59.15972222222222,2026,8,29
2026-08-30,6.7,13.0,21.043055555555554,27.5,17.3,83.00694444444444,2026,8,30
2026-08-31,6.300000000000001,5.4,19.649305555555557,23.5,17.6,89.39583333333334,2026,8,31
